date,grid_original_kwh,grid_effective_kwh,emergency_kwh,original_cost_yuan,increase_cost_yuan,decrease_adjustment_yuan,contract_cost_yuan,emergency_cost_yuan,total_cost_yuan,charge_actual_kwh,discharge_actual_kwh,surplus_kwh,unused_grid_kwh,pv_curtailment_kwh,energy_start_actual_kwh,energy_end_actual_kwh
2025-02-01,45673.89138225631,41819.35086574205,0.0,19852.640225550633,0.284416214362766,-918.4153265435679,18934.50931522143,0.0,18934.50931522143,19676.493773274804,15403.89388320912,3168.5750423430386,1367.0695925721102,1801.5054497709284,7268.4231640740745,7861.829912011262
2025-02-02,84203.36958583778,80325.84330386885,0.0,61306.976327859076,2.224286110061067,-1548.2173411455535,59760.983272823585,0.0,59760.983272823585,15898.368730371041,17638.187385326626,3709.3840088244433,3709.3840088244433,0.0,7861.829912011262,2572.375785648947
2025-02-03,92233.76523541131,86739.00519230054,0.0,66975.4844736558,4.032026305537478,-2407.3957235919916,64572.120776369346,0.0,64572.120776369346,21854.115423980988,17704.34491587505,2372.318184194604,2372.318184194604,0.0,2572.375785648947,2569.5853162595504
2025-02-04,95454.51409872742,89221.516461569,0.0,69882.34082484005,0.12512192098581557,-2652.342685987614,67230.12326077343,0.0,67230.12326077343,21894.34110006009,17758.734058231632,3891.045469740547,3890.6936864072136,0.3517833333332874,2569.5853162595504,2542.565574945152
2025-02-05,88838.23004407749,86856.96124629237,0.0,64214.09113766345,208.3215340657778,-946.0906855295101,63476.32198619971,0.0,63476.32198619971,21993.345604394966,18222.56853446383,2337.7571930278996,2337.7571930278996,0.0,2542.565574945152,2089.2782472741496
2025-02-06,95923.52415649957,87570.99948218623,0.0,70003.90580736609,0.07033317009332082,-3607.222915482975,66396.7532250532,0.0,66396.7532250532,22261.72750987248,17624.748539818225,2662.9632954653157,2662.9632954653157,0.0,2089.2782472741496,2541.77907302802
2025-02-07,54350.00648084335,50130.83419648526,1.677742671752946,22467.30941884881,1.150350197717443,-933.711931205365,21534.74783784116,3.3915568109485803,21538.13939465211,27241.65858022682,15365.216643443548,6450.390335707073,1193.3219605842519,5257.068375122821,2541.77907302802,9986.808858072658
2025-02-08,32817.24103155679,33136.45239535898,106.18525580441236,13759.586463937383,322.02134698525566,-0.16193190934053664,14081.445879013298,463.803015753958,14545.248894767255,17778.180576595827,17358.42391233594,1245.718270236838,0.007131885660141489,1245.7111383511779,9986.808858072658,6700.033696635632
2025-02-09,81359.88767367437,79923.37609334543,46.95440822117416,59279.363313286914,0.06262009138869615,-667.0316185758251,58612.39431480248,253.1689516846764,58865.56326648715,15932.923581684381,17453.06441874407,1935.0553719596332,1935.0553719596332,0.0,6700.033696635632,1647.371121547057
2025-02-10,83962.4602393906,78982.30313475295,0.0,58085.37823115761,0.052223628309992914,-2040.4552547761496,56044.975200009765,0.0,56044.975200009765,20905.48933049329,16806.588625762386,556.7648466887129,556.7648466887129,0.0,1647.371121547057,1788.3241570328096
2025-02-11,83475.1033595579,79250.74436562929,56.18393396169317,58560.78194309515,0.33086807634679705,-1924.403240474902,56636.70957069659,287.3526515173968,56924.06222221399,22391.937258550653,18429.957769939232,124.35167764622567,124.35167764622567,0.0,1788.3241570328096,1463.3368342403628
2025-02-12,84709.14584380107,79734.12991087632,211.09989752344592,58549.756768916726,0.11404529830228756,-2054.1306419381945,56495.74017227683,1182.6047050019604,57678.34487727879,22679.20018150264,18397.149995033917,396.4434885977037,396.4434885977037,0.0,1463.3368342403628,1433.3392253328425
2025-02-13,79675.52276383719,76998.079794939,76.65743645240889,53934.77415989461,6.807874940876962,-1008.1552897008781,52933.42674513461,178.73419959835996,53112.16094473297,21767.88342694778,17336.27226354177,1313.6470513187296,1295.1809013187294,18.46615000000014,1433.3392253328425,1761.9095723172113
2025-02-14,46060.70470769809,45787.293167916265,52.077208969466426,18123.95714598002,573.1190961443365,-133.79921642057698,18563.27702570378,209.22020695751903,18772.4972326613,29264.060716875934,16614.137230301298,3387.6450736444317,378.45027631304305,3009.1947973313886,1761.9095723172113,9639.411739392996
2025-02-15,36646.01246077079,35146.84318078718,154.42567763540308,15747.51283344102,0.00010210507952805111,-342.507461633968,15405.005473912131,454.8078843459298,15859.813358258061,20101.69267827267,17190.878737793333,3110.3638179432473,119.55056715950715,2990.8132507837404,9639.411739392996,8629.958774512479
2025-02-16,77200.79028903332,71298.23990831329,777.6892026025736,55605.99885636936,20.492705575828918,-2595.8707171768615,53030.620844768324,4096.258342291741,57126.87918706007,14553.868194207082,18103.10074151275,247.7825582215355,247.7825582215355,0.0,8629.958774512479,1613.8837698402417
2025-02-17,84831.1103644603,75252.8539996609,246.2448655138424,58160.353507711414,29.18423092004675,-3735.6357616970886,54453.90197693437,1210.9612228542483,55664.86319978862,20539.499241566366,16797.846698018322,573.5831549600397,451.0062424333986,122.57691252664114,1613.8837698402417,1435.1589783407321
2025-02-18,75874.24161108586,75781.99486171875,442.44162906654856,50872.304635222674,27.00489780877363,-58.81169118340244,50840.497841848046,2264.4052928121455,53104.90313466019,20195.777852627903,16074.151611548872,11.422466372926692,11.422466372926692,0.0,1435.1589783407321,1751.1905884293233
2025-02-19,75793.28218378832,76516.48059092803,124.91598908676485,51345.62972480936,729.3665868706804,-1.0962178192940495,52073.90009386075,415.0709615708632,52488.97105543161,20769.310787327755,17215.163591177996,207.9220005316946,207.9220005316946,0.0,1751.1905884293233,1315.610751270975
2025-02-20,79802.20635173749,76542.4224592739,100.54088015764182,53890.30946090699,109.17681143348437,-1288.539974222277,52710.94629811819,564.8152681751293,53275.761566293324,22098.47481115762,17696.993280458337,1248.3480753989274,1245.148358732261,3.1997166666666104,1315.610751270975,1540.9122141369019
2025-02-21,43652.23585675061,43734.022843164275,386.4236012968177,17691.98768479835,83.73830773138424,-0.0007146167839414574,17775.72527791295,754.657809426744,18530.383087339695,29126.248073204668,16309.851686851413,5743.788024774507,0.0,5743.788024774507,1540.9122141369019,9632.478050186202
2025-02-22,31224.889403651458,30837.37571385798,165.72845590452795,13640.78583000458,28.769131144231935,-109.39975676778221,13560.155204381028,306.6251560996265,13866.780360480656,16864.073403601953,17033.006375366167,3327.2742581933867,199.15872255797711,3128.1155356354097,9632.478050186202,5884.581474132222
2025-02-23,74045.52446238462,71330.6571075046,223.7074256905186,50724.26376805687,1.9771698180626156,-1127.4488828675617,49598.792055007376,1090.433076765739,50689.22513177311,17220.78829945644,17727.778429132257,529.5009795375977,529.5009795375977,0.0,5884.581474132222,1685.7593557182888
2025-02-24,74828.17794063635,73167.92143545467,127.95011680685502,50691.49562619815,237.97325273312595,-858.2933667721212,50071.175512159156,688.7625798654642,50759.93809202462,19771.11263894634,15951.447692027217,1273.1729886757312,491.3082042845981,781.8647843911331,1685.7593557182888,1755.9299618508655
2025-02-25,77974.89788629122,71452.77020223715,200.0088752239089,51647.78902907134,0.024114675518433278,-2458.6402766978845,49189.172867048976,1182.7941974214257,50371.9670644704,20386.323049338236,16662.458718127935,2107.591512917427,1573.1522916780787,534.4392212393482,1755.9299618508655,1589.7776861131265
2025-02-26,71820.12845020765,73436.81485223165,0.0,47494.13770533176,1863.5112839568485,-0.5963446437493101,49357.052644644864,0.0,49357.052644644864,21394.357677779884,16911.51009399795,139.119235116379,139.119235116379,0.0,1589.7776861131265,2054.132825006189
2025-02-27,72242.50809513524,72242.50809513524,11.192876966540553,47004.777430858754,0.0,0.0,47004.777430858754,34.528219537527114,47039.30565039628,22340.695841908724,18260.19253303562,1216.613463228681,951.9894038604609,264.6240593682201,2054.132825006189,1871.6562682400202
2025-02-28,41994.60671516087,42188.923301759176,271.38113287271534,16635.88707851857,201.1385201763074,-0.07065397233828037,16836.95494472254,530.0531254914633,17367.008070214004,27313.624427133273,14999.315754615674,6853.402212114292,177.71650127074125,6675.685710843551,1871.6562682400202,9788.01185864256
2025-03-01,34944.946838799806,31700.375250214922,1.666672942854177,14374.162776581832,1.4193684783987237e-05,-571.1318177736507,13803.030973001867,3.0883449631087903,13806.119317964976,14866.082949863034,15017.848523155813,8195.041563117222,121.09400274062746,8073.947560376594,9788.01185864256,6480.98815445727
2025-03-02,76005.30162665246,73116.75801251901,63.274584832115465,52587.51118279951,1182.7524440719544,-1499.533990265224,52270.729636606244,370.2828704375397,52641.012507043786,15271.09090856137,16565.77948348084,2116.4141056039407,2116.4141056039407,0.0,6480.98815445727,1818.548323850459
2025-03-03,83310.61476600441,76978.50898598609,0.0,56359.57306402105,617.3948631891354,-2672.4405730742,54304.52735413599,0.0,54304.52735413599,22040.01660483755,18064.7596632332,986.1054110484025,885.9131085961268,100.19230245227581,1818.548323850459,1582.6080868340348
2025-03-04,74537.04369637526,73768.09256736662,55.859894082819324,49249.388862719374,467.71867269906636,-430.1795450342152,49286.927990384225,288.5923931652888,49575.52038354951,20053.22985665863,16093.579161631049,664.8438330885308,356.90109529601654,307.9427377925142,1582.6080868340348,1748.7603337923047
2025-03-05,78833.09685943503,71508.96145205603,52.60380626224021,51159.55141699728,0.0001223690048754577,-2590.290653763206,48569.260885603086,252.516512771132,48821.777398374215,20255.0466250973,16063.064680956732,1239.1112975110386,1239.1112975110386,0.0,1748.7603337923047,2130.4526508723966
2025-03-06,72916.61521369746,70753.27821708449,0.0,47315.18780278389,15.303312403394044,-713.3888227005768,46617.10229248671,0.0,46617.10229248671,20764.293661980573,17163.913544102732,1212.2439658733035,957.2331566678429,255.0108092054607,2130.4526508723966,1747.3018976518815
2025-03-07,43180.1186158027,41770.73544562892,0.0,17324.034830395565,0.002856555129031659,-416.2967281889093,16907.740958761784,0.0,16907.740958761784,25425.325956858713,13166.639544879159,8589.763500316029,188.95287960213804,8400.81062071389,1747.3018976518815,10000.495764514546
2025-03-08,28004.87973864124,28004.6923892074,402.7325149531249,11704.423121053034,9.634741873304042,-3.3341236715237277,11710.723739254814,846.8083269635935,12557.532066218408,16795.4588958269,16391.378672317824,8940.205163984781,169.85516609130917,8770.349997893472,10000.495764514546,6903.765801516736
2025-03-09,69215.11410608822,62727.62489001736,0.0,45372.46589254174,0.03463061826195058,-2196.9989696946136,43175.50155346539,0.0,43175.50155346539,16692.055987133204,17805.23008924803,507.2739421321828,507.2739421321828,0.0,6903.765801516736,2143.027201883262
2025-03-10,71152.47808859553,72174.88585797786,94.87575329597588,46837.81807542269,1184.3730769383358,-50.056995125998114,47972.134157235036,444.8883981836203,48417.022555418655,21483.193488605022,17697.998698570194,442.4953712390163,442.4953712390163,0.0,2143.027201883262,1813.458343216456
2025-03-11,63660.1481702392,68818.31528756875,0.0,40967.50830741133,4633.516946374698,-35.95753121091927,45565.067722575106,0.0,45565.067722575106,22028.160688756616,17477.780343703427,329.0161425155561,329.0161425155561,0.0,1813.458343216456,2219.0470256491603
2025-03-12,72659.80194123815,66368.51768407224,0.0,46803.35296492572,0.1554479994553136,-2197.9333350445504,44605.575077880625,0.0,44605.575077880625,20300.74673050109,16911.530258176997,543.7665284148179,543.7665284148179,0.0,2219.0470256491603,1699.1299073479306
2025-03-13,72920.70942240798,72693.22065913056,74.35284643012666,47298.46764071854,362.6556917183304,-218.47371395417264,47442.6496184827,326.56029002272317,47769.20990850542,21590.149015133695,17448.577996648688,1080.3844704090102,1058.239810646929,22.14465976208107,1699.1299073479306,1742.9551358030492
2025-03-14,38460.10901328155,38705.50449317043,393.30813766917385,14812.676199623304,255.21957772677197,-0.08387222974740903,15067.811905120328,754.3117876789884,15822.123692799318,24673.837624265063,12670.89843370086,11066.44745694207,164.43211512392025,10902.01534181815,1742.9551358030492,9870.63296019621
2025-03-15,28654.82087946654,29070.101709937815,78.92537165918378,11764.809851229824,410.49434506780636,-0.23723691745552278,12175.066959380174,139.63911997334228,12314.706079353517,18245.971693280593,17085.909360143698,7064.839598460104,151.40172501068656,6913.437873449418,9870.63296019621,7307.663750655743
2025-03-16,63846.977858972394,62845.72310525189,0.0,42725.58214076262,554.0104639900939,-727.2160757579568,42552.37652899476,0.0,42552.37652899476,14829.371949009303,16635.776030089615,1301.0802529988687,1301.0802529988687,0.0,7307.663750655743,2169.9029157756577
2025-03-17,65437.74210393492,62196.48059063154,0.0,40111.102916976895,90.86440229813587,-821.8181370054031,39380.149182269626,0.0,39380.149182269626,21250.86836255886,17258.58355417381,346.0643489131562,346.0643489131562,0.0,2169.9029157756577,2119.4804929966235
2025-03-18,73539.52747752886,65733.65148436387,0.0,46863.494402143944,0.5516307832357484,-2587.529416195496,44276.516616731686,0.0,44276.516616731686,19519.232179769486,16135.437180102399,1223.8981180301155,745.8260114498947,478.0721065802208,2119.4804929966235,1758.5259213420552
2025-03-19,61738.71965342869,65145.62607836241,0.0,38571.45507238812,3006.362625909034,-87.52071940902084,41490.29697888813,0.0,41490.29697888813,21808.583758366844,17087.856104343453,959.4279743390193,601.31821459788,358.1097597411393,1758.5259213420552,2399.744521268379
2025-03-20,68878.18205925882,65815.57885644525,80.52127944112195,44495.06929105947,0.5130357680178692,-1197.2345202246338,43298.347806602855,416.48207312845216,43714.82987973131,20653.84263216431,17044.02968723072,77.32537428611795,77.32537428611795,0.0,2399.744521268379,2050.392126626579
2025-03-21,38077.07579746134,37825.00198881629,475.9105803793802,14657.345690674276,102.10512039354948,-100.11748441612008,14659.333326651704,814.2689298000778,15473.602256451783,25140.28829131176,13438.786087731462,14565.945848948712,297.12708228204684,14268.818766666665,2050.392126626579,9744.667046883316
2025-03-22,28622.200023898444,28318.81945720128,0.0,11986.771429989743,4.75661913705153e-05,-97.02691628345549,11889.74456127248,0.0,11889.74456127248,17727.031574872744,16539.444498370565,11250.032647365768,402.1949594334683,10847.837687932299,9744.667046883316,7321.834910523709
2025-03-23,65142.98059327593,58956.30651241685,0.0,41660.70462903924,0.6007850788708421,-2067.68452776134,39593.62088635677,0.0,39593.62088635677,14125.7802021499,16354.560073818515,2415.3662674188013,1264.6942760062905,1150.6719914125106,7321.834910523709,1863.3036771047116
2025-03-24,66920.7160021037,63464.10869776475,0.0,41411.8306451948,224.95600078491734,-987.2992397160355,40649.48740626368,0.0,40649.48740626368,20664.81836569112,16744.207231795488,1545.00048053578,1204.8777652641968,340.1227152715834,1863.3036771047116,1856.9655042317288
2025-03-25,73807.98188443917,64659.2618689285,30.514855417293255,46242.34175777358,0.15582362114076012,-2988.315783433373,43254.18179796135,142.82126452873956,43397.00306249009,21027.532452910695,17297.83453701951,9.954091787943184,9.954091787943184,0.0,1856.9655042317288,1561.928559607446
2025-03-26,63752.08826392545,60570.72157892139,0.0,39546.25312193909,329.8472076945229,-1196.906987622472,38679.19334201114,0.0,38679.19334201114,21493.99932088119,17314.779507183506,798.9468985570379,709.9526133433143,88.99428521372369,1561.928559607446,1667.884051529958
2025-03-27,68494.97166939845,63930.56367822528,18.426734361337708,42290.68274795088,1.2983491080696357,-1596.423220823957,40695.55787623499,42.32956650696178,40737.88744274195,21270.679189030096,16489.965526140964,451.2873496974832,249.67021030479813,201.6171393926851,1667.884051529958,2489.3114037226337
2025-03-28,38024.52909669664,38024.52909669664,125.92143787089918,14634.012611867296,0.0,0.0,14634.012611867296,227.53130423494525,14861.543916102242,24139.632253277632,12569.572928148129,15758.51044277137,288.12804309502087,15470.38239967635,2489.3114037226337,10248.788289285694
2025-03-29,25027.814784295446,25455.425282667406,179.30296760127942,9927.755338132507,412.54980530560067,-0.010014366466640962,10340.295129071641,370.36932750257876,10710.664456574219,16384.83826785173,17004.412638454574,18547.093437538195,0.0,18547.093437538195,10248.788289285694,6101.3509098471695
2025-03-30,62353.2612651783,54471.15217780152,389.11587395294174,38282.10914648345,0.01163861261637743,-2247.975993703271,36034.1447913928,1847.0426424576783,37881.18743385048,16311.63845174271,16966.444345477015,169.4542454887711,169.4542454887711,0.0,6101.3509098471695,1930.2206881078112
2025-03-31,58237.88227235742,60854.96246817529,81.25513281986014,35732.554221408995,1864.9568674863194,-0.6983870229145633,37596.8127018724,377.1417016045507,37973.95440347695,21019.865801197633,17137.03137517771,101.99369164189602,101.99369164189602,0.0,1930.2206881078112,1806.9539367660007
2025-04-01,69383.78849920184,65671.24072191484,143.61956251538174,43131.95932294414,874.3042473705588,-1232.2632400361053,42774.00033027859,385.6233118274007,43159.623642105995,18746.15470762795,15210.167903815625,2070.021963951239,896.2613306179061,1173.7606333333329,1806.9539367660007,1778.3066138360161
2025-04-02,65326.43662397427,66035.11123162204,139.00001329632335,39757.02045599578,1811.3749666060955,-206.2283231846063,41362.16709941727,447.17978721984986,41809.34688663712,19364.047026959033,15788.825253190407,2163.5540711497347,874.6208323329593,1288.9332388167752,1778.3066138360161,1662.8097678875836
2025-04-03,66830.08963511117,62035.58882847161,0.0,41716.304326573656,39.45692346137563,-1384.129794758424,40371.631455276605,0.0,40371.631455276605,20292.44837362444,16465.388660144952,2344.998848325458,1463.9507826892814,881.0480656361767,1662.8097678875836,1631.1370150996338
2025-04-04,35600.143183059896,36518.771439863376,225.13683490713578,12960.354333947254,962.1070392327268,-0.9942558590114308,13921.46711732097,403.42158757160206,14324.888704892572,24575.905449775626,12776.354775910511,18513.555350905393,231.32248277588695,18282.232868129508,1631.1370150996338,9553.502168886023
2025-04-05,28147.698460533713,29276.76042653537,0.0,10923.559323327732,1079.257301288376,-0.0011875980186994866,12002.81543701809,0.0,12002.81543701809,19619.417883376664,15920.34202691362,13533.569586738991,93.61294003337127,13439.956646705621,9553.502168886023,9521.709345132116
2025-04-06,55106.63749941266,52006.522662482974,0.0,34602.90846360452,1334.9567123750335,-939.5801492244632,34998.28502675509,0.0,34998.28502675509,11435.017864275158,16237.131149612938,2398.559681154087,1427.1622335222883,971.3974476317983,9521.709345132116,1771.9685900764948
2025-04-07,55404.070562503504,57962.925813379865,58.535406294513905,33334.33632642618,2798.326135704187,-28.64752032147873,36104.014941808884,140.14504768397285,36244.15998949286,19753.535875746056,16294.283222786165,1319.4892833811577,530.0025834088566,789.486699972301,1771.9685900764948,1445.3917418188732
2025-04-08,64999.29931201601,60519.734512535884,0.0,39598.831468534874,288.0933206628227,-1263.295702518404,38623.6290866793,0.0,38623.6290866793,20206.894663410054,16368.272541796134,2327.9187742552986,1133.3296794470857,1194.5890948082128,1445.3917418188732,1444.6274480033321
2025-04-09,63129.43027149403,65611.72406460533,0.0,38316.8103145745,2863.1326810512173,-248.7908904816682,40931.15210514404,0.0,40931.15210514404,20459.64305717616,16370.922430654688,2388.6924214171822,1679.2295231758847,709.4628982412975,1444.6274480033321,1668.3923876233337
2025-04-10,61555.734959139714,60802.43415720245,14.083555262181946,38031.856000884356,1241.746691438154,-839.9302036342054,38433.67248868831,92.03603363835902,38525.70852232667,20608.62863616436,16574.6179687963,2321.869145096572,998.8925940409578,1322.9765510556144,1668.3923876233337,1799.915972619813
2025-04-11,34655.04523926453,35669.72292886386,154.39536593032824,12806.683014188406,1010.7727493948386,-8.345660115764986e-07,13817.45576274868,352.94780651673034,14170.403569265409,23427.6690657449,12098.255375652196,19178.054438034822,0.0,19178.054438034822,1799.915972619813,9442.312158843333
2025-04-12,24426.78467481875,24197.889437675454,0.0,9818.469514782017,5.516723764652587,-65.1730473173479,9758.813191229321,0.0,9758.813191229321,14903.347427002622,15411.66241741656,15681.043878089393,226.54039714628385,15454.503480943109,9442.312158843333,5731.255490460626
2025-04-13,53844.46881152508,54582.72146735786,0.0,33327.97176299571,986.0319911054122,-3.862775330757374,34310.14097877037,0.0,34310.14097877037,15828.259072849429,16477.86577252685,955.969683701941,392.7641350695304,563.2055486324106,5731.255490460626,1667.9489087730556
2025-04-14,61545.78249336312,55916.541642874945,287.9399341520223,37096.745510140776,0.20459180823645798,-1847.6268688296461,35249.323233119365,1265.2351455439114,36514.55837866328,19972.465068207443,16296.015291180476,0.0,0.0,0.0,1667.9489087730556,1536.4838132925659
2025-04-15,54441.031645769326,56814.99642457666,0.0,32470.889915489366,2610.1918894535456,-83.80380504372317,34997.27799989919,0.0,34997.27799989919,20678.394504683278,16461.6545882154,2458.827674775448,398.50852365312517,2060.319151122323,1536.4838132925659,1856.31154726818
2025-04-16,60038.41447629504,60929.79558336582,0.0,36124.33546507228,1928.452036160229,-159.84209607437825,37892.945405158134,0.0,37892.945405158134,19194.365960587165,15676.478793907092,1632.316466685745,824.3861685162784,807.9302981694666,1856.31154726818,1712.9311407887435
2025-04-17,54968.96985903148,58461.72792432032,0.0,33498.25670923072,2654.1908847272475,-7.735516689072895,36144.712077268894,0.0,36144.712077268894,20678.810245403012,16325.179079536714,1239.7544084540275,820.4682123561716,419.28619609785585,1712.9311407887435,2184.7724954995474
2025-04-18,34738.16593312795,35335.27075128547,209.4390802540154,12753.659672910417,568.2375819800491,-0.8505704612298165,13321.046684429237,377.8408078192472,13698.887492248483,23261.211682719786,11846.406787153779,17775.78775264014,404.51210447828953,17371.27564816185,2184.7724954995474,9957.188801998715
2025-04-19,22224.6594214027,23317.929204387106,0.0,8521.012682007897,1049.2568364529009,-3.1721591682760275,9567.09735929252,0.0,9567.09735929252,16999.34583908588,17470.614362807773,17004.518478109,520.0016327918662,16484.51684531713,9957.188801998715,5844.8063207229225
2025-04-20,51179.23460998219,52767.59896592006,0.0,31556.962312626365,1637.178358647856,-1.2027516357887555,33192.93791963843,0.0,33192.93791963843,15852.0443600307,16373.35776607765,1331.167488633673,942.7993704818329,388.36811815184006,5844.8063207229225,1919.0265046642785
2025-04-21,60109.34012851716,54805.41820787306,0.0,35632.09595737893,0.014186072748855872,-1389.425506105814,34242.68463734586,0.0,34242.68463734586,19219.720345646478,15786.368946875089,2855.1564257683335,493.6853626336402,2361.4710631346934,1919.0265046642785,1676.3648747737896
2025-04-22,53979.87099424405,56994.71673309863,71.0331966111689,32339.14497515656,2967.0801568605675,-0.027216291069410824,35306.19791572606,198.72626341545012,35504.92417914151,20095.91162916266,16142.539626152684,959.44861003315,734.4077384069307,225.04087162621929,1676.3648747737896,1826.5302008505419
2025-04-23,52204.29719405172,56366.90490221152,0.0,31909.540371282794,3536.764401573623,-40.21372300467015,35406.09104985175,0.0,35406.09104985175,19452.074275232113,15631.98938771539,1146.9032980281295,538.656963060441,608.2463349676885,1826.5302008505419,1964.5199510979005
2025-04-24,53668.03536842645,54485.6733061115,0.0,32357.881097592002,1486.2084787716958,-58.9296635606709,33785.15991280303,0.0,33785.15991280303,18300.637631992013,14970.629804461289,4065.5587785807757,1236.9351695274372,2828.623609053338,1964.5199510979005,1801.060703822612
2025-04-25,33962.65184519234,33691.59959357805,0.0,12297.618817308401,0.0031528668482257442,-81.06310149167982,12216.558868683569,0.0,12216.558868683569,21889.789428259155,10992.678910385268,20794.131425704163,160.0441001655016,20634.08732553866,1801.060703822612,9287.78351105
2025-04-26,25878.30178615726,26106.48739997147,0.0,10087.011457024235,213.29994858411263,-1.7995610649945752,10298.511844543353,0.0,10298.511844543353,17977.28250964791,15485.889712423204,23544.90096941343,233.14445236094318,23311.756517052487,9287.78351105,8260.793644818452
2025-04-27,45642.02434663461,47512.1324591872,253.65966630960565,28404.908152806216,1798.7301718375124,-51.498684717498826,30152.13963992623,1214.0566881536054,31366.196328079834,12534.821035693698,16233.66892309957,2891.1688295693507,356.6723446932566,2534.496484876094,8260.793644818452,1504.7226623876993
2025-04-28,65351.81299787525,64351.702606655606,0.0,39548.69257468983,1348.8739474070187,-747.4194525309749,40150.14706956587,0.0,40150.14706956587,19897.263101301505,15679.56923122881,3512.0414199162424,2272.0760580632186,1239.9653618530238,1504.7226623876993,1990.5158633048184
2025-04-29,54116.6392461591,54735.63862892996,0.0,32438.07060755593,911.5906705828775,-48.32097150287478,33301.34030663593,0.0,33301.34030663593,17380.134772043908,14213.33336938684,4135.623509606234,344.9710834742035,3790.65242613203,1990.5158633048184,1840.0445254922909
2025-04-30,51751.96911519712,52019.038845842995,0.0,31212.266547160445,329.48037575304943,-131.68070157038784,31410.066221343106,0.0,31410.066221343106,18182.10142519756,14995.671983849821,575.7549711619201,575.7549711619201,0.0,1840.0445254922909,1542.0780483369638
2025-05-01,54978.13682141315,55431.567997698054,2107.0665808511044,34281.71092223019,756.6963390318313,-80.06297734107274,34958.344283920946,10507.482507171604,45465.82679109255,19742.566929629036,15890.64032318491,2675.329172105034,586.7131791946074,2088.6159929104265,1542.0780483369638,1654.1212592420814
2025-05-02,36956.61683934667,36802.61854014354,1111.3591299770114,14811.321205718314,1.74306292508561e-05,-48.55361377530504,14762.767609373637,4585.555309113356,19348.322918486992,23812.268439113366,12541.627417566016,12353.016565239872,53.02183705655525,12299.994728183317,1654.1212592420814,9150.02127937076
2025-05-03,24765.72302919494,24762.877161252014,1240.9863850426343,10063.704958563549,1.2185476230979476e-05,-0.9917909895326215,10062.713179759492,5592.452469338502,15655.165649097993,15799.486894931762,15987.447794409398,17324.652795772283,0.0,17324.652795772283,9150.02127937076,5605.7286021322425
2025-05-04,54017.44197783535,48904.09700939162,1610.4336979735303,33986.084347521304,692.4761605508131,-1495.5076457388068,33183.05286233331,8694.59612809667,41877.648990429974,13158.851383922314,14603.940911053109,224.95290116260546,0.0,224.95290116260546,5605.7286021322425,1222.093835381098
2025-05-05,60613.88398862422,57861.95023044233,1140.1887477421615,38284.907540323074,0.24915186870248227,-1050.6143360845676,37234.54235610721,5890.352100417721,43124.89445652493,18450.46850122474,14946.31237767994,421.9760546396874,30.257735558233094,391.7183190814543,1222.093835381098,1220.501733505653
2025-05-06,52838.05810571566,55794.367158755114,1547.6307790432245,33438.45817778725,2568.2318834520534,-0.4705606133119583,36006.21950062599,7611.043378331022,43617.262878957015,20289.739078366627,16392.260388063085,574.4368808281284,99.39777466049074,475.0391061676377,1220.501733505653,1267.6442506321896
2025-05-07,56680.846658229355,58919.68033782192,802.9291092599716,36084.02649222489,1534.8222664337006,-10.613895530076922,37608.23486312851,4169.726277267332,41777.96114039585,20414.84399252305,16444.419526069,684.3390306278445,495.65476284713293,188.68426778071165,1267.6442506321896,1369.4265927151541
2025-05-08,66279.13403859074,62390.45145146984,0.0,41453.37450347121,0.023454793472281348,-916.5283088305289,40536.86964943416,0.0,40536.86964943416,19917.722870023845,14322.845976117967,969.0621575639661,449.9666711174805,519.0954864464857,1369.4265927151541,3381.1038689388774
2025-05-09,32625.368985787914,32634.984055339028,105.5408734489136,13649.70833724305,31.806385031198595,-6.263657213273438,13675.251065060977,183.57469347084538,13858.82575853182,18290.90387426544,11331.477659066924,17281.712863589426,456.9420285097687,16824.770835079657,3381.1038689388774,7252.386623481196
2025-05-10,26663.307325110967,27114.807237621288,0.0,11903.506059077754,390.25529420120114,-0.0034849642565135384,12293.7578683147,0.0,12293.7578683147,14126.259972888362,13186.206528789311,14053.708510188904,273.56529597363595,13780.143214215268,7252.386623481196,5314.680011537042
2025-05-11,59507.66533047216,57258.59989777052,12.417013094935783,37934.12969782741,186.8506111412465,-588.1816104691711,37532.798698499486,82.70972422536725,37615.50842272485,14719.59084147362,14178.130438286162,1245.4774243446564,881.9405969691567,363.5368273754998,5314.680011537042,2808.8335041009022
2025-05-12,55181.19925253133,56997.53129485132,0.0,35524.97213205112,1995.096498702696,-85.91992158289126,37434.148709170935,0.0,37434.148709170935,16523.678215387637,12996.037005371958,1538.6948515023084,383.11432742357175,1155.5805240787367,2808.8335041009022,3240.102780869818
2025-05-13,64725.1308766485,59060.35755318591,0.0,40393.50882773197,254.717662735907,-1656.5389047733033,38991.68758569457,0.0,38991.68758569457,17337.044212622433,13816.020531504419,2410.1211054012274,1209.615693293069,1200.5054121081587,3240.102780869818,3492.308648336213
2025-05-14,61453.260169463654,57451.655515163286,0.0,39245.817400756605,368.65737981739835,-1375.895784529022,38238.578996044984,0.0,38238.578996044984,16473.750151969958,13326.265492926785,1290.0220727867804,831.9731644073049,458.0489083794754,3492.308648336213,3511.7221263016386
2025-05-15,59669.438231549444,57811.80874462958,0.0,39244.77389223336,266.92298133053635,-911.5563993235247,38600.14047424037,0.0,38600.14047424037,17371.217563304042,13385.330443918609,1060.8633419108196,351.4788482253662,709.3844936854532,3511.7221263016386,4273.228551143489
2025-05-16,33233.125478572925,32753.557371613097,0.0,14052.748900089506,12.487902396931343,-148.3473564303962,13916.88944605604,0.0,13916.88944605604,20149.700007914314,12086.300007028962,21974.65083739441,540.7696102025873,21433.88122719182,4273.228551143489,8978.736328234196
2025-05-17,23182.053615622553,22986.191884084023,58.25766967440944,10602.192870275923,0.4889879326468461,-60.87272515257855,10541.809133055991,91.64374741228622,10633.452880468278,12985.317369135295,15603.617137807552,15213.950239097358,229.44277645505636,14984.507462642301,8978.736328234196,3328.1695851142376
2025-05-18,64505.429432799865,59261.71239569724,0.0,40492.067723563676,0.03900998897809475,-1530.1253658154023,38961.98136773725,0.0,38961.98136773725,17253.920446143904,13407.878085086246,1739.5019346395861,1373.7581738424763,365.7437607971098,3328.1695851142376,3959.0556698812575
2025-05-19,56758.56938679429,54776.39455790158,0.0,35903.968236871886,0.2617443187090886,-442.90104116540454,35461.32894002519,0.0,35461.32894002519,15405.387080425819,13274.31794310166,5130.108870577423,636.8670800424435,4493.241790534979,3959.0556698812575,3074.6618832626546
2025-05-20,57833.045438682304,58189.65495928946,0.0,36451.196758639904,399.6933610645041,-16.129443259681178,36834.76067644473,0.0,36834.76067644473,17081.294785221915,13921.536022105496,502.501379506372,221.67710677618754,280.8242727301844,3074.6618832626546,2979.4538320673837
2025-05-21,54299.486447158044,55721.0764059354,0.0,35412.724704872155,1053.1795827872254,-0.22317538469223633,36465.68111227469,0.0,36465.68111227469,16547.121415706068,13080.069015702107,891.4087225981004,85.28978153848982,806.1189410596105,2979.4538320673837,3338.4530887560636
2025-05-22,55864.74911847821,55319.552392738304,0.0,35563.33645879072,0.006219147500043551,-242.44120643633312,35320.901471501886,0.0,35320.901471501886,17120.59109410595,13918.792118975927,1301.1226009416114,72.46835066687287,1228.6542502747386,3338.4530887560636,3281.6604968114975
2025-05-23,34274.13998743453,35066.1495607772,217.62710879690417,13771.784706386035,693.1372258196196,-0.34547952793003517,14464.576452677724,395.6555028425422,14860.231955520267,20746.61057264252,10772.87212395556,18889.08933755381,1063.7438253355729,17825.34551221824,3281.6604968114975,9983.752096683595
2025-05-24,21992.49695794578,21763.888268027924,0.0,10242.004626706359,0.001618117367753365,-68.58251760340073,10173.423727220325,0.0,10173.423727220325,12926.933175973985,16131.329577447903,21213.78328616851,664.2064718639061,20549.5768143046,9983.752096683595,3694.2924245625095
2025-05-25,57844.41797750017,55939.624688709286,0.0,36231.61009587045,0.0003743333994751948,-457.0584710914176,35774.55199911243,0.0,35774.55199911243,15501.834655014465,13275.107200194965,5167.887050556448,925.6451397513704,4242.241910805078,3694.2924245625095,2895.824502747786
2025-05-26,56153.23715101465,59436.46882911722,0.0,35491.653860146616,2680.2919788645154,-0.031204413043520063,38171.91463459809,0.0,38171.91463459809,18689.651146351276,14752.73808734146,919.7228201074023,919.7228201074023,0.0,2895.824502747786,3324.5793263067544
2025-05-27,53410.16853937247,54583.5391916263,12.047215059402987,34183.2294525651,709.6113269699114,-0.09817526429639847,34892.742604270716,64.41043531509807,34957.15303958582,16298.24958376987,13391.366283493078,2298.335806408914,816.1191184382438,1482.2166879706701,3324.5793263067544,3113.708081151776
2025-05-28,61512.41933810333,57651.523593676626,0.0,38471.48264546678,91.83299897366024,-1024.487374166953,37538.82827027349,0.0,37538.82827027349,17350.34908171546,13512.171258705725,1539.5216706668912,376.7918014048013,1162.72986926209,3113.708081151776,3715.4986339115544
2025-05-29,58989.585826500996,57721.18097848391,0.0,37320.6353754875,504.02539184153164,-443.3220113927038,37381.338755936325,0.0,37381.338755936325,16861.13461088115,14646.95461672783,1396.8774843305905,136.86098287309778,1260.0165014574927,3715.4986339115544,2616.1257651181104
2025-05-30,36252.47919481342,36249.52564247652,0.0,15164.945441730662,0.3065677990841489,-0.6587569052319328,15164.593252624516,0.0,15164.593252624516,23325.81221329062,11788.177297038139,18115.657459557373,265.87899760335824,17849.778461954014,2616.1257651181104,10511.381982592846
2025-05-31,25353.89799173903,24101.979982264715,0.0,11110.79700791445,0.006244022118306764,-351.92063627900234,10758.882615657567,0.0,10758.882615657567,14754.5035161183,16382.541824981876,17340.836741128292,698.315848541426,16642.520892586865,10511.381982592846,5587.6108971194535
2025-06-01,73600.27705940053,68928.73199848094,2344.3356932479137,51551.87095064599,3681.81773973423,-2754.870773122569,52478.81791725766,12416.92229874946,64895.740216007114,16905.862445232455,17642.598388045793,784.9773345421896,784.9773345421896,0.0,5587.6108971194535,1200.0
2025-06-02,77988.60820504672,70182.12398207863,2308.7328448749977,53968.76315632906,1851.057309627023,-3127.3216068248244,52692.49885913126,11243.158059121224,63935.65691825248,19893.81365887423,16113.989063688126,70.22478176752145,70.22478176752145,0.0,1200.0,1200.0
2025-06-03,73313.16485581089,70517.0739454955,1978.6553632697535,49297.95939164169,918.0013158590184,-875.1419523540974,49340.81875514661,10820.370993275897,60161.18974842251,18988.067651706355,15380.334797882142,695.6296216077142,695.6296216077142,0.0,1200.0,1200.0
2025-06-04,82728.21265791841,72212.19971309745,1332.0805800012595,57354.830850995735,0.01299144067356674,-3960.266370054526,53394.57747238188,5411.551835913864,58806.12930829575,20466.650887200587,16577.98721863248,10.355807863929044,10.355807863929044,0.0,1200.0,1200.0
2025-06-05,71135.44092771929,73009.8815756569,2135.6982599946787,48486.57037069519,3078.306222643126,-25.5300412027111,51539.346552135605,11104.345476266464,62643.69202840207,20222.315438008754,16380.07550478709,154.02188576324863,154.02188576324863,0.0,1200.0,1200.0
2025-06-06,39208.156465881846,38038.82176051363,2920.7197196998536,19141.401288200635,131.9099177251699,-300.9249092786035,18972.3862966472,10897.216676613356,29869.602973260557,19094.377804052976,11156.251057172829,2166.419333333338,0.0,2166.419333333338,1200.0,5989.105515677873
2025-06-07,35681.271989003086,32831.81815880422,1218.1006609799601,17400.096263438907,8.87940120161334,-555.6761658586009,16853.29949878192,6965.056406925216,23818.355905707136,13904.06237205719,13799.817074399838,2819.160355460161,62.37883861495714,2756.781516845204,5989.105515677873,3169.631567862857
2025-06-08,74534.8978565824,71467.92786095514,0.0,52143.14785494261,690.301315919404,-1296.5637286695173,51536.8854421925,0.0,51536.8854421925,16042.513095409346,11723.219603792188,1963.7111026713196,1963.7111026713196,0.0,3169.631567862857,4582.093793962171
2025-06-09,82457.71594998153,76319.86583053139,0.0,59823.65344056784,0.0012990188194006633,-2382.3233230833503,57441.33141650331,0.0,57441.33141650331,17438.59086539459,14416.493643813103,2365.055875616571,2115.1091422832374,249.94673333333344,4582.093793962171,4258.499301913857
2025-06-10,76613.32681350048,77128.05014233165,0.0,54461.033090233504,1284.8462273828272,-352.90472098509576,55392.97459663123,0.0,55392.97459663123,19506.473948071514,15797.294971744159,1800.4269326709575,1800.4269326709575,0.0,4258.499301913857,4261.775886573593
2025-06-11,82295.8549441195,81944.11672933065,0.0,59546.73891715861,510.3698330215625,-500.6323651645245,59556.476385015645,0.0,59556.476385015645,20694.69312624388,16698.83466836956,1863.8119547896558,1863.8119547896558,0.0,4261.775886573593,4332.738957560241
2025-06-12,80085.02830589056,78386.03250557437,0.0,57709.02561241795,0.00015316755694728384,-815.3850604079992,56893.64070517751,0.0,56893.64070517751,18681.882363599718,14870.403147153238,2122.161855794565,2032.2474724612316,89.91438333333338,4332.738957560241,4623.762921296386
2025-06-13,37740.76576480933,37699.659945003325,0.0,20192.937212046894,0.16558214623017847,-12.995766382943286,20180.10702781018,0.0,20180.10702781018,15854.612769329506,11934.539829197347,5434.273304871164,1304.3993025801406,4129.874002291024,4623.762921296386,5632.31460347367
2025-06-14,35601.80609883587,35162.39770981087,0.0,19785.6409469176,3.6651447478666914,-151.4822450364949,19637.823846628973,0.0,19637.823846628973,11790.715433223542,10678.006170155932,7856.345696743265,664.7755930421715,7191.570103701093,5632.31460347367,4379.507193201602
2025-06-15,74381.73515116371,77111.34562166863,0.0,52779.732413205085,2769.6296292841994,-68.20073471662555,55481.16130777266,0.0,55481.16130777266,20635.277409062215,15972.539082990928,1821.632962264016,1821.632962264016,0.0,4379.507193201602,5203.991213589892
2025-06-16,76684.33715573036,76528.51759582413,0.0,55675.39861064533,468.5820583853901,-431.6011867173558,55712.379482313365,0.0,55712.379482313365,18762.943762419214,15715.036532740196,786.5575494784458,786.5575494784458,0.0,5203.991213589892,4629.488896722519
2025-06-17,78235.36169460935,79018.91749803524,0.0,56995.88538839384,1695.8160997255668,-596.1993870171027,58095.502101102305,0.0,58095.502101102305,18434.626186259087,15642.395215511504,1589.6753106209837,1589.6753106209837,0.0,4629.488896722519,3840.213336009583
2025-06-18,80599.68355866232,78572.40903823767,0.0,58011.360969566515,1560.276390339712,-1675.4025383694907,57896.23482153674,0.0,57896.23482153674,18130.379893934736,13973.541760470434,3487.18000477337,3487.18000477337,0.0,3840.213336009583,4631.397728917037
2025-06-19,74680.81075242779,73189.29382579347,0.0,52318.61508383417,1959.3383399876836,-1228.4329759829982,53049.52044783886,0.0,53049.52044783886,18157.09142091931,14906.631669978433,1679.3298748525976,1232.9265548168105,446.4033200357869,4631.397728917037,4409.855929990603
2025-06-20,34112.6640758067,34050.286467275924,74.6184977300553,18551.562382819786,4.294803656676236,-24.424250828916676,18531.432935647546,120.9778918621482,18652.410827509695,13318.832944489806,10783.017876205275,9188.509046721447,1597.663017577863,7590.846029143584,4409.855929990603,4415.674606470009
2025-06-21,34069.267531154415,34066.46765020395,0.0,17926.798078852502,5.606632474925625,-2.3620096080655246,17930.042701719365,0.0,17930.042701719365,13531.704802798049,10800.467982707927,12000.490430113829,1251.291664007252,10749.198766106576,4415.674606470009,4593.688948201669
2025-06-22,72453.63480894343,71983.10837431044,0.0,50434.08585707392,517.7475800132454,-268.51158063712046,50683.32185645005,0.0,50683.32185645005,18186.185378276372,14979.752762176042,1319.3346582101124,1125.2752082101124,194.05944999999997,4593.688948201669,4317.086052899246
2025-06-23,73213.16864259471,71635.79928820512,0.0,52017.70652285973,103.5038987073243,-816.0075887175609,51305.20283284949,0.0,51305.20283284949,17644.563433572377,14507.21196820204,1437.1618228347788,1166.5349061681122,270.6269166666666,4317.086052899246,4078.0687340010086
2025-06-24,84758.96505690947,81934.39642810365,0.0,61955.388431138774,2.5872571791336442e-05,-1345.0297429941845,60610.358714017166,0.0,60610.358714017166,21123.866208825046,16623.942348911703,1165.6803181903072,1165.6803181903072,0.0,4078.0687340010086,4618.501267597211
2025-06-25,74112.22557301163,74593.4830178553,0.0,51639.08854808778,1293.0207621032819,-182.14740771609067,52749.96190247496,0.0,52749.96190247496,16839.174685153448,13932.923787684982,1249.8107537201558,1137.4557519524424,112.35500176771336,4618.501267597211,4292.732053474219
2025-06-26,72268.46526688052,72706.3347231203,0.0,50481.82579491842,717.4006145661829,-243.90364555684027,50955.32276392776,0.0,50955.32276392776,17183.323191844258,13683.573330017696,1659.201027960392,1370.5041938040126,288.6968341563794,4292.732053474219,4553.75255944772
2025-06-27,34744.933270720176,33404.09169035506,123.0430687841328,17814.496271703065,0.04501649576464481,-387.73619873214625,17426.805089466685,245.4482698909281,17672.25335935761,14774.363880045354,12091.90004692694,11073.025059354115,1046.7975238675301,10026.227535486585,4553.75255944772,4415.23555490305
2025-06-28,33083.28758006854,33121.491933268466,0.0,17267.31534517116,45.6017737567868,-3.3712725825194774,17309.545846345423,0.0,17309.545846345423,13484.946504450554,11382.666870007835,9242.28618215908,1017.2492122961432,8225.036969862937,4415.23555490305,3904.279775566513
2025-06-29,71243.66889610067,73775.37650140437,0.0,49221.51963963993,3103.3076096909635,-3.9814856750073417,52320.84576365589,0.0,52320.84576365589,17565.13410717822,14162.296859831087,1104.7707207239164,1104.7707207239164,0.0,3904.279775566513,3977.0150722145895
2025-06-30,77865.72588590095,75983.50743991081,0.0,54550.2541642489,0.004212097467158771,-833.6046295326965,53716.65374681367,0.0,53716.65374681367,17983.10734763351,14141.407005674633,2264.123114618595,2264.123114618595,0.0,3977.0150722145895,4449.137234335152
2025-07-01,67840.74149846211,75929.55398189422,2516.7401209261247,52348.47341864897,13149.419591398733,-0.004790672302191689,65497.8882193754,15958.712738457669,81456.60095783307,13178.808317834963,13599.058248347956,0.0,0.0,0.0,4449.137234335152,1200.0
2025-07-02,68686.59052649545,73255.01758721014,2680.99523577789,52418.562567311696,7166.849527952007,-0.4730674233205072,59584.93902784038,15947.945446653972,75532.88447449435,15953.928717480841,12922.682261159483,0.0,0.0,0.0,1200.0,1200.0
2025-07-03,78393.26526152727,80251.8053334174,3242.6297772018984,59720.26563762806,2197.6110983370418,-41.17844478405327,61876.69829118104,17757.25563205659,79633.95392323763,19321.444275370264,15608.535628880014,21.107530795724074,21.107530795724074,0.0,1200.0,1246.4824824109967
2025-07-04,35915.646957084056,35881.434646278656,5773.99718104633,20606.254822031347,71.96718806200163,-28.184197327744645,20650.037812765604,19900.167283372863,40550.20509613847,13883.751054551043,10870.176227226058,9760.989533333337,0.0,9760.989533333337,1246.4824824109967,1663.8848457002064
2025-07-05,37506.37730266996,37633.41450742506,3635.0653646068017,21206.642484048596,123.73817759828198,-1.0683807513932073,21329.312280895483,12838.349880101923,34167.66216099741,12972.982899859675,10861.644730902337,10367.061736407857,3.3717697411910876,10363.689966666665,1663.8848457002064,1271.075310126873
2025-07-06,72698.56560507008,81083.29949035052,2651.8269241309667,55921.3632578646,10051.255672798628,-0.07561367176510393,65972.54331699146,17200.32418460981,83172.86750160127,19898.256687108627,15986.49836735381,29.38654472666485,29.38654472666485,0.0,1271.075310126873,1416.7303647981873
2025-07-07,74431.9193313564,74045.3668925546,3099.157448381224,56066.340590307875,2.6793475850994115,-211.9161882053384,55857.10374968764,12831.811221793225,68688.91497148086,18147.299918178265,14842.619956055614,430.36161214650804,430.36161214650804,0.0,1416.7303647981873,1257.5003399857171
2025-07-08,94978.67386226656,88754.73961889882,0.0,72470.12818063116,0.15013317489671504,-1970.9949433181207,70499.28337048793,0.0,70499.28337048793,21251.130986040764,14092.53036550663,6024.751981698021,4360.812008333292,1663.939973364728,1257.5003399857171,4725.151154637257
2025-07-09,89681.10268144833,82256.05203469457,0.0,68391.03868851015,1.7281460844457701,-2432.1565141542483,65960.61032044035,0.0,65960.61032044035,17196.065686042504,13956.632609789807,4957.893941775213,3524.5792230226266,1433.3147187525858,4725.151154637257,4694.240705642387
2025-07-10,82188.59548322723,80597.96554861493,0.0,63783.94246421333,2.2649909462719893,-559.1456665175058,63227.061788642095,0.0,63227.061788642095,17728.471172415666,14746.784095627934,4762.655088493865,4325.973905457923,436.681183035942,4694.240705642387,4264.549099007669
2025-07-11,46727.36271666079,44437.05113260685,222.69716722709325,28336.42728795457,0.00043156544084673023,-585.5832059745468,27750.844513545468,540.977724507303,28291.82223805277,15104.976001384408,12713.279311787443,9749.274460236977,2231.7379355049698,7517.536524732006,4264.549099007669,3733.1615982675903
2025-07-12,45002.776130711325,45525.7625540384,0.0,26976.732628391695,524.987424313279,-7.726503359888106,27493.993549345087,0.0,27493.993549345087,14903.508441602313,11740.229353374263,11278.240132477016,1448.5483838375449,9829.691748639472,3733.1615982675903,4101.619914182713
2025-07-13,88538.7169450901,78773.69210902258,44.14084356149765,66628.8062308086,0.0010724050556298495,-3750.846865586037,62877.96043762762,191.32047115397955,63069.2809087816,18954.71609879027,14389.60922366531,4985.005677459109,3278.751951354171,1706.2537261049383,4101.619914182713,5172.409710132503
2025-07-14,82459.32134199614,77504.00664087932,0.0,61983.356182842224,1.8704841380419415,-1431.7285599827742,60553.4981069975,0.0,60553.4981069975,16269.734546667683,13948.844578264003,3375.4374558089744,2563.698195456118,811.7392603528563,5172.409710132503,4316.454604062302
2025-07-15,88328.92322057222,80797.05080026123,3.981554508780164,66831.67170349423,0.05089771789030763,-2632.5000951158786,64199.222506096245,18.844697490056515,64218.067203586295,18258.08891866261,14078.126913879007,3872.0197666530853,3776.7775949964025,95.24217165668264,4316.454604062302,5106.371393215302
2025-07-16,81768.44130975389,78394.87201578666,0.0,63485.694519271565,0.0002853937337652894,-1248.8797955067814,62236.81500915851,0.0,62236.81500915851,16565.185737923646,14234.34357917963,3929.466473709318,3333.8161184558526,595.6503552534655,5106.371393215302,4199.101247147
2025-07-17,81241.68433773628,79529.68227532145,0.0,61959.45664009999,1073.622875446524,-662.9698771340388,62370.109638412476,0.0,62370.109638412476,18467.908515481493,14843.211177456336,3184.5688706296323,1712.4828406393353,1472.0860299902968,4199.101247147,4327.762047239966
2025-07-18,45943.04413685353,42387.49579209019,1.346872200621192,27307.496205571497,1.347081295659992,-981.5772204056204,26327.266066461536,2.120650279878067,26329.386716741414,13670.788858454147,11796.726334317782,9240.532040154441,1896.6132567995608,7343.91878335488,4327.762047239966,3523.998315051164
2025-07-19,46699.18323860754,44321.62849942377,0.0,28091.45852693031,0.014014704613932312,-730.0477039737253,27361.424837661198,0.0,27361.424837661198,14199.81099315431,11202.645448775234,14141.643905044702,1903.5366187522873,12238.107286292416,3523.998315051164,3856.4443769175587
2025-07-20,86399.28489178554,82392.1862749073,38.69185453569298,64020.51368923853,13.720597647999657,-1218.584407910105,62815.64987897642,213.79184223697158,63029.44172121339,18855.92156710687,14070.80884404831,5555.78718971777,4534.8481755069,1020.9390142108706,3856.4443769175587,5192.541738371171
2025-07-21,85856.93781896899,82721.0361546901,0.0,66331.2493733469,0.03283164005223717,-999.9891298445909,65331.293075142356,0.0,65331.293075142356,17595.66753723646,14752.481778541929,5888.101045995561,5186.444979328894,701.6560666666674,5192.541738371171,4636.996101281845
2025-07-22,81973.37400769288,82392.06448427166,40.36824761791895,62770.22648739466,1561.5990333748546,-400.5187709346182,63931.3067498349,185.24988831863007,64116.55663815353,16710.37514123992,13792.372632044668,5719.285606027649,4762.6267421246075,956.6588639030417,4636.996101281845,4351.4752483481525
2025-07-23,92771.47457629628,82413.60160838446,0.0,70589.0413597099,0.0013062724850606115,-3766.691814272576,66822.3508517098,0.0,66822.3508517098,19220.38896915128,15508.931033319288,4485.596555885795,4029.2869432721077,456.30961261368725,4351.4752483481525,4417.67972800732
2025-07-24,91027.32182807261,81591.4265507313,0.0,70004.0879257392,0.2812732942079101,-3375.366940554283,66629.00225847913,0.0,66629.00225847913,17813.75812035601,13974.693601348237,4135.890031723517,4055.393248390183,80.49678333333327,4417.67972800732,4922.624701496358
2025-07-25,40455.30769115384,40442.78522998991,640.8536258072426,24441.69663285652,184.24214330218882,-63.65872734846792,24562.28004881024,1346.2713148439861,25908.551363654227,14612.263790308276,12652.341518002018,12618.397016824227,1854.1652484429756,10764.23176838125,4922.624701496358,4015.504870549338
2025-07-26,42846.41500940383,42409.56552651649,0.0,25628.940662863617,4.630568357588293,-85.43625548370056,25548.134975737503,0.0,25548.134975737503,14458.752002517169,11542.109386362483,11023.831343695138,1030.787786868099,9993.043556827039,4015.504870549338,4203.815687967584
2025-07-27,81943.28305655372,79558.63944887258,577.8147951116623,61493.13632962071,727.2220409042033,-764.9163260071555,61455.44204451777,2667.7058474062665,64123.14789192403,18416.16595333909,14279.184024856482,2314.2825155016317,1601.3041276540357,712.9783878475963,4203.815687967584,4912.605018354451
2025-07-28,84504.67824951654,84001.0325319669,52.128113166924734,64356.390439100585,33.45032869422951,-218.31316674593126,64171.52760104888,329.4092618401967,64500.93686288908,18959.640145411628,15905.677207848645,3044.3204742375183,2906.5433075708515,137.77716666666674,4912.605018354451,4303.306473837533
2025-07-29,83331.02239734544,85226.99846049302,0.0,63095.97508473291,3912.1067016454335,-491.7338828421336,66516.34790353621,0.0,66516.34790353621,18386.358822181177,14508.620288688988,5280.013977000834,4882.6485103341665,397.36546666666663,4303.306473837533,4730.340204146157
2025-07-30,75791.43759024964,81736.17160661871,0.0,58613.364455186485,6426.492685860741,-58.21912183770075,64981.63801920953,0.0,64981.63801920953,18601.155813382877,14847.162857191943,3878.9246004277757,2365.1402622748146,1513.7843381529608,4730.340204146157,4974.532817088588
2025-07-31,79455.48583705939,80315.98134249295,114.28798173975538,60101.37053883703,1095.5841885643836,-2.2664259350210836,61194.68830146639,557.4048956893458,61752.09319715574,18428.06373835305,15391.998477122419,2699.2077963354077,2381.5671522668235,317.6406440685841,4974.532817088588,4457.569651470312
2025-08-01,41096.74197257669,40047.22357327098,583.4927650268296,24874.15426498963,77.2691421626399,-365.00378145334065,24586.419625698927,1258.1954930151296,25844.615118714057,14397.984682962742,12040.914975901316,17022.28696456972,1580.7701402634445,15441.516824306276,4457.569651470312,4036.961448468654
2025-08-02,44319.56100279806,42859.11024357045,0.0,26230.94084566816,0.0011432558768447341,-400.7040581623944,25830.237930761643,0.0,25830.237930761643,14277.724710971253,11008.790674451562,18663.151273717423,1848.4684458689815,16814.682827848443,4036.961448468654,4654.92405006327
2025-08-03,69566.8863773213,68761.72381920736,105.2640831086615,52543.076562225346,0.8502327564443242,-164.0685468324399,52379.85824814935,427.2711089092238,52807.12935705857,16864.715011306514,14113.83302810767,3276.6259357838408,438.89610260146384,2837.7298331823768,4654.92405006327,4151.130862341722
2025-08-04,75325.88337840803,73911.53751880926,0.39770341893808947,57354.177028805905,799.904083591073,-942.645425015073,57211.43568738191,2.1718583708209067,57213.60754575273,17519.025513246004,13756.397418416649,4733.652044065515,2683.811701749404,2049.840342316111,4151.130862341722,4633.367803800188
2025-08-05,70482.0893273502,70760.32168753883,0.0,53470.05246378126,575.1090647100352,-141.32511124887148,53903.836417242426,0.0,53903.836417242426,17207.82584717809,14832.923224727796,3233.1093317551995,1995.4172600625475,1237.692071692652,4633.367803800188,3639.3852610073627
2025-08-06,79191.17016834623,75723.85695679634,0.0,60969.26781037698,5.378545862911908,-1413.8436069423099,59560.80274929758,0.0,59560.80274929758,17766.116281530376,14259.076886807019,4102.418295406316,3010.564712072983,1091.853583333333,3639.3852610073627,3785.471151265796
2025-08-07,79184.86022021413,71543.26991024011,14.62840145909945,57598.396442443445,230.53929951201673,-1804.7589275317123,56024.17681442375,38.5238952425384,56062.70070966629,17296.527549881517,13984.674589441423,4858.060101259121,1473.749616905372,3384.310484353749,3785.471151265796,3813.8186245575794
2025-08-08,39893.78576935152,39911.07575017886,0.0,22924.737488910283,14.134456092153666,-0.7150900315205686,22938.156854970915,0.0,22938.156854970915,14202.546252914843,11518.909714951093,21452.26796221511,854.7075593853388,20597.56040282977,3813.8186245575794,3797.3216800130604
2025-08-09,39396.989354928206,39386.49638019142,0.0,23062.76355032359,0.023570398219483896,-2.8029405532292198,23059.98418016858,0.0,23059.98418016858,15003.51018552083,12440.493662992114,17901.550857662703,672.4834216353369,17229.067436027366,3797.3216800130604,3477.710110323904
2025-08-10,74053.42573563523,71421.64969438179,0.0,56633.96505633147,11.404936836237564,-790.1755092205789,55855.194483947125,0.0,55855.194483947125,17986.77730814608,13762.60114777525,1892.8544840109569,1614.991803978469,277.8626800324878,3477.710110323904,4374.0306345717645
2025-08-11,71920.83623339738,70868.4319504788,0.0,52682.820153345034,778.7832066286994,-349.87387714875973,53111.72948282498,0.0,53111.72948282498,17720.27082964489,15173.25166472495,3760.1594522255223,533.0337597864676,3227.125692439055,4374.0306345717645,3463.1058648911135
2025-08-12,77034.63959520885,73733.57419588242,30.379531544706012,57096.41413062622,173.3732683037947,-859.3330744452841,56410.45432448472,152.98314729575267,56563.437471780475,17683.629845103686,14278.40698412177,2598.1872164452116,1035.705118118662,1562.4820983265492,3463.1058648911135,3513.476076460248
2025-08-13,70294.60272283539,71091.61410294622,38.76808333333338,52092.44698137384,735.76304003751,-5.117864749541803,52823.092156661805,230.30179904166695,53053.393955703476,18519.071895196757,15029.62920387832,1519.9600449611207,721.7411764891191,798.2188684720016,3513.476076460248,3481.0527778280825
2025-08-14,72547.24777141304,73023.75471781989,0.0,54350.31019937823,993.2362040665782,-239.9623129695741,55103.58409047524,0.0,55103.58409047524,19355.52918375317,15541.378313134084,3283.3128638674675,1471.207309084491,1812.1055547829765,3481.0527778280825,3632.8309175013883
2025-08-15,40038.5892190973,39316.0275222085,589.8465271213888,23537.950377406738,237.91396601366853,-308.03869902057835,23467.825644399825,1225.6304655929355,24693.456109992763,14397.559324457692,11778.44001625387,20127.02785779273,1054.0251033817997,19073.00275441093,3632.8309175013883,3503.4787358979
2025-08-16,41800.440002224255,39885.80729291289,262.155812423087,24723.38220720477,414.2199727436812,-723.2032917013937,24414.39888824706,636.2309094950714,25050.629797742127,14361.439594136145,11653.745109489399,20510.988254022566,1373.8418206892306,19137.146433333335,3503.4787358979,3480.168693409987
2025-08-17,74585.50958205483,71619.51964298001,43.35817342387891,54263.90154960737,347.0458775967962,-670.2943078254906,53940.65311937868,187.59146073314255,54128.24458011182,18342.73213891345,14751.25068556654,4906.002746390317,738.7200303695572,4167.28271602076,3480.168693409987,3598.3490789137118
2025-08-18,72814.86692523725,71709.0540056441,6.586751283347212,54621.956915227136,1.6971481991307646,-282.6986977456477,54340.95536568062,38.88817957688194,54379.8435452575,19351.623227345834,15445.717381420855,3415.6192943358055,1200.6729305029378,2214.9463638328675,3598.3490789137118,3852.901781946236
2025-08-19,71156.01602614111,69998.16841088417,0.0,53726.037439544816,42.24695441044415,-274.2185008250144,53494.065893130246,0.0,53494.065893130246,17494.41660824903,14311.39658567214,2497.4883383072784,1016.7986875841336,1480.689650723145,3852.901781946236,3696.324967512437
2025-08-20,79242.75057275535,75629.6287696799,154.46968896406366,58697.23975405618,396.82882021223236,-1141.1316648765662,57952.93690939185,797.9694264000933,58750.906335791944,19401.191614794432,15994.587634492334,1726.8034116752017,1241.7187964468308,485.0846152283708,3696.324967512437,3385.633382502613
2025-08-21,75440.73883376339,72199.59301475638,22.634848771637436,55682.79549549896,7.242603705728264,-815.217703564495,54874.8203956402,54.166786800524605,54928.987182440724,17973.69724103068,14255.337238939874,2659.4493781038686,1565.8199404850868,1093.6294376187818,3385.633382502613,3722.6973006081475
2025-08-22,39858.21915442998,39524.12726095093,352.9824035726023,23530.60128932691,268.5095577894331,-189.16273273926203,23609.948114377083,771.1793198806939,24381.127434257778,13168.896744418784,11184.117825115589,16661.761345220337,834.6810280150962,15827.08031720524,3722.6973006081475,3147.906787123287
2025-08-23,39590.78255553173,40196.551759776936,0.0,22539.336280968797,671.7163818307355,-0.3320401076660736,23210.720622691864,0.0,23210.720622691864,13649.327083273956,10858.865955023237,14876.084481526219,291.5638857067262,14584.520595819493,3147.906787123287,3366.894545377359
2025-08-24,71587.10829545464,70704.95435078454,0.0,54410.97138729197,2.7846874855049997,-240.11946529903227,54173.63660947844,0.0,54173.63660947844,19701.30929451159,15612.831612910619,2882.887185850227,1238.2509631322762,1644.6362227179511,3366.894545377359,3750.482229425995
2025-08-25,92931.39732935978,77735.61474377105,0.0,68693.99847150763,0.045413984363497285,-5127.009005416816,63567.034880075174,0.0,63567.034880075174,18501.211604741213,14842.750519704685,3304.066642067852,2632.898725401185,671.1679166666669,3750.482229425995,3909.627651798988
2025-08-26,70413.38932714003,70812.58150937165,0.0,53192.47443536134,310.82942875904,-66.11656536361508,53437.18729875676,0.0,53437.18729875676,18694.191540858086,15557.424336524662,2146.9959217049,1658.6316372216147,488.3642844832852,3909.627651798988,3448.3729979883033
2025-08-27,71830.80898727277,74068.4466195258,0.0,53407.8637260969,2815.021041149216,-135.0077018601344,56087.877065385976,0.0,56087.877065385976,18900.745785031224,15723.605640923892,2977.1576087518006,1159.888641322651,1817.2689674291498,3448.3729979883033,2988.3712701565196
2025-08-28,70850.60393736951,75791.23434536814,3.739219053275292,51859.45994172512,5386.390596530776,-2.3695373308221046,57243.48100092508,20.77697066952416,57264.257971594605,21293.466852316265,17197.464095397117,931.1758241689308,879.0340269911917,52.141797177739214,2988.3712701565196,3044.197997911032
2025-08-29,42083.28992307948,41578.40933275621,0.0,24042.055164888996,2.867954256853227,-160.35797690056847,23884.56514224528,0.0,23884.56514224528,14544.04593642738,11759.149648016333,16238.292694345162,1520.1229665277717,14718.16972781739,3044.197997911032,3068.1175095664116
2025-08-30,40747.23539010017,40015.17463932044,75.46846658075492,23357.18512946461,0.016143218258299327,-209.85920614662544,23147.342066536243,159.5712254937494,23306.913292029993,13506.33339829281,11421.891373967323,19493.48124824237,835.1782917937268,18658.302956448646,3068.1175095664116,2532.8271525106957
2025-08-31,72448.30562473704,73363.04371433385,0.0,53197.253374665124,1148.4086113086723,-187.70950563539074,54157.952480338405,0.0,54157.952480338405,21390.799274628967,16289.32161868748,1614.9429750590348,904.1014485747916,710.8415264842433,2532.8271525106957,3685.30025669068
2025-09-01,79024.44755310025,72194.57823240767,0.0,51478.25452418413,44.452014477260285,-1763.6166086205524,49759.089930040835,0.0,49759.089930040835,18560.785788266094,11743.047333173072,11802.705243981316,6922.8432957037085,4879.861948277608,3685.30025669068,7342.177095937863
2025-09-02,64965.42271274534,65881.14228204286,0.0,43202.90255090756,1870.2078035515378,-283.6880225878013,44789.42233187129,0.0,44789.42233187129,16787.40749105871,14112.811978653108,9148.790919637257,6050.315399079975,3098.4755205572824,7342.177095937863,6769.941639387249
2025-09-03,68551.06945657014,66295.28029144075,0.0,46827.570326777706,147.3091177360824,-506.95618137507523,46467.92326313871,0.0,46467.92326313871,15239.604950930583,12542.671377195971,8050.629467706138,4901.301793135647,3149.32767457049,6769.941639387249,6549.2845650070285
2025-09-04,67534.55313735428,65939.10074631307,0.0,46749.64273339987,1.5963377631239304,-442.9048004333427,46308.33427072965,0.0,46308.33427072965,17364.522503894772,13687.041461325123,8336.054153743418,5437.626265937355,2898.4278878060622,6549.2845650070285,6969.530972595529
2025-09-05,35246.40307430676,34793.750141696415,0.0,17835.3188347945,0.009306987675819861,-143.2650828422254,17692.063058939948,0.0,17692.063058939948,15416.120239237745,11843.940055213681,24397.30829100568,1901.9959392384087,22495.312351767272,6969.530972595529,7684.105793227633
2025-09-06,34310.014382837435,34310.014382837435,0.0,17465.147808884733,0.0,0.0,17465.147808884733,0.0,17465.147808884733,14454.255404045496,12450.079183628326,24584.754462420264,1607.8107458865616,22976.9437165337,7684.105793227633,6859.5143417259915
2025-09-07,62588.900407604066,64469.99861243651,0.0,42123.04407435069,2118.3874325839365,-265.24970083544764,43976.18180609918,0.0,43976.18180609918,17651.088358448204,14533.677388282162,6391.604025603806,4583.443210316843,1808.1608152869633,6859.5143417259915,6596.963432904746
2025-09-08,58553.399458837004,58334.890655098,756.9551018153913,38615.26056872311,1262.1165977250537,-264.6333408461784,39612.74382560198,2993.925437896962,42606.669263498945,15341.41840664696,16794.75012970064,1149.6079466337403,361.40014464784326,788.207801985897,6596.963432904746,1743.4065214418608
2025-09-09,56958.66908252776,58511.63049815387,456.30468174850097,37291.73197547895,1800.5500433204659,-1.6213481933000107,39090.66067060612,2250.4739550888403,41341.13462569496,20818.986519541108,16620.709136322974,1666.8235300175681,2.468448141535873,1664.3550818760323,1743.4065214418608,2013.0397931144437
2025-09-10,67458.43973548336,66419.7651929727,291.5900616165134,43943.43714649394,668.9953203707581,-405.25741310638364,44207.175053758314,1215.4716453146302,45422.646699072946,21380.153217870455,16466.545101221636,481.7484879403993,481.7484879403993,0.0,2013.0397931144437,2959.016465618259
2025-09-11,65382.48194890174,59357.73293524978,1.406214335152299,42549.28121645511,106.60643852429308,-1456.8582019318785,41199.02945304752,3.367883332689756,41202.39733638021,20619.51776973248,16478.89860534875,1722.4342018678765,512.2831913575743,1210.151010510302,2959.016465618259,3206.695119101105
2025-09-12,35565.50116424527,35697.97091378969,1323.4663719782566,16098.59843764147,125.79916805335883,-0.495808190026632,16223.901797504803,2265.124941306805,18489.026738811608,19874.89404550139,12141.330079272988,17736.217119539546,663.8888195395489,17072.328299999997,3206.695119101105,7603.733005304589
2025-09-13,30295.744499707456,30308.22774028798,123.14121678160978,14180.260174721847,7.2497976458756055,-0.04192838345298165,14187.468043984269,441.21758350203686,14628.685627486306,15461.47393768563,14214.116856316408,21176.910392367034,0.0,21176.910392367034,7603.733005304589,5725.596375536755
2025-09-14,68832.5859549342,63087.81965783117,216.9250014997322,45599.5437142407,0.0013774076224235727,-1784.1431834603804,43815.401908187945,1152.1080698804462,44967.50997806839,16760.25762487994,15657.640845983422,2102.8031304343813,1568.8546422626764,533.9484881717046,5725.596375536755,3412.4495201693408
2025-09-15,58675.461387756026,58675.461387756026,492.431575015724,39340.22424137938,0.0,0.0,39340.22424137938,2702.5175142000644,42042.74175557944,20729.0046017947,17397.298696325623,769.1564239693419,9.945773969338575,759.2106500000034,3412.4495201693408,2738.2217769783256
2025-09-16,72100.86927771424,66987.05852113894,0.0,47578.32747523702,0.917006235571349,-1481.2866741271266,46097.95780734547,0.0,46097.95780734547,19629.91894987609,15664.170896653004,3529.540484582522,1345.8641298986222,2183.6763546838997,2738.2217769783256,3000.514502252359
2025-09-17,67849.38562854222,66104.09329473124,0.0,45682.67200979844,0.002957717466935992,-701.7700298016737,44980.90493771424,0.0,44980.90493771424,20078.420102801323,15765.960919573294,1831.5157115032039,1831.5157115032039,0.0,3000.514502252359,3553.358239692113
2025-09-18,60091.87594237828,64264.09047971936,0.005819048276769934,39897.66406697433,3179.6319621912576,-13.305179419086762,43063.9908497465,0.02720986974217621,43064.018059616246,19867.612977308563,16698.831442098784,2139.2636468911924,980.1034989167973,1159.1601479743952,3553.358239692113,2879.952761382289
2025-09-19,38301.724235056536,38373.424944590675,808.0222728799067,17691.099735401036,176.50489328164414,-39.34680315689829,17828.257825525783,1475.600833411827,19303.85865893761,22295.441398425348,13025.13408842851,13809.787590807075,810.4887937667911,12999.298797040285,2879.952761382289,8473.478810600094
2025-09-20,31316.038557970838,31114.46006107329,21.971508804093617,14934.201465155078,47.84351331639824,-97.53504328807942,14884.509935183396,67.73741318382912,14952.247348367226,17801.62632647828,16242.987320747983,13932.358830813748,381.7981308137465,13550.560700000002,8473.478810600094,6447.178814710569
2025-09-21,65456.64821603368,63315.18611400203,0.0,44307.4401116991,0.4185114146778308,-538.3132280950207,43769.54539501876,0.0,43769.54539501876,15843.581969386718,14826.649254564136,4010.765915846109,2210.11236066389,1800.653555182219,6447.178814710569,4232.347859865135
2025-09-22,70125.04232536849,64550.11918727715,18.01427999420143,47978.70910116366,0.02060765233140921,-1959.3856315432363,46019.34407727275,102.24887010940607,46121.59294738216,18674.626142865916,15803.629264887728,1083.1167059598374,669.013344163893,414.10336179594435,4232.347859865135,3479.923316346991
2025-09-23,71578.69550566419,68489.1367304051,18.399144352471968,48313.500690485926,0.11617203972268217,-897.4033197736126,47416.21354275204,85.78601054340054,47501.99955329544,19512.502201225263,15504.080982161855,2382.499072360821,1926.9721324033649,455.5269399574563,3479.923316346991,3814.4186506032247
2025-09-24,61053.69307061769,63746.13072825929,0.0,41073.74721169237,2052.0393562998506,-0.240113309221935,43125.546454683,0.0,43125.546454683,19496.289885469705,16839.565550612755,26.18129340233707,26.18129340233707,0.0,3814.4186506032247,2650.451157956237
2025-09-25,68864.30801349433,66930.86224047013,0.0,45808.66997602646,0.1308404500940269,-429.32709103922565,45379.47372543733,0.0,45379.47372543733,19794.33923938131,15445.15764681648,2246.231747905307,864.6360651388651,1381.5956827664422,2650.451157956237,3304.070199158881
2025-09-26,38161.66361254273,37029.90150026192,578.859608320448,17035.1696320821,1.0130458379235163,-331.72864631828844,16704.454031601737,1040.0414476488934,17744.49547925063,20369.054820158384,12727.211064878415,12272.673853302396,860.5235275514351,11412.150325750961,3304.070199158881,7494.873909658749
2025-09-27,31753.43952911686,31789.288968588036,197.2624655200104,15155.678915392153,35.09869580497925,-0.05084357327258124,15190.72676762386,352.64221461462665,15543.368982238486,18592.920163328934,17175.105416081868,12767.434436860978,23.229276871272646,12744.205159989706,7494.873909658749,5145.051594341605
2025-09-28,66743.51830256241,67962.7642086761,490.43374781644354,44853.340967617616,1050.5866038288434,-61.239581968405396,45842.68798947805,2618.955768584217,48461.643758062266,18088.812525823116,16496.306733603564,3373.062997606332,2264.1690976063323,1108.8938999999998,5145.051594341605,3095.7531635784558
2025-09-29,72030.3160111239,67019.36467406517,230.71616271105586,48363.25074137951,0.0005719242370656267,-1643.9845484722596,46719.26676483149,1152.8274925354735,47872.09425736697,20898.0032698318,17041.777151585167,633.9631185296046,633.9631185296046,0.0,3095.7531635784558,2968.648160221339
2025-09-30,71289.66618170007,70950.83894298149,64.03417889974952,48279.370567075835,0.8418071462061559,-137.20226361923363,48143.01011060281,319.83534693246247,48462.845457535266,21528.376330294133,17309.393027036018,1373.715051956455,1373.715051956455,0.0,2968.648160221339,3111.5279385571503
2025-10-01,67390.76319555157,62746.29171393253,0.0,42492.343955784774,0.09609064313314895,-1027.3863385184486,41465.05370790946,0.0,41465.05370790946,20787.67577742775,14841.401749324079,7138.496152495526,2265.6554594263034,4872.840693069224,3111.5279385571503,5329.989750104258
2025-10-02,70915.19789098251,59958.867982190546,0.0,45178.12546595784,1.3915010163966888,-3388.701315139124,41790.81565183512,0.0,41790.81565183512,18790.740698226076,15262.389278381963,4699.733445679768,926.5905226798462,3773.1429229999217,5329.989750104258,5283.446069194431
2025-10-03,34990.757585102016,34990.757585102016,392.59633010272097,14212.097158805314,0.0,0.0,14212.097158805314,676.4097685552445,14888.506927360559,24014.624368306006,14967.327862353974,18518.903709252703,425.322455627325,18093.58125362538,5283.446069194431,10266.24370916543
2025-10-04,30912.13955253857,30370.296198233475,0.0,13956.06957226362,0.2456336182687617,-149.1034744074976,13807.21173147439,0.0,13807.21173147439,16086.430706673098,14802.99152585169,15990.874584078736,792.9390208849219,15197.935563193814,10266.24370916543,8296.262983113778
2025-10-05,65685.46322683961,56029.093356225596,0.0,42491.92644590628,0.22320867863325208,-2643.999130039662,39848.15052454526,0.0,39848.15052454526,15222.394244792305,15594.004188821189,1664.7422335878152,1241.3422593218258,423.3999742659894,8296.262983113778,4669.7464825144225
2025-10-06,62222.30500457896,63735.032961389865,0.0,41560.38117640247,1142.4374118172325,-1.9755779115847116,42700.84301030812,0.0,42700.84301030812,19258.32575415202,15067.784030982162,1811.3819882200053,1811.3819882200053,0.0,4669.7464825144225,5260.257404604398
2025-10-07,65972.77056284694,65131.78020421786,0.0,42738.406839962714,392.1599134550075,-219.8578748246631,42910.70887859306,0.0,42910.70887859306,19300.553643348227,15380.752797832907,3440.4163587025428,1811.4045519145357,1629.011806788007,5260.257404604398,5541.030352692347
2025-10-08,60459.04310847734,59400.39380722061,41.640008586866315,38335.55686234645,1.43158952959327,-257.2492876874281,38079.73916418861,185.0014199622963,38264.74058415091,18316.453121224702,17538.369026464603,2185.4540543807047,1083.7877171341688,1101.666337246536,5541.030352692347,2538.7614657227937
2025-10-09,73077.436831458,61885.00953831956,25.6370172929783,46076.91042280032,0.042059964644989484,-3317.932993175093,42759.019489589875,165.12802838407322,42924.14751797394,21349.462899448987,17210.451541125796,2011.6535139560128,1279.189552579795,732.4639613762179,2538.7614657227937,2630.554140642669
2025-10-10,38666.60474379776,38028.20347025812,11.927494735533685,15457.410630942835,0.523481518049037,-199.05782840161888,15258.876284059264,41.88339776382654,15300.75968182309,23021.87295740652,13455.007562483728,19129.6546534042,227.87657482814416,18901.778078576055,2630.554140642669,8400.23139954884
2025-10-11,31330.960398739844,31330.960398739844,0.0,13066.612618997002,0.0,0.0,13066.612618997002,0.0,13066.612618997002,17272.148366395908,15606.09181227737,15558.590261287974,251.19170295195036,15307.398558336025,8400.23139954884,6605.062915663636
2025-10-12,62337.03110633433,60135.4900376797,548.1518048323541,39407.58879646393,96.6657662556196,-527.2722643254157,38976.98229839414,2696.649760245513,41673.632058639654,15617.09383831811,16365.974180309177,2917.566201169791,1754.5642876267368,1163.0019135430541,6605.062915663636,2476.0316142508486
2025-10-13,68924.83226001203,63280.29300184686,5.9156318477560035,43363.95783796951,0.8429025749792864,-1534.0071924398665,41830.79354810462,20.837813183720524,41851.63136128834,22279.99830139052,17371.643251579313,1350.4582838834126,1066.662001114165,283.7962827692477,2476.0316142508486,3226.204250414191
2025-10-14,70332.82936227314,65478.52475093026,141.75852938835544,45249.010930264645,0.11318845093311597,-1458.8825132063546,43790.241605509225,721.1419116352893,44511.38351714452,20833.571320964136,17422.625452698372,1435.5081287195137,1435.5081287195137,0.0,3226.204250414191,2617.945714061498
2025-10-15,73876.78299514351,67956.64911884072,0.0,47663.351487835534,0.7937519796548523,-2010.1264863919457,45654.01875342325,0.0,45654.01875342325,21256.593737735613,16770.593456036437,1550.6251871415516,1550.6251871415516,0.0,2617.945714061498,3114.887349094173
2025-10-16,69857.99268814898,68528.79254003003,2.2897221270793118,45816.26478487758,5.747775859564727,-536.6262760843432,45285.386284652806,11.031881208268123,45296.41816586107,21812.027785518552,17668.750264091526,1421.3317907300807,1421.3317907300807,0.0,3114.887349094173,3113.767618181402
2025-10-17,36997.15866839642,37917.58391420596,0.0,14852.152608824086,914.4356080979406,-0.020473034701372763,15766.567743887326,0.0,15766.567743887326,22817.913167062437,13575.23213701953,12670.70356749639,383.1734206006262,12287.530146895764,3113.767618181402,8566.298205182564
2025-10-18,31739.539942903568,30758.557747177496,0.0,13761.162160893731,0.06439850791450359,-291.48602769946297,13469.740531702182,0.0,13469.740531702182,16665.785172620646,15102.476157643769,13118.655465533953,378.3884422816593,12740.267023252292,8566.298205182564,6784.975796492513
2025-10-19,67666.65907868459,65182.56867663364,1.700267770728761,45278.085292108815,0.37395234326322946,-843.6203792552844,44434.8388651968,8.797185445750609,44443.63605064255,17780.120441983927,17821.266353841296,1339.6923229284025,1339.6923229284025,0.0,6784.975796492513,2985.677134454381
2025-10-20,76351.42090499957,72077.65993192814,0.0,50439.597034151004,0.014213343734806164,-1637.8624323775634,48801.74881511717,0.0,48801.74881511717,20393.02410235731,16405.723217641356,3649.576680545515,2674.2164432693985,975.3602372761165,2985.677134454381,3110.817473641121
2025-10-21,74913.33939907656,73439.96551896034,0.0,49621.75363606374,0.03684354409398138,-591.1134527361949,49030.677026871635,0.0,49030.677026871635,21532.471713339983,17058.85825580277,2503.7707114231175,2503.7707114231175,0.0,3110.817473641121,3535.7550647551384
2025-10-22,71683.45272029002,71272.97650337675,0.0,47260.47673930975,8.648747036293532,-164.49561326747002,47104.62987307857,0.0,47104.62987307857,21186.827698786543,17487.690816867744,2018.9429214579486,2018.9429214579486,0.0,3535.7550647551384,3173.132419365533
2025-10-23,81524.88031594471,68641.76892978906,0.0,53329.0229400018,0.0289396588116472,-4357.653411229857,48971.39846843075,0.0,48971.39846843075,21178.84618613402,17286.318779934634,1369.7444902563388,1357.2531722324347,12.49131802390404,3173.132419365533,3027.0731202921047
2025-10-24,38292.375693505106,38457.27617560032,0.0,15510.519186328103,155.53193023031432,-0.00026823184192204577,15666.050848326575,0.0,15666.050848326575,23726.30683698232,14754.722169476123,11065.640791427448,1.8687375338714673,11063.772053893577,3027.0731202921047,7986.613529713838
2025-10-25,32049.893262584246,32049.893262584246,0.0,13400.460745702485,0.0,0.0,13400.460745702485,0.0,13400.460745702485,18582.248388114367,16673.540479210016,10742.75262034656,60.47657696259091,10682.27604338397,7986.613529713838,6184.4809910056465
2025-10-26,71565.9676880373,66035.60141390919,0.0,47935.008206942024,0.9117217917000127,-1965.1541401168467,45970.76578861688,0.0,45970.76578861688,17563.248200259146,17067.91297519395,995.9541721773185,995.9541721773185,0.0,6184.4809910056465,3027.0566210233715
2025-10-27,67223.29577442724,70132.88713163411,0.0,44114.639260638185,3256.338629709853,-210.61832706859968,47160.35956327944,0.0,47160.35956327944,20966.91436473347,17478.886405689023,3092.2775059229875,2074.179409999434,1018.0980959235533,3027.0566210233715,2476.294654073471
2025-10-28,67836.84834413991,70429.68402649346,0.0,44979.31741979064,2679.3237452426742,-106.01930226418364,47552.62186276913,0.0,47552.62186276913,19567.29443151098,16041.048282048996,931.016177031474,634.891187964505,296.124989066969,2476.294654073471,2263.4726623789174
2025-10-29,75830.67273799279,75145.92251850678,0.0,50716.24466679294,0.004749791369306763,-319.57477264479616,50396.674643939514,0.0,50396.674643939514,21176.651716193184,17194.30398774121,1851.317990054807,1851.317990054807,0.0,2263.4726623789174,2217.676998351435
2025-10-30,67162.7207713912,69327.3188216518,0.0,44908.21204173985,2410.5210082269045,-50.04286613925157,47268.6901838275,0.0,47268.6901838275,20611.966892038756,16764.513711325373,692.0479909384252,692.0479909384252,0.0,2217.676998351435,2141.2097441581227
2025-10-31,42950.79220549484,42051.77770413733,0.0,17973.99375088773,2.3956756330699136e-05,-286.53166359550977,17687.462111248977,0.0,17687.462111248977,24457.027132151503,13401.70894598986,7092.167451309018,638.7755543443133,6453.391896964705,2141.2097441581227,9261.746445327968
2025-11-01,33289.70926765469,33171.10690895037,0.0,14116.469037466635,0.06062641130408737,-61.0290253122513,14055.500638565689,0.0,14055.500638565689,18477.166448100284,15441.92065487632,7591.822682393076,192.69497297933037,7399.127709413746,9261.746445327968,8733.506632088985
2025-11-02,66947.04952291002,67760.55757543899,0.0,46798.45671200886,1637.659511924394,-545.392547912715,47890.72367602054,0.0,47890.72367602054,15239.672063284526,18384.3817759698,2108.883354790927,2108.883354790927,0.0,8733.506632088985,2022.120626856393
2025-11-03,80527.93611771837,75242.84251802899,0.0,54913.644884377,0.00011872416660037003,-2316.7389660650165,52596.90603703615,0.0,52596.90603703615,21081.11677976318,16546.964759122526,1203.7602140550134,929.948107697741,273.81210635727246,2022.120626856393,2609.6093296182194
2025-11-04,72576.46330912583,72172.95334393211,39.28916454530918,48671.50245954461,1142.8255416101254,-495.82777834624034,49318.50022280849,187.2367325315785,49505.73695534007,20217.756863394763,16938.208439717557,1352.6220514668807,900.0417141310006,452.58033733588013,2609.6093296182194,1985.3589069873292
2025-11-05,82193.66141593711,75586.73349902051,0.0,56759.981087153,0.0011717927236273454,-2880.4843947865847,53879.49786415914,0.0,53879.49786415914,21524.29676941702,16746.595809506958,1131.0124724437874,881.0983648364216,249.91410760736576,1985.3589069873292,2749.8973222327013
2025-11-06,75563.15020347331,76354.50023444513,0.0,51832.019892708326,1308.9000944551908,-253.38163315886922,52887.53835400465,0.0,52887.53835400465,21107.18453151218,17370.420153118983,1248.151306051946,1248.151306051946,0.0,2749.8973222327013,2445.8965637947913
2025-11-07,41559.81316282735,41616.5269692697,0.0,17048.171607200085,97.3599950107936,-24.777347118465524,17120.754255092415,0.0,17120.754255092415,25306.354632918643,14983.410243281642,7975.120796299363,1.7004312594730209,7973.4203650398895,2445.8965637947913,8573.382129775302
2025-11-08,35887.63336550476,35712.60975563488,0.0,15385.52054983121,6.1154217388320835e-06,-93.23768756311928,15292.282868383512,0.0,15292.282868383512,17554.138766768174,14643.277701815106,9010.541590681818,426.1350535310296,8584.40653715079,8573.382129775302,8101.798462294322
2025-11-09,73057.4824362376,70370.17579656115,0.0,51910.57670503349,0.004519692108349648,-1008.5172487096744,50902.063976015925,0.0,50902.063976015925,13759.82297851001,16057.206341374522,1320.7419760923192,1190.520343848593,130.22163224372616,8101.798462294322,2644.2987636483053
2025-11-10,79711.56554109325,79375.36471942355,0.0,56159.79040955186,1925.8982533057422,-1155.1735172123374,56930.515145645266,0.0,56930.515145645266,21148.59374382783,17387.651084093668,1755.9789596893845,1755.9789596893845,0.0,2644.2987636483053,2358.4208174337264
2025-11-11,82813.33760739132,76474.70040628231,0.0,58120.28122664251,0.0001296429924591848,-2782.400453133441,55337.88090315206,0.0,55337.88090315206,20069.220421003763,16106.125575702325,952.5858943142023,800.868737970844,151.71715634335837,2358.4208174337264,2525.0241122234233
2025-11-12,78742.10691479113,77142.02096902212,0.0,54372.570097338445,991.6607053793542,-1219.6453803312286,54144.585422386575,0.0,54144.585422386575,20865.69085448127,16988.170801272263,2308.51316581311,1849.9207446244457,458.59242118866416,2525.0241122234233,2428.4005465096143
2025-11-13,77522.2409429937,76391.78227823938,0.0,54364.40376312243,159.85980598360268,-368.140566608834,54156.123002497196,0.0,54156.123002497196,18713.555503799435,15321.574632409414,603.930090182698,603.930090182698,0.0,2428.4005465096143,2246.628686140861
2025-11-14,43351.32525149789,43020.24328453975,0.0,18087.75861649089,0.12635670249404973,-130.59052154183158,17957.29445165155,0.0,17957.29445165155,24055.305831420563,13883.370010415381,5249.85216353457,601.1387240366248,4648.713439497945,2246.628686140861,8470.437256180056
2025-11-15,39448.750165317106,37367.13420888519,0.0,17332.531962239085,4.451592531771098e-06,-467.54181321388995,16864.990153476785,0.0,16864.990153476785,16475.57177364997,14141.67729982618,6821.352818394738,543.4788363081337,6277.873982086605,8470.437256180056,7585.477074880379
2025-11-16,74131.93242806652,73843.55397941035,0.0,53539.57711110922,390.36598947860574,-435.29491884134177,53494.64818174648,0.0,53494.64818174648,15108.146382804669,16832.916132433416,1133.7793457057674,1125.719406548117,8.059939157650508,7585.477074880379,2479.5686722563405
2025-11-17,77523.95673711786,78987.84606570289,0.0,54526.601325373354,2289.2042222579216,-720.8720151204819,56094.93353251079,0.0,56094.93353251079,20969.064653431808,16454.501123438098,1777.528202375851,1529.2579034640726,248.27029891177847,2479.5686722563405,3068.947834302631
2025-11-18,80535.31449293096,78825.67944688407,0.0,56952.607089117344,0.0029025232651253303,-848.809692634066,56103.80029900654,0.0,56103.80029900654,20358.40469609137,16859.83176389339,436.5546813527549,436.5546813527549,0.0,3068.947834302631,2658.3656564588805
2025-11-19,79829.65231568602,80596.15319706808,0.0,57107.96732747195,3001.984286306288,-1005.0840406712693,59104.86757310697,0.0,59104.86757310697,20805.118601596372,17086.443464532746,1509.166460004459,1266.0596933377922,243.10676666666677,2658.3656564588805,2398.035215081449
2025-11-20,79890.88404523059,79256.4879693618,0.0,56070.81823793975,146.1466084507834,-491.5719911476833,55725.39285524285,0.0,55725.39285524285,20595.711084545455,16609.258300657024,476.95915214002497,476.95915214002497,0.0,2398.035215081449,2479.4437459978776
2025-11-21,45204.70040290401,45360.33509195582,0.0,19234.374056641765,191.04539344961225,-90.51432075486453,19334.905129336516,0.0,19334.905129336516,25663.41652552855,14245.103873220572,5077.638372981175,614.5188973614561,4463.119475619719,2479.4437459978776,9748.62542650627
2025-11-22,39069.977203936265,35396.21283940161,0.0,17477.31129928717,0.0017777186933945416,-758.0359591280599,16719.277117877802,0.0,16719.277117877802,13747.506468918806,14289.008860266169,5717.885747415645,371.7079885399986,5346.177758875646,9748.62542650627,6244.70473712634
2025-11-23,77314.24828643004,75902.49708731858,0.0,55900.732953895305,1109.7022795488338,-1231.4250535270046,55779.01017991713,0.0,55779.01017991713,17058.213049066515,17147.84931802395,760.0370729426799,731.5073717581568,28.529701184523088,6244.70473712634,2543.9305723707107
2025-11-24,78833.16657250511,77793.46367415533,0.0,55634.90955183859,0.0006959999641308683,-552.5652217156945,55082.34502612286,0.0,55082.34502612286,19613.112056290993,16367.366419443817,385.77433730815267,385.77433730815267,0.0,2543.9305723707107,2009.768734761696
2025-11-25,91815.90713980634,81067.39583388019,0.0,66549.99702963521,0.0003708753175633319,-5038.549747840932,61511.447652669594,0.0,61511.447652669594,21654.93373974124,17250.279971983986,494.0815994562732,494.0815994562732,0.0,2009.768734761696,2332.2313538799435
2025-11-26,86421.13233805743,82160.67701498074,0.0,62278.98069550565,0.052241636915771196,-2188.736258714498,60090.29667842807,0.0,60090.29667842807,21026.93728907533,16591.53222873593,967.605071308004,967.605071308004,0.0,2332.2313538799435,2821.439104341162
2025-11-27,83550.93781903131,80723.49820742122,0.0,60365.477544440146,141.00651512583195,-1629.2573465293176,58877.22671303666,0.0,58877.22671303666,20769.096543462932,16884.781310701786,1058.2902413267363,983.1396117117936,75.15062961494272,2821.439104341162,2752.75787045582
2025-11-28,46430.50253030573,45696.02128307678,0.0,19148.14983551283,0.00171305635203953,-298.6273900527597,18849.524158516426,0.0,18849.524158516426,25578.841614289708,15036.47980414519,4232.420922932262,361.65046367299993,3870.7704592592627,2752.75787045582,9066.515540933018
2025-11-29,46543.46126302332,38375.5337159243,0.0,20788.9397289103,4.425189100820148e-06,-1941.8943439096568,18847.04538942583,0.0,18847.04538942583,15179.378316917984,14574.447948150591,2841.1532471569044,1201.9645174587506,1639.188729698154,9066.515540933018,6534.124972658551
2025-11-30,81305.13025584239,80935.00443577147,0.0,59656.77453956366,695.5429434860565,-571.0957452260067,59781.22173782371,0.0,59781.22173782371,17015.997997915172,17375.14178797872,1049.320109168343,1049.320109168343,0.0,6534.124972658551,2542.810073028073
2025-12-01,90050.07810199354,87858.52534135201,2205.3795325899046,70228.3379550532,0.0004855801985069945,-1003.5360208273107,69224.80241980609,13684.050277572635,82908.85269737872,20254.28492101718,16489.307780408595,0.0,0.0,0.0,2542.810073028073,2450.213412600654
2025-12-02,93603.00807829079,90323.86208173561,2248.6595405210082,73071.3237016346,0.0017110186075652166,-1570.3568750972888,71500.96853755592,15225.496994680536,86726.46553223644,21472.797027116507,17762.39458870614,224.3092338462527,224.3092338462527,0.0,2450.213412600654,2039.7367495542437
2025-12-03,84456.7616411798,89853.68915508084,1390.1343104792281,64380.12545471155,6926.935674574353,-0.29736740542063705,71306.76376188049,9295.770046456038,80602.53380833652,22279.273373991244,18205.360181045053,7.161705947198129,7.161705947198129,0.0,2039.7367495542437,1862.9048072074124
2025-12-04,91631.34710144633,87953.42019593036,2950.665698468152,70842.64276319822,1.157680532141718,-1924.5837108289404,68919.21673290142,15788.46137754479,84707.67811044621,21441.347302636463,17326.170266391146,17.700108153188353,17.700108153188353,0.0,1862.9048072074124,1908.8170835900685
2025-12-05,53881.369487281656,52210.92883288313,1439.114841563274,24038.44346086413,0.34143643330647305,-441.78249842933576,23597.002398868102,3660.624204330198,27257.6266031983,28298.119145957993,16302.389640357851,342.6864855129264,342.6864855129264,0.0,1908.8170835900685,9263.358047887985
2025-12-06,44734.36967824228,43480.57398928967,1031.4588170423822,21452.754014729835,0.0005850939428391257,-377.73563216025144,21075.018967663527,2073.9787471157715,23148.997714779296,17556.684370891737,16761.61443672598,52.33205549962065,52.33205549962065,0.0,9263.358047887985,6440.357940883902
2025-12-07,89944.81104017064,85802.51551268234,908.3084546879325,70607.99316961017,877.5287591703344,-2149.124393953176,69336.39753482732,5676.679497445384,75013.07703227272,17839.76599616632,18781.623278796043,0.0,0.0,0.0,6440.357940883902,1627.6770276602156
2025-12-08,103210.61607255388,97850.98103737412,0.0,80354.67971875455,0.0045371303884656185,-2211.2804236289116,78143.40383225602,0.0,78143.40383225602,20595.436709477395,15779.242652272624,5187.575863502685,5187.575863502685,0.0,1627.6770276602156,2631.078230331405
2025-12-09,101107.07468791002,94461.42976124212,0.0,78193.53623436959,0.057638560121415446,-3040.2882402629616,75153.30563266674,0.0,75153.30563266674,22005.996046149223,17851.703078050596,2918.6825264768304,2918.6825264768304,0.0,2631.078230331405,2601.249029587267
2025-12-10,96330.40448441985,95361.68005540005,0.0,74431.11259955875,1277.9731259323758,-1170.1513883321388,74538.93433715898,0.0,74538.93433715898,22470.514453749252,18390.453970987975,2894.001105972107,2894.001105972107,0.0,2601.249029587267,2390.8742924194025
2025-12-11,100723.87786051529,94058.05305470644,0.0,76850.31617741969,0.0003135499782491706,-3021.9009613497983,73828.41552961987,0.0,73828.41552961987,20999.184188006995,16733.491093549885,3831.1052602493264,3831.1052602493264,0.0,2390.8742924194025,2697.372179903597
2025-12-12,60982.548618099005,57852.06254128227,0.0,28602.080966849142,0.007851680717000716,-833.8236539303326,27768.265164599525,0.0,27768.265164599525,25048.259155780404,13916.57615677326,3005.966058941796,1616.6635425402994,1389.3025164014964,2697.372179903597,9777.943023691225
2025-12-13,48946.30964493854,44798.209080406086,0.0,25072.751903811906,0.009596396308431968,-1299.97582709862,23772.785673109596,0.0,23772.785673109596,12144.360239839305,14219.079841051916,3074.395298285364,1760.0044471767405,1314.3908511086233,9777.943023691225,4908.88963837781
2025-12-14,92659.87631921188,93922.97286723819,0.0,72010.82061721823,1810.569104363506,-246.3080908768184,73575.08163070492,0.0,73575.08163070492,20673.513062458616,18578.3291505665,3049.067155346071,3049.067155346071,0.0,4908.88963837781,2872.463449516673
2025-12-15,94452.66714211719,95983.21413555856,0.0,72931.87972148102,2712.9988107477816,-481.24801701101006,75163.63051521778,0.0,75163.63051521778,22160.954661994303,18255.68263839328,2608.384145290864,2608.384145290864,0.0,2872.463449516673,2533.230824874566
2025-12-16,100252.49249180542,95806.78770939435,0.0,78378.82554917593,0.30370437046334514,-2269.8675997323844,76109.26165381401,0.0,76109.26165381401,21757.549969569198,17561.951883099962,2193.098289591783,2193.098289591783,0.0,2533.230824874566,2601.7459273757777
2025-12-17,100303.47218906594,94063.0769431374,0.0,78382.12439428917,0.011096760058151732,-3193.158021224512,75188.97746982472,0.0,75188.97746982472,22093.444883379703,17950.000713619516,1727.7857067105494,1727.7857067105494,0.0,2601.7459273757777,2541.4010850624873
2025-12-18,95132.89803660898,93463.18644952118,0.0,73297.96154758232,0.0024689251933608203,-800.0753763991447,72497.88864010837,0.0,72497.88864010837,21526.569732265343,17230.588372169004,1800.9381227581691,1800.9381227581691,0.0,2541.4010850624873,2770.2156528024097
2025-12-19,57264.361849584784,54806.61174735048,0.0,26942.63459193383,684.0798770030309,-1072.6477237508489,26554.066745186014,0.0,26554.066745186014,25385.675217386717,15306.899066035754,1819.4442959995126,1282.6448188422175,536.7994771572952,2770.2156528024097,8609.657719521845
2025-12-20,48223.92732317186,44084.06985142871,0.0,24040.017014161243,2.9110041094716623e-05,-1213.259250668781,22826.757792602504,0.0,22826.757792602504,13717.77057206564,14820.14697073365,2330.0940000967166,1080.4380939229845,1249.6559061737319,8609.657719521845,4488.821266899091
2025-12-21,96144.57430181053,94311.08005805737,0.0,74497.47359909606,0.009479328640523067,-943.6209625214589,73553.86211590325,0.0,73553.86211590325,20641.639610030852,18174.90088925187,2806.559470611724,2806.559470611724,0.0,4488.821266899091,2871.96259453589
2025-12-22,96069.5024919302,94531.14907543083,0.0,75307.61836448585,0.0018391579607866105,-903.8606206055857,74403.75958303823,0.0,74403.75958303823,21481.407674874306,17854.985139284967,1967.2994565081594,1967.2994565081594,0.0,2871.96259453589,2366.357124939476
2025-12-23,98938.98536871627,94000.83504704722,0.0,76577.7076662958,0.00011524165917060714,-2456.2480463738075,74121.45973516365,0.0,74121.45973516365,22299.146318958446,17731.558507359798,2175.154702115236,2175.154702115236,0.0,2366.357124939476,2733.857137157861
2025-12-24,97101.2445909432,93475.57129663014,0.0,75364.92583458236,0.17783182580471488,-1776.4239003621624,73588.67976604601,0.0,73588.67976604601,20800.194231108773,17096.22713408015,1917.0448829348475,1917.0448829348475,0.0,2733.857137157861,2458.224018400035
2025-12-25,94320.02432961701,94316.38135405174,0.0,72147.48893864955,249.04323189750798,-159.3200980929275,72237.21207245412,0.0,72237.21207245412,21800.094054729856,17598.553375680425,2302.3921416689814,2302.3921416689814,0.0,2458.224018400035,2524.360472456439
2025-12-26,59062.248507768876,56473.543180668836,0.3694370446037851,27650.22025554506,3.710273295166075e-05,-762.1063000763697,26888.113992571423,0.7320395038824002,26888.846032075307,27547.494006443543,15356.74688256317,1275.5430604997302,1097.2978751989604,178.24518530076978,2524.360472456439,10254.05298651877
2025-12-27,48419.21541538494,45496.514253452115,0.0,23514.937061375527,4.8879821806082186e-06,-892.6411215279219,22622.295944735586,0.0,22622.295944735586,15202.79970294821,15228.721571442835,2183.6270552800684,1950.2509053012734,233.37614997879493,10254.05298651877,7015.770973124573
2025-12-28,92131.82940845947,89044.61015083552,0.0,72114.9517939074,8.178250868752457e-05,-1557.3280858250766,70557.62378986483,0.0,70557.62378986483,16161.867754942641,16668.29768008264,2741.785325975516,2741.785325975516,0.0,7015.770973124573,3041.121196925576
2025-12-29,95947.0415463658,95713.70603504333,0.0,73343.0669491274,833.8036177558131,-519.693894806985,73657.17667207624,0.0,73657.17667207624,21032.43089200134,17280.40843292869,4437.917309304018,4437.917309304018,0.0,3041.121196925576,2769.8551853615713
2025-12-30,96495.54271708935,92984.52999938384,0.0,73258.38260471585,0.0006757869159348502,-1716.7696208264517,71541.61365967631,0.0,71541.61365967631,21435.10427828752,17502.718082100328,2827.7412031966514,2827.7412031966514,0.0,2769.8551853615713,2613.984500153312
2025-12-31,98721.8543825083,95843.12034734136,0.0,76117.80143359964,0.000185545908078808,-1299.9181704929592,74817.88344865259,0.0,74817.88344865259,21362.08400371712,17490.38887850546,3325.0022887963682,3325.0022887963682,0.0,2613.984500153312,2406.094682937095
