month,pv_raw,pv_bias,risk_none,risk_fixed,risk_g05,risk_g10,gate_paid,gate_q50,gate_q75,gate_frozen,gate_info_frozen
2025-04,946012.2817225718,936487.4225477868,1124344.05194995,1124344.05194995,1124344.05194995,1124344.05194995,945997.9968584924,945537.2474239081,957246.9434905988,1105180.8622482226,1105180.8622482226
2025-05,994586.3103484086,981556.4520547373,1160585.4300086207,1160585.4300086207,1160585.4300086207,1160585.4300086207,994588.3021944064,995345.0494828218,1010927.1955910844,1211868.705148291,1211868.705148291
2025-06,1338015.2695482797,1337383.94173044,1713557.6427231247,1713557.6427231247,1713557.6427231247,1713560.3111524615,1337942.3756946481,1337560.6373198754,1339065.0545844927,1524563.8751812156,1524563.8751812156
2025-07,1557842.5706928202,1559252.2952464265,1729319.6586137174,1729319.6586137174,1729319.6586137174,1729319.6586137174,1557842.642573544,1557320.9157647514,1569975.204766982,1922967.9744002712,1922967.9744002712
2025-08,1279843.038711614,1269817.2126957197,1521160.3988890438,1521160.398889044,1521160.398889044,1521160.398889044,1279843.038711614,1280224.6666156785,1287354.6838516945,1431966.9303720563,1431966.9303720563
2025-09,1189914.4159533961,1187792.9668983067,1570879.439620973,1570874.4089630824,1570874.4089630824,1570874.4089630824,1189913.9515056722,1187958.3677677172,1214644.646563336,1381412.8726552334,1381412.8726552334
2025-10,1164409.6408745858,1157148.1726609373,1450306.491060727,1450306.491060727,1450306.491060727,1450306.491060727,1164409.0231442146,1169149.3797499952,1186563.5421530562,1313785.8238671818,1313785.8238671818
2025-11,1261958.0603212656,1256493.7027476048,1536633.5835704342,1536633.5835704342,1536633.5835704342,1536633.5835704342,1261959.9919318287,1264990.3191121018,1282141.8593495442,1449266.117432357,1449266.117432357
2025-12,1705553.653944076,1706056.5892798728,1943580.8314622466,1943580.8314622466,1943580.8314622466,1943580.8314622466,1705554.845048148,1702245.5745132891,1725711.763634167,1898518.3200476035,1898518.3200476035
