date,slot_id,issue_time,forecast_history_end,load_forecast_kwh,pv_forecast_kwh,grid_plan_kwh,risk_delta_kwh,selected_index,selected_candidate
2025-01-24,1,2025-01-24 00:00:00,2025-01-24 00:00:00,364.8331256277157,0.09863773620576857,523.4996741864616,27.280378734877683,4,point_incumbent
2025-01-24,2,2025-01-24 00:00:00,2025-01-24 00:00:00,386.25626117631026,0.3633251256183183,538.9449271214046,27.280378734877683,4,point_incumbent
2025-01-24,3,2025-01-24 00:00:00,2025-01-24 00:00:00,450.1290119811034,0.7809283067332312,610.8397267938884,27.280378734877683,4,point_incumbent
2025-01-24,4,2025-01-24 00:00:00,2025-01-24 00:00:00,472.3553626435992,1.3300803799677872,658.0162436838849,27.280378734877683,4,point_incumbent
2025-01-24,5,2025-01-24 00:00:00,2025-01-24 00:00:00,440.6535371995405,1.9818428152590795,631.5922350059409,27.280378734877683,4,point_incumbent
2025-01-24,6,2025-01-24 00:00:00,2025-01-24 00:00:00,407.36622335525476,2.70061099385335,563.0819800439715,27.280378734877683,4,point_incumbent
2025-01-24,7,2025-01-24 00:00:00,2025-01-24 00:00:00,434.8804923953798,3.445244772951057,570.8701123228057,35.880152311859355,4,point_incumbent
2025-01-24,8,2025-01-24 00:00:00,2025-01-24 00:00:00,446.2478219025699,4.170400126898761,577.4574045189095,35.880152311859355,4,point_incumbent
2025-01-24,9,2025-01-24 00:00:00,2025-01-24 00:00:00,431.59004468751533,4.8280335296093035,591.1848727975209,35.880152311859355,4,point_incumbent
2025-01-24,10,2025-01-24 00:00:00,2025-01-24 00:00:00,454.1731454657523,5.369046882431862,583.3348574347053,35.880152311859355,4,point_incumbent
2025-01-24,11,2025-01-24 00:00:00,2025-01-24 00:00:00,463.43828865003985,5.745037532978908,580.1998717802035,35.880152311859355,4,point_incumbent
2025-01-24,12,2025-01-24 00:00:00,2025-01-24 00:00:00,452.8988398427091,5.910115335972038,625.3959876830017,35.880152311859355,4,point_incumbent
2025-01-24,13,2025-01-24 00:00:00,2025-01-24 00:00:00,467.9351850535983,5.822746827686159,653.3342549553353,28.913712388967923,4,point_incumbent
2025-01-24,14,2025-01-24 00:00:00,2025-01-24 00:00:00,469.546626583901,5.447585459048031,625.9481726168399,28.913712388967923,4,point_incumbent
2025-01-24,15,2025-01-24 00:00:00,2025-01-24 00:00:00,459.7433614267102,4.75724648343453,599.8926948021593,28.913712388967923,4,point_incumbent
2025-01-24,16,2025-01-24 00:00:00,2025-01-24 00:00:00,481.18143773613787,3.733985534404695,641.6430517155385,28.913712388967923,4,point_incumbent
2025-01-24,17,2025-01-24 00:00:00,2025-01-24 00:00:00,490.07942354686577,2.371241152573848,649.1059734279747,28.913712388967923,4,point_incumbent
2025-01-24,18,2025-01-24 00:00:00,2025-01-24 00:00:00,480.45378313594796,0.6750035121063512,635.8204711546615,28.913712388967923,4,point_incumbent
2025-01-24,19,2025-01-24 00:00:00,2025-01-24 00:00:00,493.0575253621851,0.0,630.1783112762794,29.83681761070172,4,point_incumbent
2025-01-24,20,2025-01-24 00:00:00,2025-01-24 00:00:00,515.371430570438,0.0,628.0453258193925,29.83681761070172,4,point_incumbent
2025-01-24,21,2025-01-24 00:00:00,2025-01-24 00:00:00,524.8920729214589,0.0,648.9737203086435,29.83681761070172,4,point_incumbent
2025-01-24,22,2025-01-24 00:00:00,2025-01-24 00:00:00,514.1328803834693,0.0,653.5484088079195,29.83681761070172,4,point_incumbent
2025-01-24,23,2025-01-24 00:00:00,2025-01-24 00:00:00,518.0575986006235,0.0,653.7498422714417,29.83681761070172,4,point_incumbent
2025-01-24,24,2025-01-24 00:00:00,2025-01-24 00:00:00,544.89121972492,0.0,697.8925843549802,29.83681761070172,4,point_incumbent
2025-01-24,25,2025-01-24 00:00:00,2025-01-24 00:00:00,563.9477200786023,0.0,716.5829281419026,30.58728081236607,4,point_incumbent
2025-01-24,26,2025-01-24 00:00:00,2025-01-24 00:00:00,541.1821295663854,0.0,683.7274065038339,30.58728081236607,4,point_incumbent
2025-01-24,27,2025-01-24 00:00:00,2025-01-24 00:00:00,511.6217660671065,0.0,608.5464919957573,30.58728081236607,4,point_incumbent
2025-01-24,28,2025-01-24 00:00:00,2025-01-24 00:00:00,545.0643868236592,0.0,689.9760007634214,30.58728081236607,4,point_incumbent
2025-01-24,29,2025-01-24 00:00:00,2025-01-24 00:00:00,575.3106733874862,0.0,721.5459130337446,30.58728081236607,4,point_incumbent
2025-01-24,30,2025-01-24 00:00:00,2025-01-24 00:00:00,568.0319029782489,0.0,703.5560100139112,30.58728081236607,4,point_incumbent
2025-01-24,31,2025-01-24 00:00:00,2025-01-24 00:00:00,551.3839114097603,0.0,646.3895268632275,31.155157164484898,4,point_incumbent
2025-01-24,32,2025-01-24 00:00:00,2025-01-24 00:00:00,537.2383168525473,0.0,605.758900278123,31.155157164484898,4,point_incumbent
2025-01-24,33,2025-01-24 00:00:00,2025-01-24 00:00:00,539.7592492298817,0.0,650.444907051809,31.155157164484898,4,point_incumbent
2025-01-24,34,2025-01-24 00:00:00,2025-01-24 00:00:00,565.3927994992434,0.0,911.7013693100542,31.155157164484898,4,point_incumbent
2025-01-24,35,2025-01-24 00:00:00,2025-01-24 00:00:00,564.332372415609,0.0,588.5838410716538,31.155157164484898,4,point_incumbent
2025-01-24,36,2025-01-24 00:00:00,2025-01-24 00:00:00,540.9390921569852,4.630848890139772,0.0,31.155157164484898,4,point_incumbent
2025-01-24,37,2025-01-24 00:00:00,2025-01-24 00:00:00,548.0252245181522,15.423502505100382,0.0,74.29184191749144,4,point_incumbent
2025-01-24,38,2025-01-24 00:00:00,2025-01-24 00:00:00,560.1184044600623,28.337106461966464,0.24429571922549237,74.29184191749144,4,point_incumbent
2025-01-24,39,2025-01-24 00:00:00,2025-01-24 00:00:00,557.4976557229558,43.47874033032225,0.0,74.29184191749144,4,point_incumbent
2025-01-24,40,2025-01-24 00:00:00,2025-01-24 00:00:00,553.8168061422176,60.93488327211576,0.0,74.29184191749144,4,point_incumbent
2025-01-24,41,2025-01-24 00:00:00,2025-01-24 00:00:00,588.9032891997839,80.76900838649226,0.0,74.29184191749144,4,point_incumbent
2025-01-24,42,2025-01-24 00:00:00,2025-01-24 00:00:00,639.8452174722172,103.01943462686047,11.62083996894361,74.29184191749144,4,point_incumbent
2025-01-24,43,2025-01-24 00:00:00,2025-01-24 00:00:00,641.9862740700199,127.69747790320861,24.99630846772111,60.793833295904825,4,point_incumbent
2025-01-24,44,2025-01-24 00:00:00,2025-01-24 00:00:00,637.4567579267766,154.78593888679976,44.530636069409624,60.793833295904825,4,point_incumbent
2025-01-24,45,2025-01-24 00:00:00,2025-01-24 00:00:00,645.3298705666051,184.23796025790918,162.76802692943207,60.793833295904825,4,point_incumbent
2025-01-24,46,2025-01-24 00:00:00,2025-01-24 00:00:00,645.9836730886184,215.97628075434736,328.1725257938614,60.793833295904825,4,point_incumbent
2025-01-24,47,2025-01-24 00:00:00,2025-01-24 00:00:00,664.8855505451613,249.89290747408586,0.3350105660099896,60.793833295904825,4,point_incumbent
2025-01-24,48,2025-01-24 00:00:00,2025-01-24 00:00:00,689.7817210241786,285.8492215535213,0.0,60.793833295904825,4,point_incumbent
2025-01-24,49,2025-01-24 00:00:00,2025-01-24 00:00:00,677.4614867966599,323.67652568579905,0.0,-6.053815690735632,4,point_incumbent
2025-01-24,50,2025-01-24 00:00:00,2025-01-24 00:00:00,657.7084476639583,363.1770350691645,0.0,-6.053815690735632,4,point_incumbent
2025-01-24,51,2025-01-24 00:00:00,2025-01-24 00:00:00,647.8835132113484,404.1253063958288,0.0,-6.053815690735632,4,point_incumbent
2025-01-24,52,2025-01-24 00:00:00,2025-01-24 00:00:00,646.9669819881185,446.2700925220049,0.0,-6.053815690735632,4,point_incumbent
2025-01-24,53,2025-01-24 00:00:00,2025-01-24 00:00:00,701.2259335782875,489.33660361466434,0.0,-6.053815690735632,4,point_incumbent
2025-01-24,54,2025-01-24 00:00:00,2025-01-24 00:00:00,776.853748054634,533.029148963917,0.0,-6.053815690735632,4,point_incumbent
2025-01-24,55,2025-01-24 00:00:00,2025-01-24 00:00:00,782.1381847239238,577.0341273918481,0.0,20.520131908670006,4,point_incumbent
2025-01-24,56,2025-01-24 00:00:00,2025-01-24 00:00:00,760.9701568074257,621.0233283842194,0.0,20.520131908670006,4,point_incumbent
2025-01-24,57,2025-01-24 00:00:00,2025-01-24 00:00:00,752.8552712966525,664.6575008185388,0.0,20.520131908670006,4,point_incumbent
2025-01-24,58,2025-01-24 00:00:00,2025-01-24 00:00:00,757.1395482034186,707.5901415498239,0.0,20.520131908670006,4,point_incumbent
2025-01-24,59,2025-01-24 00:00:00,2025-01-24 00:00:00,769.1318060521763,749.4714522229472,0.0,20.520131908670006,4,point_incumbent
2025-01-24,60,2025-01-24 00:00:00,2025-01-24 00:00:00,769.9658471795794,789.9524095751049,0.0,20.520131908670006,4,point_incumbent
2025-01-24,61,2025-01-24 00:00:00,2025-01-24 00:00:00,744.3948672284923,828.6888922284039,0.0,44.13737180227932,4,point_incumbent
2025-01-24,62,2025-01-24 00:00:00,2025-01-24 00:00:00,742.8189582583643,865.3458055916897,0.0,44.13737180227932,4,point_incumbent
2025-01-24,63,2025-01-24 00:00:00,2025-01-24 00:00:00,758.9254531993212,899.6011460192377,0.0,44.13737180227932,4,point_incumbent
2025-01-24,64,2025-01-24 00:00:00,2025-01-24 00:00:00,739.3078878975565,931.149945823296,0.0,44.13737180227932,4,point_incumbent
2025-01-24,65,2025-01-24 00:00:00,2025-01-24 00:00:00,731.9432984072738,959.7080421044478,0.0,44.13737180227932,4,point_incumbent
2025-01-24,66,2025-01-24 00:00:00,2025-01-24 00:00:00,735.0411675639707,985.0156146296958,9.979309370256594,44.13737180227932,4,point_incumbent
2025-01-24,67,2025-01-24 00:00:00,2025-01-24 00:00:00,698.878181153828,1006.8404411198211,258.7135076851679,42.88647603757751,4,point_incumbent
2025-01-24,68,2025-01-24 00:00:00,2025-01-24 00:00:00,682.6655137777669,1024.9808222573174,16.890789892022205,42.88647603757751,4,point_incumbent
2025-01-24,69,2025-01-24 00:00:00,2025-01-24 00:00:00,705.2310987428875,1039.2681334329402,88.19953623087191,42.88647603757751,4,point_incumbent
2025-01-24,70,2025-01-24 00:00:00,2025-01-24 00:00:00,723.8338958817802,1049.568965639062,529.8356726485495,42.88647603757751,4,point_incumbent
2025-01-24,71,2025-01-24 00:00:00,2025-01-24 00:00:00,723.9865517255754,1055.7868239066509,583.3821301089943,42.88647603757751,4,point_incumbent
2025-01-24,72,2025-01-24 00:00:00,2025-01-24 00:00:00,715.511545343531,1057.8633581750169,584.1038146392405,42.88647603757751,4,point_incumbent
2025-01-24,73,2025-01-24 00:00:00,2025-01-24 00:00:00,712.5891134680415,1055.7791083763311,628.729817780548,48.23194513331235,4,point_incumbent
2025-01-24,74,2025-01-24 00:00:00,2025-01-24 00:00:00,683.6617635201139,1049.5537527005245,621.0322436285758,48.23194513331235,4,point_incumbent
2025-01-24,75,2025-01-24 00:00:00,2025-01-24 00:00:00,649.4446384572874,1039.245855365976,576.169621474195,48.23194513331235,4,point_incumbent
2025-01-24,76,2025-01-24 00:00:00,2025-01-24 00:00:00,665.9811058167933,1024.9521176398039,642.478786550252,48.23194513331235,4,point_incumbent
2025-01-24,77,2025-01-24 00:00:00,2025-01-24 00:00:00,678.2032693308511,1006.8061432101716,53.29357224096197,48.23194513331235,4,point_incumbent
2025-01-24,78,2025-01-24 00:00:00,2025-01-24 00:00:00,673.7472425157843,984.9767361942671,0.0,48.23194513331235,4,point_incumbent
2025-01-24,79,2025-01-24 00:00:00,2025-01-24 00:00:00,689.1760421311737,959.6657569549751,0.0,6.929206078742837,4,point_incumbent
2025-01-24,80,2025-01-24 00:00:00,2025-01-24 00:00:00,675.5293503622884,931.1055673870093,0.0,6.929206078742837,4,point_incumbent
2025-01-24,81,2025-01-24 00:00:00,2025-01-24 00:00:00,641.409071583746,899.5561033163472,0.0,6.929206078742837,4,point_incumbent
2025-01-24,82,2025-01-24 00:00:00,2025-01-24 00:00:00,648.696717383897,865.3016170404785,0.0,6.929206078742837,4,point_incumbent
2025-01-24,83,2025-01-24 00:00:00,2025-01-24 00:00:00,655.8223251626777,828.6471377364952,0.0,6.929206078742837,4,point_incumbent
2025-01-24,84,2025-01-24 00:00:00,2025-01-24 00:00:00,647.5110176419613,789.9147014058613,0.0,6.929206078742837,4,point_incumbent
2025-01-24,85,2025-01-24 00:00:00,2025-01-24 00:00:00,649.4859317056754,749.4394051479156,0.0,-17.26122081652088,4,point_incumbent
2025-01-24,86,2025-01-24 00:00:00,2025-01-24 00:00:00,641.4109835363378,707.5653428113,0.0,-17.26122081652088,4,point_incumbent
2025-01-24,87,2025-01-24 00:00:00,2025-01-24 00:00:00,638.2804175794457,664.6414804303785,0.0,-17.26122081652088,4,point_incumbent
2025-01-24,88,2025-01-24 00:00:00,2025-01-24 00:00:00,674.1017763391947,621.0175302940189,0.0,-17.26122081652088,4,point_incumbent
2025-01-24,89,2025-01-24 00:00:00,2025-01-24 00:00:00,674.0260544486445,577.0398820135098,0.0,-17.26122081652088,4,point_incumbent
2025-01-24,90,2025-01-24 00:00:00,2025-01-24 00:00:00,644.7174223417516,533.0476475667322,177.44161241973555,-17.26122081652088,4,point_incumbent
2025-01-24,91,2025-01-24 00:00:00,2025-01-24 00:00:00,663.1501081502316,489.3688750237281,197.21724275033523,-22.489300092898546,4,point_incumbent
2025-01-24,92,2025-01-24 00:00:00,2025-01-24 00:00:00,655.0041909393316,446.31698254559484,154.4496589407169,-22.489300092898546,4,point_incumbent
2025-01-24,93,2025-01-24 00:00:00,2025-01-24 00:00:00,608.3910579186313,404.18746034895673,180.60919597932931,-22.489300092898546,4,point_incumbent
2025-01-24,94,2025-01-24 00:00:00,2025-01-24 00:00:00,592.7588761990371,363.2548837096806,211.3241678829287,-22.489300092898546,4,point_incumbent
2025-01-24,95,2025-01-24 00:00:00,2025-01-24 00:00:00,597.423836391282,323.7702748210831,279.495431286737,-22.489300092898546,4,point_incumbent
2025-01-24,96,2025-01-24 00:00:00,2025-01-24 00:00:00,598.335379966698,285.95884551291186,336.73559273265994,-22.489300092898546,4,point_incumbent
2025-01-24,97,2025-01-24 00:00:00,2025-01-24 00:00:00,587.1676945370535,250.01814657590785,339.1041994908516,56.08894109138805,4,point_incumbent
2025-01-24,98,2025-01-24 00:00:00,2025-01-24 00:00:00,586.4182819350293,216.1166428277655,411.88429689798113,56.08894109138805,4,point_incumbent
2025-01-24,99,2025-01-24 00:00:00,2025-01-24 00:00:00,604.5699366520646,184.39272621010832,483.3854328752031,56.08894109138805,4,point_incumbent
2025-01-24,100,2025-01-24 00:00:00,2025-01-24 00:00:00,616.0291775248547,154.95417223631145,554.5566216842557,56.08894109138805,4,point_incumbent
2025-01-24,101,2025-01-24 00:00:00,2025-01-24 00:00:00,551.2211246029781,127.87803813180805,508.6786751483221,56.08894109138805,4,point_incumbent
2025-01-24,102,2025-01-24 00:00:00,2025-01-24 00:00:00,461.40152439835657,103.21099413650364,431.4754712781109,56.08894109138805,4,point_incumbent
2025-01-24,103,2025-01-24 00:00:00,2025-01-24 00:00:00,471.75808413586856,80.97007278536296,425.3198735707464,42.647921022526,4,point_incumbent
2025-01-24,104,2025-01-24 00:00:00,2025-01-24 00:00:00,482.3625346599746,61.143814656142666,458.5592633853676,42.647921022526,4,point_incumbent
2025-01-24,105,2025-01-24 00:00:00,2025-01-24 00:00:00,460.89807724972405,43.69378317442467,462.0092272999649,42.647921022526,4,point_incumbent
2025-01-24,106,2025-01-24 00:00:00,2025-01-24 00:00:00,471.7230143446838,28.556415689760957,505.007904354006,42.647921022526,4,point_incumbent
2025-01-24,107,2025-01-24 00:00:00,2025-01-24 00:00:00,467.7592037173272,15.645173267583028,447.4937512328871,42.647921022526,4,point_incumbent
2025-01-24,108,2025-01-24 00:00:00,2025-01-24 00:00:00,445.697328844647,4.852947553649886,26.21904029294698,42.647921022526,4,point_incumbent
2025-01-24,109,2025-01-24 00:00:00,2025-01-24 00:00:00,453.76772525159544,0.0,12.647037747782065,54.403606508753136,4,point_incumbent
2025-01-24,110,2025-01-24 00:00:00,2025-01-24 00:00:00,456.28765683773713,0.0,3.7138241856578333,54.403606508753136,4,point_incumbent
2025-01-24,111,2025-01-24 00:00:00,2025-01-24 00:00:00,440.14814093367954,0.0,15.143957090609787,54.403606508753136,4,point_incumbent
2025-01-24,112,2025-01-24 00:00:00,2025-01-24 00:00:00,433.5452880749628,0.0,16.249647895982964,54.403606508753136,4,point_incumbent
2025-01-24,113,2025-01-24 00:00:00,2025-01-24 00:00:00,451.1730479040455,0.0,0.0019361756533693576,54.403606508753136,4,point_incumbent
2025-01-24,114,2025-01-24 00:00:00,2025-01-24 00:00:00,474.1585756433203,0.0,0.0005556213551956122,54.403606508753136,4,point_incumbent
2025-01-24,115,2025-01-24 00:00:00,2025-01-24 00:00:00,470.9182021935095,0.0,0.0004616979752653267,53.75457832682348,4,point_incumbent
2025-01-24,116,2025-01-24 00:00:00,2025-01-24 00:00:00,475.58493276821724,0.0,0.0005902247056962469,53.75457832682348,4,point_incumbent
2025-01-24,117,2025-01-24 00:00:00,2025-01-24 00:00:00,487.7336137602333,0.0,0.0005276091190760532,53.75457832682348,4,point_incumbent
2025-01-24,118,2025-01-24 00:00:00,2025-01-24 00:00:00,473.47530757280055,0.0,0.0005160746689091782,53.75457832682348,4,point_incumbent
2025-01-24,119,2025-01-24 00:00:00,2025-01-24 00:00:00,467.97783971570163,0.0,0.0005440869050287372,53.75457832682348,4,point_incumbent
2025-01-24,120,2025-01-24 00:00:00,2025-01-24 00:00:00,470.9225432968216,0.0,0.0005292568976713198,53.75457832682348,4,point_incumbent
2025-01-24,121,2025-01-24 00:00:00,2025-01-24 00:00:00,446.71120336041076,0.0,0.00047817576121801083,75.01912638071926,4,point_incumbent
2025-01-24,122,2025-01-24 00:00:00,2025-01-24 00:00:00,430.56150781887493,0.0,0.0006643747424833109,75.01912638071926,4,point_incumbent
2025-01-24,123,2025-01-24 00:00:00,2025-01-24 00:00:00,445.86584890997443,0.0,0.0005177224475044447,75.01912638071926,4,point_incumbent
2025-01-24,124,2025-01-24 00:00:00,2025-01-24 00:00:00,477.2515546434282,0.0,0.0,75.01912638071926,4,point_incumbent
2025-01-24,125,2025-01-24 00:00:00,2025-01-24 00:00:00,477.76981864635195,0.0,94.75776950804807,75.01912638071926,4,point_incumbent
2025-01-24,126,2025-01-24 00:00:00,2025-01-24 00:00:00,461.6944784454267,0.7072356950279863,438.09800968105264,75.01912638071926,4,point_incumbent
2025-01-24,127,2025-01-24 00:00:00,2025-01-24 00:00:00,480.6549223405948,2.3950660922418883,504.5058216541475,77.28320733406856,4,point_incumbent
2025-01-24,128,2025-01-24 00:00:00,2025-01-24 00:00:00,466.1928381948067,3.7510819606481425,479.6340229349564,77.28320733406856,4,point_incumbent
2025-01-24,129,2025-01-24 00:00:00,2025-01-24 00:00:00,447.21598174712904,4.769436236647833,431.0843164136249,77.28320733406856,4,point_incumbent
2025-01-24,130,2025-01-24 00:00:00,2025-01-24 00:00:00,512.7567661459408,5.456805401265778,475.06187948981477,77.28320733406856,4,point_incumbent
2025-01-24,131,2025-01-24 00:00:00,2025-01-24 00:00:00,490.61520240409726,5.831018965336594,503.6303093911493,77.28320733406856,4,point_incumbent
2025-01-24,132,2025-01-24 00:00:00,2025-01-24 00:00:00,388.58583920406926,5.91951566132479,446.9639725688332,77.28320733406856,4,point_incumbent
2025-01-24,133,2025-01-24 00:00:00,2025-01-24 00:00:00,389.89281876807263,5.757664113670149,448.8167546963366,36.0957981978251,4,point_incumbent
2025-01-24,134,2025-01-24 00:00:00,2025-01-24 00:00:00,398.15853484110244,5.3869877418615735,422.1155596382875,36.0957981978251,4,point_incumbent
2025-01-24,135,2025-01-24 00:00:00,2025-01-24 00:00:00,370.0506871817987,4.853334865232674,368.93360295422605,36.0957981978251,4,point_incumbent
2025-01-24,136,2025-01-24 00:00:00,2025-01-24 00:00:00,373.4557093852641,4.2050354083836785,376.1375137754331,36.0957981978251,4,point_incumbent
2025-01-24,137,2025-01-24 00:00:00,2025-01-24 00:00:00,416.6255126851717,3.491085247961289,401.15589775150966,36.0957981978251,4,point_incumbent
2025-01-24,138,2025-01-24 00:00:00,2025-01-24 00:00:00,448.70556039160545,2.7593981060373793,417.07848323701637,36.0957981978251,4,point_incumbent
2025-01-24,139,2025-01-24 00:00:00,2025-01-24 00:00:00,415.1888354900551,2.0551630073153624,403.1735564572954,24.180916237290226,4,point_incumbent
2025-01-24,140,2025-01-24 00:00:00,2025-01-24 00:00:00,412.53416876480026,1.4193427149190203,410.3070895152608,24.180916237290226,4,point_incumbent
2025-01-24,141,2025-01-24 00:00:00,2025-01-24 00:00:00,445.904917080376,0.8873452934686401,434.9532256848578,24.180916237290226,4,point_incumbent
2025-01-24,142,2025-01-24 00:00:00,2025-01-24 00:00:00,426.90920645110407,0.48789708114741703,406.3411608233937,24.180916237290226,4,point_incumbent
2025-01-24,143,2025-01-24 00:00:00,2025-01-24 00:00:00,408.1888440963466,0.24214095782112705,400.8432934283097,24.180916237290226,4,point_incumbent
2025-01-24,144,2025-01-24 00:00:00,2025-01-24 00:00:00,415.93839336365,0.16297895667600348,370.09334298237366,24.180916237290226,4,point_incumbent
2025-01-25,1,2025-01-25 00:00:00,2025-01-25 00:00:00,442.2229268220739,0.08836594368507145,1147.7958008499809,29.448530043806457,1,profile_incumbent
2025-01-25,2,2025-01-25 00:00:00,2025-01-25 00:00:00,441.1392385788028,0.3828467907187587,1137.8897839025096,29.448530043806457,1,profile_incumbent
2025-01-25,3,2025-01-25 00:00:00,2025-01-25 00:00:00,439.3923228745218,0.8682258593510845,936.1190919882141,29.448530043806457,1,profile_incumbent
2025-01-25,4,2025-01-25 00:00:00,2025-01-25 00:00:00,445.36206114244584,1.5203128876964604,893.4189462252141,29.448530043806457,1,profile_incumbent
2025-01-25,5,2025-01-25 00:00:00,2025-01-25 00:00:00,482.1477055856635,2.3066561247199697,930.3751364504271,29.448530043806457,1,profile_incumbent
2025-01-25,6,2025-01-25 00:00:00,2025-01-25 00:00:00,509.975526823071,3.187512228607022,943.9256553176394,29.448530043806457,1,profile_incumbent
2025-01-25,7,2025-01-25 00:00:00,2025-01-25 00:00:00,462.09065095783046,4.117053703527183,578.0651198083821,38.032959102270794,1,profile_incumbent
2025-01-25,8,2025-01-25 00:00:00,2025-01-25 00:00:00,426.01752974285233,5.04478854239381,910.5759845583977,38.032959102270794,1,profile_incumbent
2025-01-25,9,2025-01-25 00:00:00,2025-01-25 00:00:00,436.0388630545882,5.917162150005009,984.7554730727638,38.032959102270794,1,profile_incumbent
2025-01-25,10,2025-01-25 00:00:00,2025-01-25 00:00:00,450.1906684821416,6.679307584115121,619.1120934035017,38.032959102270794,1,profile_incumbent
2025-01-25,11,2025-01-25 00:00:00,2025-01-25 00:00:00,488.6763027784576,7.276906747853199,637.506048180828,38.032959102270794,1,profile_incumbent
2025-01-25,12,2025-01-25 00:00:00,2025-01-25 00:00:00,519.5990069035049,7.658122460576662,877.0293456397133,38.032959102270794,1,profile_incumbent
2025-01-25,13,2025-01-25 00:00:00,2025-01-25 00:00:00,482.19886787945194,7.775559378435289,1000.868437643582,32.707075987603616,1,profile_incumbent
2025-01-25,14,2025-01-25 00:00:00,2025-01-25 00:00:00,469.8407645753864,7.588210570000462,663.3510146078952,32.707075987603616,1,profile_incumbent
2025-01-25,15,2025-01-25 00:00:00,2025-01-25 00:00:00,500.10823869103547,7.0633462015997,649.9331418219259,32.707075987603616,1,profile_incumbent
2025-01-25,16,2025-01-25 00:00:00,2025-01-25 00:00:00,500.83901800692274,6.178301262266864,683.5704315220739,32.707075987603616,1,profile_incumbent
2025-01-25,17,2025-01-25 00:00:00,2025-01-25 00:00:00,499.44557255902305,4.922120555506874,698.6815728644821,32.707075987603616,1,profile_incumbent
2025-01-25,18,2025-01-25 00:00:00,2025-01-25 00:00:00,510.5858854511745,3.297021285680932,681.020877161973,32.707075987603616,1,profile_incumbent
2025-01-25,19,2025-01-25 00:00:00,2025-01-25 00:00:00,512.7405034609693,1.3196364376364036,675.9921819866912,28.945987902198993,1,profile_incumbent
2025-01-25,20,2025-01-25 00:00:00,2025-01-25 00:00:00,496.28479538731506,0.0,628.5160126993699,28.945987902198993,1,profile_incumbent
2025-01-25,21,2025-01-25 00:00:00,2025-01-25 00:00:00,476.7115227435195,0.0,630.5798661128914,28.945987902198993,1,profile_incumbent
2025-01-25,22,2025-01-25 00:00:00,2025-01-25 00:00:00,485.4841195294827,0.0,642.3015846383554,28.945987902198993,1,profile_incumbent
2025-01-25,23,2025-01-25 00:00:00,2025-01-25 00:00:00,529.2614710175767,0.0,684.4891531785973,28.945987902198993,1,profile_incumbent
2025-01-25,24,2025-01-25 00:00:00,2025-01-25 00:00:00,566.7966864774486,0.0,732.9153313317896,28.945987902198993,1,profile_incumbent
2025-01-25,25,2025-01-25 00:00:00,2025-01-25 00:00:00,543.2116999027439,0.0,721.4869520392405,30.075169103764964,1,profile_incumbent
2025-01-25,26,2025-01-25 00:00:00,2025-01-25 00:00:00,513.2861208598001,0.0,583.0925691992921,30.075169103764964,1,profile_incumbent
2025-01-25,27,2025-01-25 00:00:00,2025-01-25 00:00:00,521.4052190189681,0.0,668.4121386995392,30.075169103764964,1,profile_incumbent
2025-01-25,28,2025-01-25 00:00:00,2025-01-25 00:00:00,559.6919049040363,0.0,733.7006943581738,30.075169103764964,1,profile_incumbent
2025-01-25,29,2025-01-25 00:00:00,2025-01-25 00:00:00,567.7025542816648,0.0,779.0166556802335,30.075169103764964,1,profile_incumbent
2025-01-25,30,2025-01-25 00:00:00,2025-01-25 00:00:00,550.1956853234135,0.0,727.7441647272204,30.075169103764964,1,profile_incumbent
2025-01-25,31,2025-01-25 00:00:00,2025-01-25 00:00:00,563.3720396135766,0.0,686.9198040103712,29.100699999999996,1,profile_incumbent
2025-01-25,32,2025-01-25 00:00:00,2025-01-25 00:00:00,560.5561577020263,0.0,652.8968352452735,29.100699999999996,1,profile_incumbent
2025-01-25,33,2025-01-25 00:00:00,2025-01-25 00:00:00,537.8381607642265,0.0,1110.1207715923142,29.100699999999996,1,profile_incumbent
2025-01-25,34,2025-01-25 00:00:00,2025-01-25 00:00:00,543.3917841739333,0.0,1365.7680904492377,29.100699999999996,1,profile_incumbent
2025-01-25,35,2025-01-25 00:00:00,2025-01-25 00:00:00,557.2151992484601,0.0,580.1697345249714,29.100699999999996,1,profile_incumbent
2025-01-25,36,2025-01-25 00:00:00,2025-01-25 00:00:00,560.9294838347603,3.0358736745240495,0.0,29.100699999999996,1,profile_incumbent
2025-01-25,37,2025-01-25 00:00:00,2025-01-25 00:00:00,555.6891932985351,13.569525121126338,0.0,73.75721382837436,1,profile_incumbent
2025-01-25,38,2025-01-25 00:00:00,2025-01-25 00:00:00,543.4818806593606,26.266895643253076,0.0,73.75721382837436,1,profile_incumbent
2025-01-25,39,2025-01-25 00:00:00,2025-01-25 00:00:00,535.7160551299113,41.24175803283718,0.0,73.75721382837436,1,profile_incumbent
2025-01-25,40,2025-01-25 00:00:00,2025-01-25 00:00:00,550.00940096928,58.58671217738204,0.0,73.75721382837436,1,profile_incumbent
2025-01-25,41,2025-01-25 00:00:00,2025-01-25 00:00:00,590.4705325384748,78.37066368508019,0.0,73.75721382837436,1,profile_incumbent
2025-01-25,42,2025-01-25 00:00:00,2025-01-25 00:00:00,643.143920544883,100.63656988938168,0.0,73.75721382837436,1,profile_incumbent
2025-01-25,43,2025-01-25 00:00:00,2025-01-25 00:00:00,678.4381945617955,125.39949672151987,0.0,58.559194757389626,1,profile_incumbent
2025-01-25,44,2025-01-25 00:00:00,2025-01-25 00:00:00,665.0000225667582,152.64502565859536,0.0,58.559194757389626,1,profile_incumbent
2025-01-25,45,2025-01-25 00:00:00,2025-01-25 00:00:00,626.899160094139,182.328044963868,5.128659468858855,58.559194757389626,1,profile_incumbent
2025-01-25,46,2025-01-25 00:00:00,2025-01-25 00:00:00,623.4397372510765,214.37195381259355,219.054819966815,58.559194757389626,1,profile_incumbent
2025-01-25,47,2025-01-25 00:00:00,2025-01-25 00:00:00,632.9165324445192,248.66830173002472,0.0,58.559194757389626,1,profile_incumbent
2025-01-25,48,2025-01-25 00:00:00,2025-01-25 00:00:00,632.472409613695,285.07687915661046,0.0,58.559194757389626,1,profile_incumbent
2025-01-25,49,2025-01-25 00:00:00,2025-01-25 00:00:00,624.7459762580935,323.42626800569747,0.0,-6.868361004197084,1,profile_incumbent
2025-01-25,50,2025-01-25 00:00:00,2025-01-25 00:00:00,633.7867169770456,363.5148539040753,0.0,-6.868361004197084,1,profile_incumbent
2025-01-25,51,2025-01-25 00:00:00,2025-01-25 00:00:00,649.6101401796165,405.1122945228864,0.0,-6.868361004197084,1,profile_incumbent
2025-01-25,52,2025-01-25 00:00:00,2025-01-25 00:00:00,644.7894458410218,447.9614311355404,0.0,-6.868361004197084,1,profile_incumbent
2025-01-25,53,2025-01-25 00:00:00,2025-01-25 00:00:00,675.2484804044568,491.78062340050957,0.0,-6.868361004197084,1,profile_incumbent
2025-01-25,54,2025-01-25 00:00:00,2025-01-25 00:00:00,737.1766167410261,536.2664804789223,0.0,-6.868361004197084,1,profile_incumbent
2025-01-25,55,2025-01-25 00:00:00,2025-01-25 00:00:00,762.0126802437785,581.0969550746217,0.0,17.165873811311158,1,profile_incumbent
2025-01-25,56,2025-01-25 00:00:00,2025-01-25 00:00:00,747.1782658681143,625.9347609373783,0.0,17.165873811311158,1,profile_incumbent
2025-01-25,57,2025-01-25 00:00:00,2025-01-25 00:00:00,729.6605476420001,670.4310689002125,0.0,17.165873811311158,1,profile_incumbent
2025-01-25,58,2025-01-25 00:00:00,2025-01-25 00:00:00,744.6087093932044,714.2294317222542,0.0,17.165873811311158,1,profile_incumbent
2025-01-25,59,2025-01-25 00:00:00,2025-01-25 00:00:00,734.6543536094866,756.9698839613952,0.0,17.165873811311158,1,profile_incumbent
2025-01-25,60,2025-01-25 00:00:00,2025-01-25 00:00:00,699.8928458725226,798.2931598762576,0.0,17.165873811311158,1,profile_incumbent
2025-01-25,61,2025-01-25 00:00:00,2025-01-25 00:00:00,702.3265894076734,837.8449700113985,0.0,43.12846507077418,1,profile_incumbent
2025-01-25,62,2025-01-25 00:00:00,2025-01-25 00:00:00,728.1855526563181,875.280275695606,0.0,43.12846507077418,1,profile_incumbent
2025-01-25,63,2025-01-25 00:00:00,2025-01-25 00:00:00,742.6579716645663,910.2675002079807,0.0,43.12846507077418,1,profile_incumbent
2025-01-25,64,2025-01-25 00:00:00,2025-01-25 00:00:00,721.5016474412449,942.4926158519594,0.0,43.12846507077418,1,profile_incumbent
2025-01-25,65,2025-01-25 00:00:00,2025-01-25 00:00:00,687.8552922948599,971.6630476196129,0.0,43.12846507077418,1,profile_incumbent
2025-01-25,66,2025-01-25 00:00:00,2025-01-25 00:00:00,682.6669549856874,997.5113365076517,0.0,43.12846507077418,1,profile_incumbent
2025-01-25,67,2025-01-25 00:00:00,2025-01-25 00:00:00,724.042085556878,1019.7985088274289,85.2947066498331,42.300849196785116,1,profile_incumbent
2025-01-25,68,2025-01-25 00:00:00,2025-01-25 00:00:00,720.6031476415571,1038.317101983809,0.0,42.300849196785116,1,profile_incumbent
2025-01-25,69,2025-01-25 00:00:00,2025-01-25 00:00:00,682.998616088749,1052.8938021178926,16.317556908846697,42.300849196785116,1,profile_incumbent
2025-01-25,70,2025-01-25 00:00:00,2025-01-25 00:00:00,710.0046072943769,1063.391654639158,479.1575085498761,42.300849196785116,1,profile_incumbent
2025-01-25,71,2025-01-25 00:00:00,2025-01-25 00:00:00,737.919549577359,1069.7118149246066,573.6969050566701,42.300849196785116,1,profile_incumbent
2025-01-25,72,2025-01-25 00:00:00,2025-01-25 00:00:00,726.0653163323226,1071.794813236872,574.905392119739,42.300849196785116,1,profile_incumbent
2025-01-25,73,2025-01-25 00:00:00,2025-01-25 00:00:00,699.8316664820442,1069.621315102016,600.0607938683747,41.89604727703916,1,profile_incumbent
2025-01-25,74,2025-01-25 00:00:00,2025-01-25 00:00:00,687.3209930106738,1063.2123658762368,616.0972215484963,41.89604727703916,1,profile_incumbent
2025-01-25,75,2025-01-25 00:00:00,2025-01-25 00:00:00,687.1040062378733,1052.6291158992356,606.2939273366375,41.89604727703916,1,profile_incumbent
2025-01-25,76,2025-01-25 00:00:00,2025-01-25 00:00:00,678.8220197893796,1037.9720303578276,601.261399896003,41.89604727703916,1,profile_incumbent
2025-01-25,77,2025-01-25 00:00:00,2025-01-25 00:00:00,682.846129932696,1019.379595642967,0.0,41.89604727703916,1,profile_incumbent
2025-01-25,78,2025-01-25 00:00:00,2025-01-25 00:00:00,695.1983206420387,997.0265414541052,0.0,41.89604727703916,1,profile_incumbent
2025-01-25,79,2025-01-25 00:00:00,2025-01-25 00:00:00,685.9871775535214,971.1216050673729,0.0,-1.4946924308973906,1,profile_incumbent
2025-01-25,80,2025-01-25 00:00:00,2025-01-25 00:00:00,661.4694906074945,941.9048709241621,0.0,-1.4946924308973906,1,profile_incumbent
2025-01-25,81,2025-01-25 00:00:00,2025-01-25 00:00:00,645.9552202943561,909.6447249070259,0.0,-1.4946924308973906,1,profile_incumbent
2025-01-25,82,2025-01-25 00:00:00,2025-01-25 00:00:00,660.9522138031443,874.6344682519114,0.0,-1.4946924308973906,1,profile_incumbent
2025-01-25,83,2025-01-25 00:00:00,2025-01-25 00:00:00,682.5804739156696,837.1886409115472,0.0,-1.4946924308973906,1,profile_incumbent
2025-01-25,84,2025-01-25 00:00:00,2025-01-25 00:00:00,683.5354854406559,797.6391082580216,0.0,-1.4946924308973906,1,profile_incumbent
2025-01-25,85,2025-01-25 00:00:00,2025-01-25 00:00:00,654.5040505814083,756.3309682301796,0.0,-22.027101579767404,1,profile_incumbent
2025-01-25,86,2025-01-25 00:00:00,2025-01-25 00:00:00,625.358789575938,713.6183383444107,0.0,-22.027101579767404,1,profile_incumbent
2025-01-25,87,2025-01-25 00:00:00,2025-01-25 00:00:00,619.5276806995992,669.8600833616431,0.0,-22.027101579767404,1,profile_incumbent
2025-01-25,88,2025-01-25 00:00:00,2025-01-25 00:00:00,634.8022095607297,625.4155448203774,0.0,-22.027101579767404,1,profile_incumbent
2025-01-25,89,2025-01-25 00:00:00,2025-01-25 00:00:00,633.1791383999523,580.6403331025302,0.0,-22.027101579767404,1,profile_incumbent
2025-01-25,90,2025-01-25 00:00:00,2025-01-25 00:00:00,616.5503170812706,535.8822412086556,148.7199172760901,-22.027101579767404,1,profile_incumbent
2025-01-25,91,2025-01-25 00:00:00,2025-01-25 00:00:00,619.6333935051462,491.4773370102916,138.10920003020675,-22.307818519864732,1,profile_incumbent
2025-01-25,92,2025-01-25 00:00:00,2025-01-25 00:00:00,616.0571948568227,447.7462874631786,107.20187929509385,-22.307818519864732,1,profile_incumbent
2025-01-25,93,2025-01-25 00:00:00,2025-01-25 00:00:00,615.3496217130614,404.99096416366035,192.20030137465693,-22.307818519864732,1,profile_incumbent
2025-01-25,94,2025-01-25 00:00:00,2025-01-25 00:00:00,653.0903435645625,363.4913747826911,267.3613342506031,-22.307818519864732,1,profile_incumbent
2025-01-25,95,2025-01-25 00:00:00,2025-01-25 00:00:00,665.3239475234044,323.50295940056645,347.99112688272976,-22.307818519864732,1,profile_incumbent
2025-01-25,96,2025-01-25 00:00:00,2025-01-25 00:00:00,632.7557781766153,285.2542846843548,312.5095146598732,-22.307818519864732,1,profile_incumbent
2025-01-25,97,2025-01-25 00:00:00,2025-01-25 00:00:00,601.9766127817661,248.9451623017088,353.6152640410869,53.90432532366335,1,profile_incumbent
2025-01-25,98,2025-01-25 00:00:00,2025-01-25 00:00:00,601.043073337073,214.74521105916432,430.5524784245478,53.90432532366335,1,profile_incumbent
2025-01-25,99,2025-01-25 00:00:00,2025-01-25 00:00:00,615.634331217422,182.79287510551322,503.2439140357198,53.90432532366335,1,profile_incumbent
2025-01-25,100,2025-01-25 00:00:00,2025-01-25 00:00:00,600.9779591465178,153.19490327010118,531.415300569239,53.90432532366335,1,profile_incumbent
2025-01-25,101,2025-01-25 00:00:00,2025-01-25 00:00:00,540.5794465064679,126.02628733222954,506.4526499650919,53.90432532366335,1,profile_incumbent
2025-01-25,102,2025-01-25 00:00:00,2025-01-25 00:00:00,475.25941068993603,101.33064986078823,483.39383517879986,53.90432532366335,1,profile_incumbent
2025-01-25,103,2025-01-25 00:00:00,2025-01-25 00:00:00,467.9741361038916,79.12106533990726,448.16494773985704,42.530545784831254,1,profile_incumbent
2025-01-25,104,2025-01-25 00:00:00,2025-01-25 00:00:00,473.0159352033214,59.38129171932349,449.77497211773635,42.530545784831254,1,profile_incumbent
2025-01-25,105,2025-01-25 00:00:00,2025-01-25 00:00:00,465.8913711231343,42.06738340330533,475.6176648089768,42.530545784831254,1,profile_incumbent
2025-01-25,106,2025-01-25 00:00:00,2025-01-25 00:00:00,464.6642296932481,27.109651117342956,503.21473988009114,42.530545784831254,1,profile_incumbent
2025-01-25,107,2025-01-25 00:00:00,2025-01-25 00:00:00,462.83518573916945,14.414929155383197,436.13161630050934,42.530545784831254,1,profile_incumbent
2025-01-25,108,2025-01-25 00:00:00,2025-01-25 00:00:00,468.16160459318496,3.869106289021327,51.99007597041128,42.530545784831254,1,profile_incumbent
2025-01-25,109,2025-01-25 00:00:00,2025-01-25 00:00:00,492.97373603756796,0.0,0.0,53.57564661402886,1,profile_incumbent
2025-01-25,110,2025-01-25 00:00:00,2025-01-25 00:00:00,487.1064618534804,0.0,30.012447105028613,53.57564661402886,1,profile_incumbent
2025-01-25,111,2025-01-25 00:00:00,2025-01-25 00:00:00,451.74437275262846,0.0,2.131011187354428,53.57564661402886,1,profile_incumbent
2025-01-25,112,2025-01-25 00:00:00,2025-01-25 00:00:00,440.98128242738943,0.0,9.470796140439099,53.57564661402886,1,profile_incumbent
2025-01-25,113,2025-01-25 00:00:00,2025-01-25 00:00:00,451.2186108172441,0.0,0.0,53.57564661402886,1,profile_incumbent
2025-01-25,114,2025-01-25 00:00:00,2025-01-25 00:00:00,451.98440108126175,0.0,0.0,53.57564661402886,1,profile_incumbent
2025-01-25,115,2025-01-25 00:00:00,2025-01-25 00:00:00,424.96123139726467,0.0,0.0,52.91790202648357,1,profile_incumbent
2025-01-25,116,2025-01-25 00:00:00,2025-01-25 00:00:00,442.18814841757245,0.0,0.0,52.91790202648357,1,profile_incumbent
2025-01-25,117,2025-01-25 00:00:00,2025-01-25 00:00:00,482.2060166487936,0.0,0.0,52.91790202648357,1,profile_incumbent
2025-01-25,118,2025-01-25 00:00:00,2025-01-25 00:00:00,453.09503205002034,0.0,0.0,52.91790202648357,1,profile_incumbent
2025-01-25,119,2025-01-25 00:00:00,2025-01-25 00:00:00,441.22232852178723,0.0,0.0,52.91790202648357,1,profile_incumbent
2025-01-25,120,2025-01-25 00:00:00,2025-01-25 00:00:00,471.0963198750394,0.0,0.0,52.91790202648357,1,profile_incumbent
2025-01-25,121,2025-01-25 00:00:00,2025-01-25 00:00:00,477.04765775633473,0.0,0.0,71.0034443761421,1,profile_incumbent
2025-01-25,122,2025-01-25 00:00:00,2025-01-25 00:00:00,463.50610892591305,0.0,0.0,71.0034443761421,1,profile_incumbent
2025-01-25,123,2025-01-25 00:00:00,2025-01-25 00:00:00,453.1547965217852,0.0,0.0,71.0034443761421,1,profile_incumbent
2025-01-25,124,2025-01-25 00:00:00,2025-01-25 00:00:00,464.92877393492745,0.0,0.0,71.0034443761421,1,profile_incumbent
2025-01-25,125,2025-01-25 00:00:00,2025-01-25 00:00:00,502.902614108207,0.3606433689314348,45.07448907073878,71.0034443761421,1,profile_incumbent
2025-01-25,126,2025-01-25 00:00:00,2025-01-25 00:00:00,529.023897621497,2.2189672074061404,518.6240468479415,71.0034443761421,1,profile_incumbent
2025-01-25,127,2025-01-25 00:00:00,2025-01-25 00:00:00,495.8555023724392,3.7334046936433225,483.1470056303902,78.31439486150137,1,profile_incumbent
2025-01-25,128,2025-01-25 00:00:00,2025-01-25 00:00:00,469.16927801486963,4.888467008957955,474.54762185476966,78.31439486150137,1,profile_incumbent
2025-01-25,129,2025-01-25 00:00:00,2025-01-25 00:00:00,477.0398827562178,5.682890126644594,459.449881102837,78.31439486150137,1,profile_incumbent
2025-01-25,130,2025-01-25 00:00:00,2025-01-25 00:00:00,482.1460337248336,6.128374280500925,464.260078216239,78.31439486150137,1,profile_incumbent
2025-01-25,131,2025-01-25 00:00:00,2025-01-25 00:00:00,453.5680072221513,6.248107720418898,465.0053964981887,78.31439486150137,1,profile_incumbent
2025-01-25,132,2025-01-25 00:00:00,2025-01-25 00:00:00,415.0083137114738,6.075111787940316,472.0300082357216,78.31439486150137,1,profile_incumbent
2025-01-25,133,2025-01-25 00:00:00,2025-01-25 00:00:00,421.31680637746035,5.650447151865199,497.134252584989,38.872692364208106,1,profile_incumbent
2025-01-25,134,2025-01-25 00:00:00,2025-01-25 00:00:00,443.51232761499534,5.021323078108335,456.6183742531397,38.872692364208106,1,profile_incumbent
2025-01-25,135,2025-01-25 00:00:00,2025-01-25 00:00:00,448.07686740320344,4.239152837044168,441.63132526773467,38.872692364208106,1,profile_incumbent
2025-01-25,136,2025-01-25 00:00:00,2025-01-25 00:00:00,426.1148261027311,3.3575987580097078,420.5797204062912,38.872692364208106,1,profile_incumbent
2025-01-25,137,2025-01-25 00:00:00,2025-01-25 00:00:00,399.16732646352375,2.430650021708223,387.6046006752868,38.872692364208106,1,profile_incumbent
2025-01-25,138,2025-01-25 00:00:00,2025-01-25 00:00:00,394.58924391461267,1.5107750488415146,360.3227616068706,38.872692364208106,1,profile_incumbent
2025-01-25,139,2025-01-25 00:00:00,2025-01-25 00:00:00,422.9812080022745,0.6471883239336353,416.58019426524953,24.848130478318037,1,profile_incumbent
2025-01-25,140,2025-01-25 00:00:00,2025-01-25 00:00:00,436.4238712766424,0.0,438.123460847059,24.848130478318037,1,profile_incumbent
2025-01-25,141,2025-01-25 00:00:00,2025-01-25 00:00:00,419.31147392287585,0.0,412.9598970084611,24.848130478318037,1,profile_incumbent
2025-01-25,142,2025-01-25 00:00:00,2025-01-25 00:00:00,413.8750932293674,0.0,400.02317352273667,24.848130478318037,1,profile_incumbent
2025-01-25,143,2025-01-25 00:00:00,2025-01-25 00:00:00,499.4976487212519,0.0,493.5243495363903,24.848130478318037,1,profile_incumbent
2025-01-25,144,2025-01-25 00:00:00,2025-01-25 00:00:00,616.6461991881629,0.0,570.6136885645028,24.848130478318037,1,profile_incumbent
2025-01-26,1,2025-01-26 00:00:00,2025-01-26 00:00:00,640.4820693277484,0.09347043577059644,1394.2103407498498,29.277821522591303,1,profile_incumbent
2025-01-26,2,2025-01-26 00:00:00,2025-01-26 00:00:00,603.3091827966045,0.42157631987980215,1375.7201319321196,29.277821522591303,1,profile_incumbent
2025-01-26,3,2025-01-26 00:00:00,2025-01-26 00:00:00,600.8375015941186,0.9676963230694429,1270.7215928059497,29.277821522591303,1,profile_incumbent
2025-01-26,4,2025-01-26 00:00:00,2025-01-26 00:00:00,626.8266431244555,1.7056218267090388,1311.9284053745382,29.277821522591303,1,profile_incumbent
2025-01-26,5,2025-01-26 00:00:00,2025-01-26 00:00:00,636.2454435461567,2.6003048245636586,1306.694498813646,29.277821522591303,1,profile_incumbent
2025-01-26,6,2025-01-26 00:00:00,2025-01-26 00:00:00,628.1000753428667,3.6088761147770154,1215.09658267013,29.277821522591303,1,profile_incumbent
2025-01-26,7,2025-01-26 00:00:00,2025-01-26 00:00:00,639.587509749676,4.681912647272526,760.4160524800155,39.564868165421196,1,profile_incumbent
2025-01-26,8,2025-01-26 00:00:00,2025-01-26 00:00:00,649.7810905417329,5.764927608042438,1273.3056034376857,39.564868165421196,1,profile_incumbent
2025-01-26,9,2025-01-26 00:00:00,2025-01-26 00:00:00,647.3864883256846,6.800052027309854,1237.1890579650958,39.564868165421196,1,profile_incumbent
2025-01-26,10,2025-01-26 00:00:00,2025-01-26 00:00:00,645.0490524950003,7.7278724830980705,801.3964395045571,39.564868165421196,1,profile_incumbent
2025-01-26,11,2025-01-26 00:00:00,2025-01-26 00:00:00,651.6628725028798,8.48938591486898,785.9274489584358,39.564868165421196,1,profile_incumbent
2025-01-26,12,2025-01-26 00:00:00,2025-01-26 00:00:00,662.9106936776473,9.028029731468042,1152.6320695888178,39.564868165421196,1,profile_incumbent
2025-01-26,13,2025-01-26 00:00:00,2025-01-26 00:00:00,668.6219874560642,9.291743348615128,1338.283186342078,32.455514498143295,1,profile_incumbent
2025-01-26,14,2025-01-26 00:00:00,2025-01-26 00:00:00,681.6594467805838,9.235016064721227,809.4294801901146,32.455514498143295,1,profile_incumbent
2025-01-26,15,2025-01-26 00:00:00,2025-01-26 00:00:00,685.2872747962494,8.820875806368813,736.7900063097129,32.455514498143295,1,profile_incumbent
2025-01-26,16,2025-01-26 00:00:00,2025-01-26 00:00:00,650.6863141067979,8.022773757722259,759.4888496657335,32.455514498143295,1,profile_incumbent
2025-01-26,17,2025-01-26 00:00:00,2025-01-26 00:00:00,639.7373036744563,6.826321227445719,783.9702262573797,32.455514498143295,1,profile_incumbent
2025-01-26,18,2025-01-26 00:00:00,2025-01-26 00:00:00,670.9239268248054,5.230837283075974,725.9320797768514,32.455514498143295,1,profile_incumbent
2025-01-26,19,2025-01-26 00:00:00,2025-01-26 00:00:00,699.9083988687071,3.2506686619035365,758.4119224676784,28.05515819369627,1,profile_incumbent
2025-01-26,20,2025-01-26 00:00:00,2025-01-26 00:00:00,698.0841665278585,0.9162472004672866,759.085495953626,28.05515819369627,1,profile_incumbent
2025-01-26,21,2025-01-26 00:00:00,2025-01-26 00:00:00,668.1144937536884,0.0,754.2298813555966,28.05515819369627,1,profile_incumbent
2025-01-26,22,2025-01-26 00:00:00,2025-01-26 00:00:00,642.1687874805374,0.0,755.774497545746,28.05515819369627,1,profile_incumbent
2025-01-26,23,2025-01-26 00:00:00,2025-01-26 00:00:00,660.8791257198726,0.0,823.0997641440159,28.05515819369627,1,profile_incumbent
2025-01-26,24,2025-01-26 00:00:00,2025-01-26 00:00:00,695.3587484906643,0.0,819.0902056352669,28.05515819369627,1,profile_incumbent
2025-01-26,25,2025-01-26 00:00:00,2025-01-26 00:00:00,678.5503232157714,0.0,752.207936864553,29.40251577706311,1,profile_incumbent
2025-01-26,26,2025-01-26 00:00:00,2025-01-26 00:00:00,672.6353163106769,0.0,720.9790154901,29.40251577706311,1,profile_incumbent
2025-01-26,27,2025-01-26 00:00:00,2025-01-26 00:00:00,694.4681589588525,0.0,821.5508069092785,29.40251577706311,1,profile_incumbent
2025-01-26,28,2025-01-26 00:00:00,2025-01-26 00:00:00,696.4551743701127,0.0,803.8560785564655,29.40251577706311,1,profile_incumbent
2025-01-26,29,2025-01-26 00:00:00,2025-01-26 00:00:00,686.8447241176971,0.0,751.1486160687682,29.40251577706311,1,profile_incumbent
2025-01-26,30,2025-01-26 00:00:00,2025-01-26 00:00:00,687.599031331939,0.0,743.0386853401455,29.40251577706311,1,profile_incumbent
2025-01-26,31,2025-01-26 00:00:00,2025-01-26 00:00:00,710.9219260984413,0.0,797.4536339626899,28.812716666666674,1,profile_incumbent
2025-01-26,32,2025-01-26 00:00:00,2025-01-26 00:00:00,734.2104273780002,0.0,763.7930244091988,28.812716666666674,1,profile_incumbent
2025-01-26,33,2025-01-26 00:00:00,2025-01-26 00:00:00,721.4620075884645,0.0,1324.022191309728,28.812716666666674,1,profile_incumbent
2025-01-26,34,2025-01-26 00:00:00,2025-01-26 00:00:00,672.9196435543305,0.0,1495.5344899584668,28.812716666666674,1,profile_incumbent
2025-01-26,35,2025-01-26 00:00:00,2025-01-26 00:00:00,742.2272673884881,0.0,761.9840288664265,28.812716666666674,1,profile_incumbent
2025-01-26,36,2025-01-26 00:00:00,2025-01-26 00:00:00,884.3390000342871,1.3523203824965133,747.4854001647252,28.812716666666674,1,profile_incumbent
2025-01-26,37,2025-01-26 00:00:00,2025-01-26 00:00:00,897.0665782931097,11.734406332798747,191.22614743222968,73.22258573925728,1,profile_incumbent
2025-01-26,38,2025-01-26 00:00:00,2025-01-26 00:00:00,891.7789456401088,24.329269703938678,879.1641795792599,73.22258573925728,1,profile_incumbent
2025-01-26,39,2025-01-26 00:00:00,2025-01-26 00:00:00,918.859071606151,39.257136900980925,902.1953972995577,73.22258573925728,1,profile_incumbent
2025-01-26,40,2025-01-26 00:00:00,2025-01-26 00:00:00,911.6713208850362,56.61651704464835,910.3442589293192,73.22258573925728,1,profile_incumbent
2025-01-26,41,2025-01-26 00:00:00,2025-01-26 00:00:00,901.5256848686812,76.48156754230416,883.8275817201521,73.22258573925728,1,profile_incumbent
2025-01-26,42,2025-01-26 00:00:00,2025-01-26 00:00:00,902.4951985091849,98.89973532607998,890.9002816958694,73.22258573925728,1,profile_incumbent
2025-01-26,43,2025-01-26 00:00:00,2025-01-26 00:00:00,893.7447483281486,123.88971909625391,856.3579194860886,58.37531361413428,1,profile_incumbent
2025-01-26,44,2025-01-26 00:00:00,2025-01-26 00:00:00,886.5796504120784,151.43979347595823,819.9809778770127,58.37531361413428,1,profile_incumbent
2025-01-26,45,2025-01-26 00:00:00,2025-01-26 00:00:00,869.8439318190606,181.50653081165783,801.3489846566447,58.37531361413428,1,profile_incumbent
2025-01-26,46,2025-01-26 00:00:00,2025-01-26 00:00:00,847.9831083714967,214.01395052320404,1401.9526235876413,58.37531361413428,1,profile_incumbent
2025-01-26,47,2025-01-26 00:00:00,2025-01-26 00:00:00,997.3238335403635,248.85311950997198,751.6055768388202,58.37531361413428,1,profile_incumbent
2025-01-26,48,2025-01-26 00:00:00,2025-01-26 00:00:00,1209.6071384475758,285.8822202579589,123.62877136003726,58.37531361413428,1,profile_incumbent
2025-01-26,49,2025-01-26 00:00:00,2025-01-26 00:00:00,1184.8105628565556,324.927096077618,86.87938921689211,-7.310625495749203,1,profile_incumbent
2025-01-26,50,2025-01-26 00:00:00,2025-01-26 00:00:00,1154.78493467714,365.782275450922,23.05123838922734,-7.310625495749203,1,profile_incumbent
2025-01-26,51,2025-01-26 00:00:00,2025-01-26 00:00:00,1199.9917845590592,408.2124699006909,0.0,-7.310625495749203,1,profile_incumbent
2025-01-26,52,2025-01-26 00:00:00,2025-01-26 00:00:00,1170.611336826338,451.9545322400679,0.0,-7.310625495749203,1,profile_incumbent
2025-01-26,53,2025-01-26 00:00:00,2025-01-26 00:00:00,1143.6145836831322,496.71985464013295,0.0,-7.310625495749203,1,profile_incumbent
2025-01-26,54,2025-01-26 00:00:00,2025-01-26 00:00:00,1166.4941909767706,542.1971787924123,0.0,-7.310625495749203,1,profile_incumbent
2025-01-26,55,2025-01-26 00:00:00,2025-01-26 00:00:00,1196.8573503695993,588.055783659948,0.03548746684293923,14.400833745018483,1,profile_incumbent
2025-01-26,56,2025-01-26 00:00:00,2025-01-26 00:00:00,1192.3940666976791,633.9490100196214,0.3625335606826815,14.400833745018483,1,profile_incumbent
2025-01-26,57,2025-01-26 00:00:00,2025-01-26 00:00:00,1163.281251685833,679.518075305649,62.513142597255964,14.400833745018483,1,profile_incumbent
2025-01-26,58,2025-01-26 00:00:00,2025-01-26 00:00:00,1159.455449748099,724.3961272663237,399.8679316786457,14.400833745018483,1,profile_incumbent
2025-01-26,59,2025-01-26 00:00:00,2025-01-26 00:00:00,1182.7064968808577,768.2124807287056,116.28295290396265,14.400833745018483,1,profile_incumbent
2025-01-26,60,2025-01-26 00:00:00,2025-01-26 00:00:00,1193.848262644302,810.596978402007,0.0,14.400833745018483,1,profile_incumbent
2025-01-26,61,2025-01-26 00:00:00,2025-01-26 00:00:00,1155.119172657529,851.1844141990105,0.039639231397373825,40.57024919838457,1,profile_incumbent
2025-01-26,62,2025-01-26 00:00:00,2025-01-26 00:00:00,1143.854067247652,889.6189560601744,108.48427812665368,40.57024919838457,1,profile_incumbent
2025-01-26,63,2025-01-26 00:00:00,2025-01-26 00:00:00,1173.2925665509197,925.5585047557829,133.57306053686642,40.57024919838457,1,profile_incumbent
2025-01-26,64,2025-01-26 00:00:00,2025-01-26 00:00:00,1182.9274182872723,958.6789256299077,5.88719148626857,40.57024919838457,1,profile_incumbent
2025-01-26,65,2025-01-26 00:00:00,2025-01-26 00:00:00,1188.1228310463414,988.6780917321844,234.0937592640177,40.57024919838457,1,profile_incumbent
2025-01-26,66,2025-01-26 00:00:00,2025-01-26 00:00:00,1181.787159823971,1015.2796792390611,1033.640790895219,40.57024919838457,1,profile_incumbent
2025-01-26,67,2025-01-26 00:00:00,2025-01-26 00:00:00,1140.5375144369548,1038.2366594588727,965.5412098421748,39.568339316313434,1,profile_incumbent
2025-01-26,68,2025-01-26 00:00:00,2025-01-26 00:00:00,1140.754614184418,1057.334435992983,949.1960880702134,39.568339316313434,1,profile_incumbent
2025-01-26,69,2025-01-26 00:00:00,2025-01-26 00:00:00,1173.6204713197847,1072.393580721763,993.7208174138146,39.568339316313434,1,profile_incumbent
2025-01-26,70,2025-01-26 00:00:00,2025-01-26 00:00:00,1153.0547378681556,1083.2721281193676,984.3408062003124,39.568339316313434,1,profile_incumbent
2025-01-26,71,2025-01-26 00:00:00,2025-01-26 00:00:00,1123.4860373931988,1089.8673938827526,968.2777642733402,39.568339316313434,1,profile_incumbent
2025-01-26,72,2025-01-26 00:00:00,2025-01-26 00:00:00,1097.9833353913464,1092.1172908852693,931.1812502738163,39.568339316313434,1,profile_incumbent
2025-01-26,73,2025-01-26 00:00:00,2025-01-26 00:00:00,1048.8235474688686,1090.0011229214012,926.8962526205395,33.07703563812466,1,profile_incumbent
2025-01-26,74,2025-01-26 00:00:00,2025-01-26 00:00:00,1041.5813319213648,1083.5398444776613,950.153761973788,33.07703563812466,1,profile_incumbent
2025-01-26,75,2025-01-26 00:00:00,2025-01-26 00:00:00,1067.0638092995084,1072.7957827210541,987.9893716950971,33.07703563812466,1,profile_incumbent
2025-01-26,76,2025-01-26 00:00:00,2025-01-26 00:00:00,1054.1712280277366,1057.8718259133348,1040.9539473950022,33.07703563812466,1,profile_incumbent
2025-01-26,77,2025-01-26 00:00:00,2025-01-26 00:00:00,1074.3118702770903,1038.9100904081963,702.8980405760067,33.07703563812466,1,profile_incumbent
2025-01-26,78,2025-01-26 00:00:00,2025-01-26 00:00:00,1119.6210019027128,1016.0900861421359,178.97602258685663,33.07703563812466,1,profile_incumbent
2025-01-26,79,2025-01-26 00:00:00,2025-01-26 00:00:00,1106.1964593392515,989.6264079640866,164.85957835568456,-6.547290924014594,1,profile_incumbent
2025-01-26,80,2025-01-26 00:00:00,2025-01-26 00:00:00,1105.5484509729295,959.7659871451364,206.9263747943266,-6.547290924014594,1,profile_incumbent
2025-01-26,81,2025-01-26 00:00:00,2025-01-26 00:00:00,1129.632469402008,926.7849438563896,256.9253320238594,-6.547290924014594,1,profile_incumbent
2025-01-26,82,2025-01-26 00:00:00,2025-01-26 00:00:00,1115.0591480954488,890.9850871978016,255.0982947054775,-6.547290924014594,1,profile_incumbent
2025-01-26,83,2025-01-26 00:00:00,2025-01-26 00:00:00,1094.1452032493962,852.6901144121618,89.79421942354044,-6.547290924014594,1,profile_incumbent
2025-01-26,84,2025-01-26 00:00:00,2025-01-26 00:00:00,1086.8155771068232,812.2415651469993,0.0,-6.547290924014594,1,profile_incumbent
2025-01-26,85,2025-01-26 00:00:00,2025-01-26 00:00:00,1079.3034182894587,769.9945899674581,0.0160067887130457,-26.19358671481554,1,profile_incumbent
2025-01-26,86,2025-01-26 00:00:00,2025-01-26 00:00:00,1072.5650254154034,726.313594724196,0.0,-26.19358671481554,1,profile_incumbent
2025-01-26,87,2025-01-26 00:00:00,2025-01-26 00:00:00,1067.9086364221123,681.5678238066538,0.0,-26.19358671481554,1,profile_incumbent
2025-01-26,88,2025-01-26 00:00:00,2025-01-26 00:00:00,1066.3242584347965,636.1269457443276,0.0,-26.19358671481554,1,profile_incumbent
2025-01-26,89,2025-01-26 00:00:00,2025-01-26 00:00:00,1080.8453943254042,590.3567040539488,0.06066641271564614,-26.19358671481554,1,profile_incumbent
2025-01-26,90,2025-01-26 00:00:00,2025-01-26 00:00:00,1090.1643242092912,544.6146946821609,1374.8813822601583,-26.19358671481554,1,profile_incumbent
2025-01-26,91,2025-01-26 00:00:00,2025-01-26 00:00:00,1056.6158114166328,499.24632889094795,1327.7534091128002,-23.253216905418522,1,profile_incumbent
2025-01-26,92,2025-01-26 00:00:00,2025-01-26 00:00:00,1025.0197733187774,454.5810370218665,1155.5406189247144,-23.253216905418522,1,profile_incumbent
2025-01-26,93,2025-01-26 00:00:00,2025-01-26 00:00:00,1023.5151904810446,410.9287643149938,1182.9315852764407,-23.253216905418522,1,profile_incumbent
2025-01-26,94,2025-01-26 00:00:00,2025-01-26 00:00:00,1040.7773153051348,368.57680492322186,669.0699582518424,-23.253216905418522,1,profile_incumbent
2025-01-26,95,2025-01-26 00:00:00,2025-01-26 00:00:00,1058.4541471149068,327.7870145383217,748.1374406155086,-23.253216905418522,1,profile_incumbent
2025-01-26,96,2025-01-26 00:00:00,2025-01-26 00:00:00,1056.2935790792217,288.79343572934437,812.5146561690466,-23.253216905418522,1,profile_incumbent
2025-01-26,97,2025-01-26 00:00:00,2025-01-26 00:00:00,1027.7084108951565,251.80036329309362,785.4259350217218,53.39404099498989,1,profile_incumbent
2025-01-26,98,2025-01-26 00:00:00,2025-01-26 00:00:00,1020.6825198136263,216.9808697447877,833.9362447377351,53.39404099498989,1,profile_incumbent
2025-01-26,99,2025-01-26 00:00:00,2025-01-26 00:00:00,1044.0885476682154,184.47580365446973,928.5031596014076,53.39404099498989,1,profile_incumbent
2025-01-26,100,2025-01-26 00:00:00,2025-01-26 00:00:00,1055.2142014177846,154.3932659846237,1000.769652420681,53.39404099498989,1,profile_incumbent
2025-01-26,101,2025-01-26 00:00:00,2025-01-26 00:00:00,1019.1582978182596,126.80856203179614,985.0538288830485,53.39404099498989,1,profile_incumbent
2025-01-26,102,2025-01-26 00:00:00,2025-01-26 00:00:00,974.3203706588007,101.76461914407197,981.9569928561161,53.39404099498989,1,profile_incumbent
2025-01-26,103,2025-01-26 00:00:00,2025-01-26 00:00:00,993.3579764339456,79.27285319869824,971.7661641884703,42.42546703216793,1,profile_incumbent
2025-01-26,104,2025-01-26 00:00:00,2025-01-26 00:00:00,1007.2853481323691,59.314459996935526,987.3375863950502,42.42546703216793,1,profile_incumbent
2025-01-26,105,2025-01-26 00:00:00,2025-01-26 00:00:00,1010.9695766307917,41.84210137651798,1020.6620066772165,42.42546703216793,1,profile_incumbent
2025-01-26,106,2025-01-26 00:00:00,2025-01-26 00:00:00,1043.7170946720946,26.781950057720756,1082.5557553304868,42.42546703216793,1,profile_incumbent
2025-01-26,107,2025-01-26 00:00:00,2025-01-26 00:00:00,934.8793291227632,14.036052118430169,921.7131676623196,42.42546703216793,1,profile_incumbent
2025-01-26,108,2025-01-26 00:00:00,2025-01-26 00:00:00,743.5249468251792,3.4849616166357866,713.0711311330344,42.42546703216793,1,profile_incumbent
2025-01-26,109,2025-01-26 00:00:00,2025-01-26 00:00:00,720.8972098932968,0.0,725.3674283967005,52.98100650447741,1,profile_incumbent
2025-01-26,110,2025-01-26 00:00:00,2025-01-26 00:00:00,757.9355619346223,0.0,772.6620665284329,52.98100650447741,1,profile_incumbent
2025-01-26,111,2025-01-26 00:00:00,2025-01-26 00:00:00,748.3770479208454,0.0,732.6632098861762,52.98100650447741,1,profile_incumbent
2025-01-26,112,2025-01-26 00:00:00,2025-01-26 00:00:00,703.4341320838341,0.0,664.8872933724995,52.98100650447741,1,profile_incumbent
2025-01-26,113,2025-01-26 00:00:00,2025-01-26 00:00:00,714.3885673160986,0.0,671.6609125524305,52.98100650447741,1,profile_incumbent
2025-01-26,114,2025-01-26 00:00:00,2025-01-26 00:00:00,757.6059136163103,0.0,0.05485654597265823,52.98100650447741,1,profile_incumbent
2025-01-26,115,2025-01-26 00:00:00,2025-01-26 00:00:00,725.2658936900111,0.0,0.0,52.148249294866524,1,profile_incumbent
2025-01-26,116,2025-01-26 00:00:00,2025-01-26 00:00:00,703.9281061555175,0.0,8.1190508191175,52.148249294866524,1,profile_incumbent
2025-01-26,117,2025-01-26 00:00:00,2025-01-26 00:00:00,730.2956348461403,0.0,8.64061569278428,52.148249294866524,1,profile_incumbent
2025-01-26,118,2025-01-26 00:00:00,2025-01-26 00:00:00,749.4300885238159,0.0,0.028001262888985454,52.148249294866524,1,profile_incumbent
2025-01-26,119,2025-01-26 00:00:00,2025-01-26 00:00:00,740.4439941680333,0.0,0.05649178825364723,52.148249294866524,1,profile_incumbent
2025-01-26,120,2025-01-26 00:00:00,2025-01-26 00:00:00,713.1232747543975,0.0,3.6567923889965472,52.148249294866524,1,profile_incumbent
2025-01-26,121,2025-01-26 00:00:00,2025-01-26 00:00:00,699.1898303819285,0.0,6.453204056379318,67.5161101572709,1,profile_incumbent
2025-01-26,122,2025-01-26 00:00:00,2025-01-26 00:00:00,730.9900846993594,0.0,3.7902953059014495,67.5161101572709,1,profile_incumbent
2025-01-26,123,2025-01-26 00:00:00,2025-01-26 00:00:00,775.5324210038679,0.0,15.056850960176053,67.5161101572709,1,profile_incumbent
2025-01-26,124,2025-01-26 00:00:00,2025-01-26 00:00:00,761.433407470688,0.0,0.0,67.5161101572709,1,profile_incumbent
2025-01-26,125,2025-01-26 00:00:00,2025-01-26 00:00:00,724.3109278198715,1.3580766277821132,684.6085334937985,67.5161101572709,1,profile_incumbent
2025-01-26,126,2025-01-26 00:00:00,2025-01-26 00:00:00,716.2809400043712,3.150326979870653,669.6548252596968,67.5161101572709,1,profile_incumbent
2025-01-26,127,2025-01-26 00:00:00,2025-01-26 00:00:00,752.6995565774029,4.575026851275227,752.3816678126636,77.04004193065272,1,profile_incumbent
2025-01-26,128,2025-01-26 00:00:00,2025-01-26 00:00:00,751.0571078112808,5.618866814823015,750.7592923082146,77.04004193065272,1,profile_incumbent
2025-01-26,129,2025-01-26 00:00:00,2025-01-26 00:00:00,724.9833612070561,6.2833003890344905,723.1216281705898,77.04004193065272,1,profile_incumbent
2025-01-26,130,2025-01-26 00:00:00,2025-01-26 00:00:00,752.4323765416694,6.5832096922460375,737.218558341256,77.04004193065272,1,profile_incumbent
2025-01-26,131,2025-01-26 00:00:00,2025-01-26 00:00:00,695.9173984440816,6.5453472112979965,692.0776528745766,77.04004193065272,1,profile_incumbent
2025-01-26,132,2025-01-26 00:00:00,2025-01-26 00:00:00,572.1467040719558,6.20659236850368,628.1653391581792,77.04004193065272,1,profile_incumbent
2025-01-26,133,2025-01-26 00:00:00,2025-01-26 00:00:00,552.1024844165183,5.612064487530184,617.1936876883616,36.81169334087136,1,profile_incumbent
2025-01-26,134,2025-01-26 00:00:00,2025-01-26 00:00:00,587.8087596041453,4.813135870586083,604.2357560231972,36.81169334087136,1,profile_incumbent
2025-01-26,135,2025-01-26 00:00:00,2025-01-26 00:00:00,607.5301227276258,3.8653899726503074,603.8872881118837,36.81169334087136,1,profile_incumbent
2025-01-26,136,2025-01-26 00:00:00,2025-01-26 00:00:00,590.934144859029,2.826570075126125,581.6322016607182,36.81169334087136,1,profile_incumbent
2025-01-26,137,2025-01-26 00:00:00,2025-01-26 00:00:00,587.6440761426531,1.754563418410353,578.7304232560087,36.81169334087136,1,profile_incumbent
2025-01-26,138,2025-01-26 00:00:00,2025-01-26 00:00:00,606.7900308709691,0.7054644627841029,568.3170391573949,36.81169334087136,1,profile_incumbent
2025-01-26,139,2025-01-26 00:00:00,2025-01-26 00:00:00,609.7697544585171,0.0,600.9696521527918,22.9797831186451,1,profile_incumbent
2025-01-26,140,2025-01-26 00:00:00,2025-01-26 00:00:00,597.3986197579123,0.0,600.1036565876067,22.9797831186451,1,profile_incumbent
2025-01-26,141,2025-01-26 00:00:00,2025-01-26 00:00:00,578.2978879206103,0.0,575.8074027591441,22.9797831186451,1,profile_incumbent
2025-01-26,142,2025-01-26 00:00:00,2025-01-26 00:00:00,563.8798512692841,0.0,555.9222795686961,22.9797831186451,1,profile_incumbent
2025-01-26,143,2025-01-26 00:00:00,2025-01-26 00:00:00,584.987400231681,0.0,574.7799975045125,22.9797831186451,1,profile_incumbent
2025-01-26,144,2025-01-26 00:00:00,2025-01-26 00:00:00,621.3698999013835,0.0,579.115097684096,22.9797831186451,1,profile_incumbent
