hour,planned_cost_yuan,emergency_cost_yuan,total_cost_yuan,emergency_kwh,unused_grid_kwh,policy
0,1050598.2298178384,0.0,1050598.2298178384,0.0,23563.574308091815,B0
1,719860.0957454843,1801.780590653747,721661.876336138,835.4931195611023,8939.250755227378,B0
2,577696.9602908425,2668.438192775156,580365.3984836177,1230.350766768709,5061.0659293536255,B0
3,509331.53561990464,3076.109513812809,512407.64513371745,1408.9927355305076,1902.382030179915,B0
4,508450.7940224015,4270.433112240242,512721.2271346417,1943.642939392568,1786.9790612575912,B0
5,552566.3040049183,19046.67529562987,571612.9793005482,5642.1728131366135,36823.52936369613,B0
6,196465.38170108778,193154.95189810742,389620.33359919523,44548.441204253126,0.0,B0
7,265542.92773940094,141064.48807934672,406607.41581874766,33693.99153096791,1473.901819931474,B0
8,2615.9500609122624,251375.30151604448,253991.25157695674,47129.6613068507,0.0,B0
9,17148.909992113975,267489.7265130619,284638.6365051759,54454.785587846556,0.0,B0
10,57795.76759787451,91253.77151204605,149049.53910992056,19206.34895184788,2648.9053928727326,B0
11,303764.5960805994,925.3308411316674,304689.9269217311,387.2208275000003,24160.729804508803,B0
12,250492.69668709385,0.0,250492.69668709385,0.0,62654.73492739556,B0
13,27299.859692425416,0.0,27299.859692425416,0.0,1991.340242653507,B0
14,85286.53948264723,580.6832684576459,85867.22275110487,149.62096698431532,6623.503064166412,B0
15,588313.8120199628,4321.420689719034,592635.232709682,1155.9516731148196,92111.27845161557,B0
16,960133.1573981853,4829.154947877106,964962.3123460624,1089.6606875946136,31961.41602550209,B0
17,1351157.3689299433,4765.451147335012,1355922.8200772784,904.2996913848187,8778.491055024884,B0
18,1020595.1203272324,42439.33762940048,1063034.4579566328,6387.020806599187,772.2300148722406,B0
19,54938.00928851428,539635.9731580436,594573.9824465578,80060.67534516608,0.0,B0
20,568807.7000612046,2506192.6774249114,3075000.377486116,370613.92912978196,0.0,B0
21,1177538.6859312144,180142.71481378324,1357681.4007449977,39991.740669158185,1632.9098909575243,B0
22,625667.2744329654,30153.364224925215,655820.6386578907,14385.638521938155,7978.1230462794265,B0
23,515763.8904565984,56664.04109998081,572427.9315565792,26664.482419519827,9498.804891506905,B0
0,808200.2257512561,702.0071129758319,808902.2328642319,329.64144766666595,15814.451336643237,B1
1,551897.2401605706,3006.611686759834,554903.8518473305,1396.181023,6360.905645061726,B1
2,525165.5637475343,3318.904627916667,528484.4683754509,1530.0727000000002,4744.403273045264,B1
3,504157.89339284814,2689.391966130831,506847.28535897896,1231.743467499999,2533.617344238684,B1
4,478414.30693153164,2685.6653139522505,481099.9722454839,1223.3391711666668,2583.859336625518,B1
5,492625.0529927347,3919.2064190491683,496544.2594117839,1232.3593183333337,27959.42549661264,B1
6,213891.3910905861,31418.364011931957,245309.75510251807,7191.209681405342,0.0,B1
7,280145.010363778,67428.35550217553,347573.36586595356,15309.986339333322,3318.235603086418,B1
8,1744.895521758336,197984.31073667697,199729.2062584353,36991.596716730615,0.0,B1
9,10700.797176544984,237421.4111761862,248122.20835273116,48387.34064249999,0.0,B1
10,55278.85742021023,95743.13479565424,151021.99221586448,20099.796903166683,5511.668497119334,B1
11,326930.19045540283,819.1710992750006,327749.36155467783,340.6748833333336,60308.82032222217,B1
12,269585.3210568584,0.0,269585.3210568584,0.0,98106.95456193411,B1
13,31382.0992379,0.0,31382.0992379,0.0,5556.049191769545,B1
14,78193.32559010577,0.0,78193.32559010577,0.0,5018.4154989711815,B1
15,542396.6262893459,5429.603069722677,547826.2293590687,1427.0165223333363,65212.322405249,B1
16,971371.7236331592,11840.178824527413,983211.9024576866,2650.3869198333327,26798.184719001194,B1
17,1451627.150090335,12866.060154125005,1464493.21024446,2476.327166666668,16582.86698518518,B1
18,1086703.3990071567,39117.5768709833,1125820.97587814,5919.154783333327,6242.110452469144,B1
19,52858.977174045045,417652.6849781741,470511.6621522191,61960.39698314402,0.0,B1
20,575748.9501213983,1850659.6045341485,2426408.554655547,273425.541882089,0.0,B1
21,1254832.219939482,100681.86799915288,1355514.087938635,22889.16677527777,4453.465315172992,B1
22,909583.9060504796,13781.537679852912,923365.4437303325,6593.3015063333305,20890.235663411248,B1
23,790222.4533114302,15384.125727386034,805606.5790388163,7244.356707446243,42655.70945443526,B1
0,529004.1268157124,0.0,529004.1268157124,0.0,65096.56027644463,P
1,526345.3091273718,0.0,526345.3091273718,0.0,61903.339571266886,P
2,517717.9261722906,0.0,517717.9261722906,0.0,59222.631109480884,P
3,487771.91851674486,0.0,487771.91851674486,0.0,53935.309051269716,P
4,452832.4920379615,0.0,452832.4920379615,0.0,56741.79802788753,P
5,448126.3558285021,4704.490097315594,452830.84592581773,1418.4554434850131,64657.88159159803,P
6,272967.4597426617,20206.465148895393,293173.9248915571,4676.379648472552,0.0,P
7,360840.6260599364,8039.841219977512,368880.46727991395,1961.1017959470878,22704.734852203652,P
8,4265.85989583211,6921.505462643949,11187.365358476058,1285.9802103786064,0.0,P
9,24488.68768997393,57901.34118894539,82390.02887891931,11845.225984219162,0.0,P
10,87488.61805840481,38839.3693212047,126327.98737960952,8149.444641103369,11617.119932108151,P
11,438133.25106679474,0.0,438133.25106679474,0.0,122966.87612802262,P
12,355580.9894524869,0.0,355580.9894524869,0.0,322527.94311984256,P
13,49454.55618262391,0.0,49454.55618262391,0.0,21305.067486088406,P
14,105850.94813566645,0.0,105850.94813566645,0.0,18908.059374249955,P
15,647950.7443619588,0.0,647950.7443619588,0.0,210889.8060657894,P
16,1050185.9364940985,0.0,1050185.9364940985,0.0,95659.05441580628,P
17,1552421.6216477058,0.0,1552421.6216477058,0.0,78812.27187872538,P
18,1215136.9675261679,9748.207538260436,1224885.1750644282,1449.256767580779,38401.45755922492,P
19,81236.36882444087,96147.85265598838,177384.22148042926,14262.376888688492,0.0,P
20,641705.1567311849,375775.63147946884,1017480.7882106538,55453.05071142727,0.0,P
21,1341106.6799393103,23560.57528095104,1364667.2552202614,5180.816157973542,14386.093123706903,P
22,1165269.7693704532,0.0,1165269.7693704532,0.0,64945.59143277599,P
23,1211782.1962815947,0.0,1211782.1962815947,0.0,322069.7338054481,P
0,892214.2726696826,0.0,892214.2726696826,0.0,31705.404365994484,P_terminal
1,533404.2299538426,0.0,533404.2299538426,0.0,5767.212467447619,P_terminal
2,532915.9857862176,0.0,532915.9857862176,0.0,19198.82072348507,P_terminal
3,532245.738992035,0.0,532245.738992035,0.0,27795.658869285442,P_terminal
4,503059.9799288028,0.0,503059.9799288028,0.0,37640.232456130274,P_terminal
5,527038.9442564173,4704.490097315586,531743.4343537329,1418.4554434850102,212424.26503853776,P_terminal
6,272967.4597426617,20133.220873948565,293100.6806166102,4659.05661593394,0.0,P_terminal
7,360840.6260599364,8089.059847373631,368929.68590731005,1973.5915238078746,22704.734852203652,P_terminal
8,4265.85989583211,6790.275202909094,11056.135098741204,1260.109230153478,0.0,P_terminal
9,24488.68768997393,57188.349053049125,81677.03674302305,11702.799668375379,0.0,P_terminal
10,87488.61805840481,38507.60227388568,125996.22033229048,8080.896575381335,11617.119932108151,P_terminal
11,438133.25106679474,0.0,438133.25106679474,0.0,122968.59034321047,P_terminal
12,356452.22048565204,0.0,356452.22048565204,0.0,323258.1351390942,P_terminal
13,49454.55618262391,0.0,49454.55618262391,0.0,21305.067486088406,P_terminal
14,105850.94813566645,0.0,105850.94813566645,0.0,18910.443202986025,P_terminal
15,647950.7443619588,0.0,647950.7443619588,0.0,210991.43960929554,P_terminal
16,1050185.9364940985,0.0,1050185.9364940985,0.0,95844.12392146369,P_terminal
17,1552421.6216477058,0.0,1552421.6216477058,0.0,78921.34057092856,P_terminal
18,1215136.9675261679,9748.207538260436,1224885.1750644282,1449.256767580779,38401.45755922492,P_terminal
19,81236.36882444087,96424.73486750135,177661.1036919422,14303.44168721274,0.0,P_terminal
20,641705.1567311849,375346.8576830419,1017052.0144142269,55390.22176086956,0.0,P_terminal
21,1341106.6799393103,23560.57528095104,1364667.2552202614,5180.816157973543,14386.093123706903,P_terminal
22,962805.9874404711,0.0,962805.9874404711,0.0,53469.38264250592,P_terminal
23,681764.578861544,0.0,681764.578861544,0.0,13322.567489655241,P_terminal
0,1131823.2249937311,0.0,1131823.2249937311,0.0,62542.017249534736,P_floor
1,752181.2718985442,0.0,752181.2718985442,0.0,17864.03495238711,P_floor
2,621711.879126779,0.0,621711.879126779,0.0,12047.89454537691,P_floor
3,538389.5212377614,1078.9052628823472,539468.4265006437,494.4117151770253,9518.384897533066,P_floor
4,546260.0939573108,862.3307674489942,547122.4247247598,392.4353654429679,15760.696447431694,P_floor
5,636410.552227874,1811.8089483577023,638222.3611762318,515.9262550060331,222385.13886877088,P_floor
6,272967.4597426617,19584.252856324892,292551.7125989866,4533.939789972078,0.0,P_floor
7,360840.6260599364,8164.103822895935,369004.7298828324,1992.1392191915386,22704.734852203652,P_floor
8,4265.85989583211,6792.185653918447,11058.045549750557,1261.5697825450245,0.0,P_floor
9,24488.68768997393,56405.38190419031,80894.06959416423,11543.753034279098,0.0,P_floor
10,87488.61805840481,38233.47833052943,125722.09638893425,8019.256538350604,11617.119932108151,P_floor
11,438133.25106679474,0.0,438133.25106679474,0.0,122968.59034321047,P_floor
12,357490.1869157224,0.0,357490.1869157224,0.0,325887.01054388867,P_floor
13,49454.55618262391,0.0,49454.55618262391,0.0,21305.067486088406,P_floor
14,105850.94813566645,0.0,105850.94813566645,0.0,18910.443202986025,P_floor
15,647950.7443619588,0.0,647950.7443619588,0.0,210991.43960929554,P_floor
16,1050185.9364940985,0.0,1050185.9364940985,0.0,95844.12392146369,P_floor
17,1552421.6216477058,0.0,1552421.6216477058,0.0,78921.34057092856,P_floor
18,1215136.9675261679,9748.207538260436,1224885.1750644282,1449.256767580779,38401.45755922492,P_floor
19,81236.36882444087,96890.74016086369,178127.10898530454,14372.566554580882,0.0,P_floor
20,641705.1567311849,374977.15852323844,1016682.3152544234,55335.504205951554,0.0,P_floor
21,1223956.1799393103,25901.07819092421,1249857.2581302344,6292.958191698024,0.0,P_floor
22,504112.65410713776,11460.342239454701,515572.9963465925,5477.7796644215705,0.0,P_floor
23,517102.578861544,9363.678616091394,526466.2574776354,4407.85591538372,0.0,P_floor
0,1131462.3626657608,0.0,1131462.3626657608,0.0,62538.01064070405,S_terminal
1,750524.3637896285,0.0,750524.3637896285,0.0,17744.36635654877,S_terminal
2,621658.2199832695,0.0,621658.2199832695,0.0,12047.89454537691,S_terminal
3,538389.5212377614,1078.9052628823472,539468.4265006437,494.4117151770253,9588.231545962224,S_terminal
4,546260.0939573108,862.3307674489942,547122.4247247598,392.4353654429679,16082.950299197038,S_terminal
5,636224.1047612184,1811.8089483577023,638035.9137095761,515.9262550060331,222101.64878131374,S_terminal
6,272967.4597426617,19584.252856324885,292551.7125989866,4533.939789972076,0.0,S_terminal
7,360840.6260599364,8164.103822895935,369004.7298828324,1992.1392191915386,22704.734852203652,S_terminal
8,4265.85989583211,6792.185653918447,11058.045549750557,1261.5697825450245,0.0,S_terminal
9,24488.68768997393,56405.38190419031,80894.06959416423,11543.753034279098,0.0,S_terminal
10,87488.61805840481,38233.47833052943,125722.09638893425,8019.256538350604,11617.119932108151,S_terminal
11,438133.25106679474,0.0,438133.25106679474,0.0,122968.59034321047,S_terminal
12,357490.1869157224,0.0,357490.1869157224,0.0,325887.01054388867,S_terminal
13,49454.55618262391,0.0,49454.55618262391,0.0,21305.067486088406,S_terminal
14,105850.94813566645,0.0,105850.94813566645,0.0,18910.443202986025,S_terminal
15,647950.7443619588,0.0,647950.7443619588,0.0,210991.43960929554,S_terminal
16,1050185.9364940985,0.0,1050185.9364940985,0.0,95844.12392146369,S_terminal
17,1552421.6216477058,0.0,1552421.6216477058,0.0,78921.34057092856,S_terminal
18,1215136.9675261679,9748.207538260436,1224885.1750644282,1449.256767580779,38401.45755922492,S_terminal
19,81236.36882444087,96890.74016086369,178127.10898530454,14372.566554580882,0.0,S_terminal
20,641705.1567311849,374977.15852323844,1016682.3152544234,55335.504205951554,0.0,S_terminal
21,1223956.1799393103,25901.07819092421,1249857.2581302344,6292.958191698024,0.0,S_terminal
22,506438.9465531691,10336.582107011178,516775.5286601803,4935.160530744962,56.99881345503468,S_terminal
23,517102.578861544,9258.237209549941,526360.816071094,4358.06106383093,0.0,S_terminal
0,1130915.6371311604,0.0,1130915.6371311604,0.0,62363.64438066076,T_day_trim
1,754810.5453087691,0.0,754810.5453087691,0.0,18036.27006369528,T_day_trim
2,621728.5912630511,0.0,621728.5912630511,0.0,12036.400783980509,T_day_trim
3,538389.5212377614,1078.9052628823472,539468.4265006437,494.4117151770253,9518.384897533066,T_day_trim
4,546260.0939573108,862.3307674489942,547122.4247247598,392.4353654429679,15638.758943924342,T_day_trim
5,632359.2547041974,1811.8089483577023,634171.0636525551,515.9262550060331,221851.50182876227,T_day_trim
6,270407.1344641757,19717.82254395708,290124.95700813277,4564.438634048385,0.0,T_day_trim
7,359407.63952283544,8164.103822895935,367571.74334573135,1992.1392191915386,22704.734852203652,T_day_trim
8,4265.85989583211,10556.409046001902,14822.26894183401,1983.7494750523788,0.0,T_day_trim
9,24488.68768997393,56865.25588520256,81353.9435751765,11635.749041971538,0.0,T_day_trim
10,84396.88161596218,39749.81426940664,124146.69588536881,8327.776321017556,11466.234718663814,T_day_trim
11,407421.1071454909,819.1710992750006,408240.2782447659,340.6748833333336,90310.12952534288,T_day_trim
12,334871.6945909772,0.0,334871.6945909772,0.0,275455.48786909925,T_day_trim
13,41990.48623270702,0.0,41990.48623270702,0.0,14615.058917954317,T_day_trim
14,94190.6673169534,0.0,94190.6673169534,0.0,12761.925908603502,T_day_trim
15,604024.0431289845,0.0,604024.0431289845,0.0,153595.41636760844,T_day_trim
16,1021185.7960535085,1847.6499048447454,1023033.4459583532,402.50567488687204,67275.85577379857,T_day_trim
17,1521994.8866800587,2477.6387236078813,1524472.5254036665,489.96507898318384,53349.38383637441,T_day_trim
18,1215136.9675261679,9919.580944887051,1225056.548471055,1475.8654791135195,33393.00298622967,T_day_trim
19,81236.36882444087,136255.7719641373,217492.14078857817,20214.041880555404,0.0,T_day_trim
20,641495.5383506746,516037.56012345967,1157533.0984741342,75911.01771177886,0.0,T_day_trim
21,1223868.1245445234,26388.20344943094,1250256.3279939543,6439.0381816565105,0.0,T_day_trim
22,504112.65410713776,11460.342239454701,515572.9963465925,5477.7796644215705,0.0,T_day_trim
23,517102.578861544,9519.7325918581,526622.3114534022,4481.133988710736,0.0,T_day_trim
0,1123174.251681879,0.0,1123174.251681879,0.0,61402.19698917026,T_evening_hedge
1,727145.9903144406,0.0,727145.9903144406,0.0,15967.511816584854,T_evening_hedge
2,616401.3631095556,0.0,616401.3631095556,0.0,13717.60955436865,T_evening_hedge
3,538389.5212377614,1078.9052628823472,539468.4265006437,494.4117151770253,14173.928034875453,T_evening_hedge
4,545338.5850596117,862.3307674489942,546200.9158270607,392.4353654429679,18758.841514520092,T_evening_hedge
5,626584.4135418673,1811.8089483577023,628396.222490225,515.9262550060331,215253.9945077204,T_evening_hedge
6,272967.4597426617,19584.252856324892,292551.7125989866,4533.939789972078,0.0,T_evening_hedge
7,360840.6260599364,8164.103822895935,369004.7298828324,1992.1392191915386,22704.734852203652,T_evening_hedge
8,4265.85989583211,6792.1856539184555,11058.045549750566,1261.569782545026,0.0,T_evening_hedge
9,24488.68768997393,56405.38190419031,80894.06959416423,11543.753034279098,0.0,T_evening_hedge
10,87488.61805840481,38176.59069281734,125665.20875122215,8005.01682928625,11617.119932108151,T_evening_hedge
11,438133.25106679474,0.0,438133.25106679474,0.0,122968.59034321047,T_evening_hedge
12,357159.58977165265,0.0,357159.58977165265,0.0,325083.2246356229,T_evening_hedge
13,49454.55618262391,0.0,49454.55618262391,0.0,21305.067486088406,T_evening_hedge
14,105850.94813566645,0.0,105850.94813566645,0.0,18910.443202986025,T_evening_hedge
15,647950.7443619588,0.0,647950.7443619588,0.0,210991.43960929554,T_evening_hedge
16,1050185.9364940985,0.0,1050185.9364940985,0.0,95844.12392146369,T_evening_hedge
17,1558531.2321466866,0.0,1558531.2321466866,0.0,79582.92131815603,T_evening_hedge
18,1293496.7273310923,7280.0972160615565,1300776.824547154,1081.2560843697543,59499.389837592294,T_evening_hedge
19,99874.92851117898,82335.56639324433,182210.4949044233,12213.523660455745,0.0,T_evening_hedge
20,678250.7160048061,282476.5405068324,960727.2565116386,41533.301495461725,0.0,T_evening_hedge
21,1254486.2779905642,9096.836989517868,1263583.114980082,2198.728053726467,0.0,T_evening_hedge
22,504112.65410713776,8578.444538250487,512691.09864538827,4095.8058280783366,0.0,T_evening_hedge
23,517102.578861544,8945.144237896675,526047.7230994407,4210.790999013264,0.0,T_evening_hedge
0,1122905.406836078,0.0,1122905.406836078,0.0,61402.19698917026,T_rebalance
1,730272.6872750912,0.0,730272.6872750912,0.0,16325.541675021785,T_rebalance
2,616335.883317088,0.0,616335.883317088,0.0,13541.50425321477,T_rebalance
3,538389.5212377614,1078.9052628823472,539468.4265006437,494.4117151770253,13637.172735246284,T_rebalance
4,545376.0897214285,862.3307674489942,546238.4204888775,392.4353654429679,18638.368781969803,T_rebalance
5,622551.7262537655,1811.8089483577023,624363.5352021232,515.9262550060331,215312.3451028003,T_rebalance
6,270407.1344641757,19717.822543957074,290124.95700813277,4564.438634048384,0.0,T_rebalance
7,359407.63952283544,8164.103822895935,367571.74334573135,1992.1392191915386,22704.734852203652,T_rebalance
8,4265.85989583211,10556.409046001909,14822.26894183402,1983.7494750523804,0.0,T_rebalance
9,24488.68768997393,56865.25588520256,81353.9435751765,11635.749041971538,0.0,T_rebalance
10,84396.88161596218,39692.92663169455,124089.80824765672,8313.536611953203,11466.234718663814,T_rebalance
11,407421.1071454909,819.1710992750006,408240.2782447659,340.6748833333336,90310.12952534288,T_rebalance
12,334368.8315761038,0.0,334368.8315761038,0.0,274232.8693063146,T_rebalance
13,41990.48623270702,0.0,41990.48623270702,0.0,14615.058917954317,T_rebalance
14,94190.6673169534,0.0,94190.6673169534,0.0,12761.925908603502,T_rebalance
15,604024.0431289845,0.0,604024.0431289845,0.0,153595.41636760844,T_rebalance
16,1021185.7960535085,1847.6499048447454,1023033.4459583532,402.50567488687204,67294.19861505825,T_rebalance
17,1528216.8960311008,2477.6387236078813,1530694.5347547086,489.96507898318384,53802.09025457241,T_rebalance
18,1293496.7273310923,7459.253670811499,1300955.9810019038,1107.864795902495,52662.126786622684,T_rebalance
19,99874.92851117898,116309.96235193183,216184.8908631108,17254.38155413613,0.0,T_rebalance
20,677813.2962695115,407503.24008650414,1085316.5363560156,59761.56667154761,0.0,T_rebalance
21,1254478.8591853015,9148.50710383912,1263627.3662891404,2210.1241971585914,0.0,T_rebalance
22,504112.65410713776,8634.940195590696,512747.5943027285,4122.473591750844,0.0,T_rebalance
23,517102.578861544,8976.15528374771,526078.7341452917,4225.391303086257,0.0,T_rebalance
0,1127594.7443487195,0.0,1127594.7443487195,0.0,61980.806030780244,T_soft
1,742481.7433844194,0.0,742481.7433844194,0.0,17169.09437377748,T_soft
2,619578.6300199736,0.0,619578.6300199736,0.0,12478.882175324272,T_soft
3,538389.5212377614,1078.9052628823472,539468.4265006437,494.4117151770253,12328.974858169617,T_soft
4,546093.32679351,862.3307674489942,546955.657560959,392.4353654429679,17104.18235387696,T_soft
5,630086.7548844075,1811.8089483577023,631898.5638327652,515.9262550060331,218320.95110347608,T_soft
6,271866.69330129464,19584.252856324892,291450.94615761953,4533.939789972078,0.0,T_soft
7,359985.23382941674,8164.103822895935,368149.33765231265,1992.1392191915386,22704.734852203652,T_soft
8,4265.85989583211,8644.23306077127,12910.092956603381,1617.7862832245742,0.0,T_soft
9,24488.68768997393,56559.20326524965,81047.89095522357,11574.071623233338,0.0,T_soft
10,85974.99845064791,38810.27275909935,124785.27120974725,8137.394586694058,11500.211189654536,T_soft
11,421657.6717869039,423.1742263189663,422080.8460132229,171.5494836105318,104654.18996606836,T_soft
12,346271.1008354521,0.0,346271.1008354521,0.0,299595.78199088003,T_soft
13,45353.28323707057,0.0,45353.28323707057,0.0,17633.40012407103,T_soft
14,99600.92919704152,0.0,99600.92919704152,0.0,15580.986450412629,T_soft
15,625306.5428337976,0.0,625306.5428337976,0.0,180015.09557526672,T_soft
16,1035012.3060849644,241.41837186904016,1035253.7244568334,52.11968304599313,80704.29609060173,T_soft
17,1538123.0355958112,2193.4582462819562,1540316.4938420933,434.85663329046554,64654.14127954302,T_soft
18,1247671.4028682285,8421.8442332343,1256093.2471014627,1251.7827151863003,44135.93323552304,T_soft
19,88861.52640129665,104825.2579250867,193686.78432638335,15549.566476215607,0.0,T_soft
20,658029.647472761,399198.91807728406,1057228.565550045,58713.74089210965,0.0,T_soft
21,1237819.1604326165,16852.601479934223,1254671.7619125508,4090.5564681808796,0.0,T_soft
22,504112.65410713776,10479.944949131166,514592.5990562689,5002.751615255303,0.0,T_soft
23,517102.578861544,9221.98564231873,526324.5645038628,4341.394881880207,0.0,T_soft
0,1115426.0599238125,0.0,1115426.0599238125,0.0,60618.83211211038,T_strong
1,712414.2231478604,0.0,712414.2231478604,0.0,13931.60501566352,T_strong
2,610286.2122571218,0.0,610286.2122571218,0.0,14016.820077994314,T_strong
3,538389.5212377614,1078.9052628823472,539468.4265006437,494.4117151770253,14688.882640771111,T_strong
4,543838.9314245143,862.3307674489942,544701.2621919633,392.4353654429679,19141.99668463066,T_strong
5,614845.1096799937,1811.8089483577023,616656.9186283514,515.9262550060331,215906.80552502786,T_strong
6,268923.2645594591,19717.822543957078,288641.0871034162,4564.438634048385,0.0,T_strong
7,358835.67719183624,8164.103822895935,366999.78101473214,1992.1392191915386,22704.734852203652,T_strong
8,4265.85989583211,12187.977587737572,16453.837483569685,2294.7568312482285,0.0,T_strong
9,24488.68768997393,58602.798549756,83091.48623972993,11996.842865458413,0.0,T_strong
10,83470.57906727129,40095.8171854096,123566.39625268089,8404.664454579117,11371.086085272862,T_strong
11,393333.61092128407,819.1710992750006,394152.78202055907,340.6748833333336,77896.25761179671,T_strong
12,322944.9489557531,0.0,322944.9489557531,0.0,251757.32700325563,T_strong
13,39058.97939803436,0.0,39058.97939803436,0.0,11832.142468811759,T_strong
14,89717.65073015401,0.0,89717.65073015401,0.0,10192.369871933513,T_strong
15,584497.4278564111,0.0,584497.4278564111,0.0,130866.54684088794,T_strong
16,1007268.2097660063,3700.6362459829993,1010968.8460119893,817.806495091446,55252.69987178405,T_strong
17,1518378.555894051,2785.638526953511,1521164.1944210045,549.6925824195788,44031.57780824643,T_strong
18,1354203.7261712747,5629.274403985872,1359833.0005752605,836.0722417920499,62959.90781840156,T_strong
19,116766.93146440014,122850.45916225841,239617.39062665854,18226.537430184977,0.0,T_strong
20,711857.671302431,387139.85419215093,1098997.525494582,56637.288399948186,0.0,T_strong
21,1279808.6648150869,2916.7908114565876,1282725.4556265434,661.2282452369566,0.0,T_strong
22,504112.65410713776,6517.70183185695,510630.35593899473,3109.0572278728637,0.0,T_strong
23,517102.578861544,8275.487036108218,525378.0658976523,3895.0937634696065,0.0,T_strong
0,1122925.8451459135,0.0,1122925.8451459135,0.0,61402.19698917026,T_morning_hedge
1,730085.0603407468,0.0,730085.0603407468,0.0,16325.541675021785,T_morning_hedge
2,616364.5145321747,0.0,616364.5145321747,0.0,13541.50425321477,T_morning_hedge
3,538389.5212377614,1078.9052628823472,539468.4265006437,494.4117151770253,13637.172735246284,T_morning_hedge
4,545393.7047860433,862.3307674489942,546256.0355534923,392.4353654429679,18638.368781969803,T_morning_hedge
5,625580.6543529249,1811.8089483577023,627392.4633012826,515.9262550060331,215531.22534576824,T_morning_hedge
6,277581.9613754101,19584.252856324885,297166.2142317349,4533.939789972076,0.0,T_morning_hedge
7,367814.0661160437,8164.103822895935,375978.1699389396,1992.1392191915386,22997.657350605947,T_morning_hedge
8,4265.85989583211,7406.5731119856255,11672.433007817735,1379.861350354702,0.0,T_morning_hedge
9,27549.890927061337,50934.99056057487,78484.88148763622,10423.308768299932,0.0,T_morning_hedge
10,89193.62960586365,35774.11444486707,124967.74405073072,7502.742545298912,13330.521247654071,T_morning_hedge
11,414104.3241781758,760.5856593202141,414864.90983749606,315.5417044595513,93832.31356123854,T_morning_hedge
12,336462.002016331,0.0,336462.002016331,0.0,295865.01913934737,T_morning_hedge
13,42026.68352464601,0.0,42026.68352464601,0.0,14926.500257802823,T_morning_hedge
14,94553.13875074747,0.0,94553.13875074747,0.0,12848.760674297871,T_morning_hedge
15,604833.1625078504,0.0,604833.1625078504,0.0,155413.57973680325,T_morning_hedge
16,1021185.7960535085,1311.6065028262362,1022497.4025563347,284.71503748923993,68187.57356930002,T_morning_hedge
17,1528216.8960311008,2477.6387236078813,1530694.5347547086,489.96507898318384,53872.41083213316,T_morning_hedge
18,1293496.7273310923,7459.253670811499,1300955.9810019038,1107.864795902495,53059.15306833746,T_morning_hedge
19,99874.92851117898,107357.0559897013,207231.98450088027,15925.770150048653,0.0,T_morning_hedge
20,677813.2962695115,392267.159808913,1070080.4560784244,57552.22067038548,0.0,T_morning_hedge
21,1254478.8591853015,9148.50710383912,1263627.3662891404,2210.1241971585914,0.0,T_morning_hedge
22,504112.65410713776,8634.940195590696,512747.5943027285,4122.473591750844,0.0,T_morning_hedge
23,517102.578861544,8976.15528374771,526078.7341452917,4225.391303086257,0.0,T_morning_hedge
0,1131760.9224569825,0.0,1131760.9224569825,0.0,62485.72614722871,R_guard
1,751221.6322944502,0.0,751221.6322944502,0.0,17892.316581904717,R_guard
2,621545.52702323,0.0,621545.52702323,0.0,12036.400783980509,R_guard
3,538389.5212377614,1078.9052628823472,539468.4265006437,494.4117151770253,9518.384897533066,R_guard
4,546260.0939573108,862.3307674489942,547122.4247247598,392.4353654429679,15760.696447431694,R_guard
5,635988.5423567288,1811.8089483577023,637800.3513050865,515.9262550060331,222339.45862415252,R_guard
6,272952.651784943,19584.252856324892,292536.9046412679,4533.939789972078,0.0,R_guard
7,360840.6260599364,8164.103822895935,369004.7298828324,1992.1392191915386,22704.734852203652,R_guard
8,4265.85989583211,6792.185653918447,11058.045549750557,1261.5697825450245,0.0,R_guard
9,24488.68768997393,56405.38190419031,80894.06959416423,11543.753034279098,0.0,R_guard
10,87463.73987768436,38233.47833052943,125697.2182082138,8019.256538350604,11617.119932108151,R_guard
11,438001.5143043256,0.0,438001.5143043256,0.0,122842.30409360322,R_guard
12,357037.40976086835,0.0,357037.40976086835,0.0,325440.5282737748,R_guard
13,49417.96366083732,0.0,49417.96366083732,0.0,21262.61922695425,R_guard
14,105783.88578042596,0.0,105783.88578042596,0.0,18819.209009452454,R_guard
15,647434.3033193428,0.0,647434.3033193428,0.0,210438.24946472596,R_guard
16,1049736.9975852272,0.0,1049736.9975852272,0.0,95283.32165934455,R_guard
17,1552319.308099392,0.0,1552319.308099392,0.0,78125.70490136112,R_guard
18,1215438.5582790251,9748.207538260436,1225186.7658172855,1449.256767580779,38492.15517787544,R_guard
19,81328.5105677305,96890.74016086369,178219.25072859417,14372.566554580882,0.0,R_guard
20,642780.8849185633,374977.15852323844,1017758.0434418017,55335.504205951554,0.0,R_guard
21,1224361.985030719,25901.07819092421,1250263.0632216432,6292.958191698024,0.0,R_guard
22,504112.65410713776,11460.342239454701,515572.9963465925,5477.7796644215705,0.0,R_guard
23,517102.578861544,9363.678616091394,526466.2574776354,4407.85591538372,0.0,R_guard
0,1131329.0288618505,0.0,1131329.0288618505,0.0,62423.84997575883,R_mean
1,746618.1838338304,0.0,746618.1838338304,0.0,17631.142591585794,R_mean
2,621377.1488772092,0.0,621377.1488772092,0.0,12119.438793206722,R_mean
3,538389.5212377614,1078.9052628823472,539468.4265006437,494.4117151770253,9518.384897533066,R_mean
4,546194.7924251399,862.3307674489942,547057.1231925889,392.4353654429679,15760.696447431694,R_mean
5,634854.9116673486,1811.8089483577023,636666.7206157063,515.9262550060331,222486.47655924616,R_mean
6,271840.27285523625,19584.252856324892,291424.52571156115,4533.939789972078,0.0,R_mean
7,360938.06231002737,8164.103822895935,369102.16613292333,1992.1392191915386,22704.734852203652,R_mean
8,4265.85989583211,7280.422498092535,11546.282393924645,1355.823999567049,0.0,R_mean
9,24993.521980792706,56853.348260763516,81846.87024155621,11633.48314908367,0.0,R_mean
10,87609.52038525154,38967.28805092149,126576.80843617303,8168.188801064494,11805.354723888979,R_mean
11,433368.5320868021,0.0,433368.5320868021,0.0,117457.9093041641,R_mean
12,353115.39478717634,0.0,353115.39478717634,0.0,317777.7975040466,R_mean
13,47427.30841236949,0.0,47427.30841236949,0.0,20130.256232473246,R_mean
14,104408.5241722024,0.0,104408.5241722024,0.0,17988.62917909155,R_mean
15,640957.5461146373,0.0,640957.5461146373,0.0,202442.30702054308,R_mean
16,1046453.8967428346,0.0,1046453.8967428346,0.0,92250.84044820732,R_mean
17,1548603.1178743409,0.0,1548603.1178743409,0.0,73979.72275137668,R_mean
18,1226128.0665686969,9575.059237537587,1235703.1258062345,1423.5404003265317,39976.99427729028,R_mean
19,82767.38142721895,103586.92829981036,186354.30972702932,15366.481470558037,0.0,R_mean
20,647027.9768927526,390046.02186373353,1037073.9987564861,57451.737603997266,0.0,R_mean
21,1228528.5054827475,24231.170642788256,1252759.6761255357,5873.697412670882,0.0,R_mean
22,504112.65410713776,11453.815885088776,515566.4699922266,5474.397257390772,0.0,R_mean
23,517102.578861544,9363.678616091394,526466.2574776354,4407.85591538372,0.0,R_mean
0,1127656.7470638007,0.0,1127656.7470638007,0.0,61778.66656533876,R_cost
1,740602.4403641201,0.0,740602.4403641201,0.0,16645.971042520705,R_cost
2,617155.7680539021,0.0,617155.7680539021,0.0,13623.264090586237,R_cost
3,538389.5212377614,1078.9052628823472,539468.4265006437,494.4117151770253,14004.390261272467,R_cost
4,546118.0881630236,862.3307674489942,546980.4189304726,392.4353654429679,18295.651785235863,R_cost
5,626997.0188988411,1811.8089483577023,628808.8278471988,515.9262550060331,214982.38535912125,R_cost
6,270359.6364926338,19584.252856324892,289943.8893489587,4533.939789972078,0.0,R_cost
7,360584.1982267781,8164.103822895935,368748.3020496741,1992.1392191915386,22704.734852203652,R_cost
8,4265.85989583211,9293.167541393586,13559.027437225695,1740.2548512244698,0.0,R_cost
9,24488.68768997393,56986.4172835881,81475.10497356203,11659.711398383875,0.0,R_cost
10,84696.85214658323,38967.28805092149,123664.14019750472,8168.188801064494,11485.587913803223,R_cost
11,411169.17144811834,819.1710992750006,411988.34254739335,340.6748833333336,96339.64620480935,R_cost
12,339974.0283166024,0.0,339974.0283166024,0.0,286870.7963631949,R_cost
13,44898.55148368824,0.0,44898.55148368824,0.0,17486.56813032385,R_cost
14,98499.55293635948,0.0,98499.55293635948,0.0,14851.50987951833,R_cost
15,617711.5946765183,0.0,617711.5946765183,0.0,174587.3483879075,R_cost
16,1027103.7099219495,3700.6362459829993,1030804.3461679326,817.806495091446,74185.17669803527,R_cost
17,1530094.5403844074,2785.638526953511,1532880.178911361,549.6925824195788,59028.85210187211,R_cost
18,1262043.8711027214,6325.4146276017045,1268369.285730323,939.4645221449138,48249.52004270068,R_cost
19,98331.09277473358,119498.15583078953,217829.24860552314,17728.974483203725,0.0,R_cost
20,666405.3520080062,430478.7312441135,1096884.0832521198,63182.505925855265,0.0,R_cost
21,1242907.163880103,12935.022201802523,1255842.1860819056,3182.025964852651,0.0,R_cost
22,504112.65410713776,9487.196937921239,513599.85104505904,4524.556289935119,0.0,R_cost
23,517102.578861544,9415.518665421028,526518.0975269651,4432.390337430535,0.0,R_cost
0,1131649.533980726,0.0,1131649.533980726,0.0,62542.017249534736,R_w28
1,750754.5425765087,0.0,750754.5425765087,0.0,17733.904608524303,R_w28
2,621538.5151478383,0.0,621538.5151478383,0.0,12020.067507968955,R_w28
3,538389.5212377614,1078.9052628823472,539468.4265006437,494.4117151770253,9518.384897533066,R_w28
4,546260.0939573108,862.3307674489942,547122.4247247598,392.4353654429679,15760.696447431694,R_w28
5,635663.0583233312,1811.8089483577023,637474.8672716889,515.9262550060331,222377.76057078192,R_w28
6,272967.4597426617,19584.252856324892,292551.7125989866,4533.939789972078,0.0,R_w28
7,360840.6260599364,8164.103822895935,369004.7298828324,1992.1392191915386,22704.734852203652,R_w28
8,4265.85989583211,6792.185653918447,11058.045549750557,1261.5697825450245,0.0,R_w28
9,24488.68768997393,56405.38190419031,80894.06959416423,11543.753034279098,0.0,R_w28
10,87488.61805840481,38233.47833052943,125722.09638893425,8019.256538350604,11617.119932108151,R_w28
11,437146.6527466892,819.1710992750006,437965.8238459642,340.6748833333336,122124.07218056226,R_w28
12,356494.85289582436,0.0,356494.85289582436,0.0,324944.09544943605,R_w28
13,49126.92276384164,0.0,49126.92276384164,0.0,21211.302468922524,R_w28
14,105707.21731399288,0.0,105707.21731399288,0.0,18826.890740694515,R_w28
15,646587.8551740613,0.0,646587.8551740613,0.0,209935.33334264162,R_w28
16,1049255.792299578,1847.6499048447454,1051103.4422044226,402.50567488687204,95085.74751316507,R_w28
17,1552263.4605135098,2477.6387236078813,1554741.0992371177,489.96507898318384,77564.5859322407,R_w28
18,1216596.2555877238,9219.167952729897,1225815.4235404537,1369.2511440264213,38271.14313464843,R_w28
19,81293.61107109312,96604.52892760235,177898.1399986955,14330.107332232721,0.0,R_w28
20,643220.5284452707,377369.9512882166,1020590.4797334872,55670.89336747108,0.0,R_w28
21,1224824.6873890767,25151.36380961474,1249976.0511986916,6114.62600277668,0.0,R_w28
22,504112.65410713776,11460.342239454701,515572.9963465925,5477.7796644215705,0.0,R_w28
23,517102.578861544,9363.678616091394,526466.2574776354,4407.85591538372,0.0,R_w28
0,1123292.2767754444,0.0,1123292.2767754444,0.0,61402.19698917026,X_morning90
1,730139.0882832786,0.0,730139.0882832786,0.0,16327.504874089633,X_morning90
2,616484.3721214664,0.0,616484.3721214664,0.0,13541.50425321477,X_morning90
3,538389.5212377614,1078.9052628823472,539468.4265006437,494.4117151770253,13637.172735246284,X_morning90
4,545393.7047860433,862.3307674489942,546256.0355534923,392.4353654429679,18638.368781969803,X_morning90
5,629060.0227285539,1811.8089483577023,630871.8316769116,515.9262550060331,215739.98489006283,X_morning90
6,286984.6354019633,19458.688233042052,306443.32363500533,4506.477002016732,0.0,X_morning90
7,378965.17747158976,8164.103822895935,387129.28129448567,1992.1392191915386,23392.327910908698,X_morning90
8,4265.85989583211,5603.806791409529,9869.666687241639,1032.1530137209088,0.0,X_morning90
9,30505.211573420478,45729.33434421281,76234.54591763328,9363.177078720173,0.0,X_morning90
10,95389.22742700197,30304.38881247092,125693.61623947289,6365.455821748303,16347.076024252136,X_morning90
11,422317.4027329517,212.11408478679553,422529.5168177385,87.24345543710628,99018.83853744996,X_morning90
12,338332.3296949207,0.0,338332.3296949207,0.0,324463.7337658696,X_morning90
13,42128.22848621596,0.0,42128.22848621596,0.0,15029.24535104332,X_morning90
14,95205.78450471535,0.0,95205.78450471535,0.0,13376.16489346504,X_morning90
15,606301.2908544763,0.0,606301.2908544763,0.0,158710.79618733827,X_morning90
16,1021185.7960535085,1311.6065028262362,1022497.4025563347,284.71503748923993,68933.39729251643,X_morning90
17,1528216.8960311008,2477.6387236078813,1530694.5347547086,489.96507898318384,53922.038508246245,X_morning90
18,1293496.7273310923,7459.253670811499,1300955.9810019038,1107.864795902495,53400.056743732086,X_morning90
19,99874.92851117898,95651.44778487655,195526.37629605553,14188.755281626212,0.0,X_morning90
20,677813.2962695115,374480.9958958601,1052294.2921653716,54970.03310750093,0.0,X_morning90
21,1254478.8591853015,9148.50710383912,1263627.3662891404,2210.1241971585914,0.0,X_morning90
22,504112.65410713776,8634.940195590696,512747.5943027285,4122.473591750844,0.0,X_morning90
23,517102.578861544,8976.15528374771,526078.7341452917,4225.391303086257,0.0,X_morning90
0,1115433.3731264984,0.0,1115433.3731264984,0.0,60618.83211211038,X_strong_morning85
1,711852.8128268744,0.0,711852.8128268744,0.0,13908.904301324994,X_strong_morning85
2,610317.319661289,0.0,610317.319661289,0.0,14033.153354005864,X_strong_morning85
3,538389.5212377614,1078.9052628823472,539468.4265006437,494.4117151770253,14688.882640771111,X_strong_morning85
4,543838.9314245143,862.3307674489942,544701.2621919633,392.4353654429679,19143.070601219224,X_strong_morning85
5,617773.0778830502,1811.8089483577023,619584.8868314079,515.9262550060331,216068.93212803706,X_strong_morning85
6,275926.6063482016,19717.822543957078,295644.4288921586,4564.438634048385,0.0,X_strong_morning85
7,367241.8855623898,8164.103822895935,375405.9893852857,1992.1392191915386,22997.657350605947,X_strong_morning85
8,4265.85989583211,9521.956933312256,13787.816829144367,1786.4552908801993,0.0,X_strong_morning85
9,27549.890927061337,52003.640150764884,79553.53107782622,10638.63627422633,0.0,X_strong_morning85
10,87816.45866710477,36955.50269084722,124771.961357952,7745.976018172554,13235.37261426312,X_strong_morning85
11,400432.1827412795,819.1710992750006,401251.3538405545,340.6748833333336,80526.95395766977,X_strong_morning85
12,325168.66995696106,0.0,325168.66995696106,0.0,272618.1129675038,X_strong_morning85
13,39058.97939803436,0.0,39058.97939803436,0.0,12037.90327915571,X_strong_morning85
14,90129.10859619088,0.0,90129.10859619088,0.0,10548.93005349166,X_strong_morning85
15,585296.4233333586,0.0,585296.4233333586,0.0,132793.3202865014,X_strong_morning85
16,1007268.2097660063,3094.1977896863405,1010362.4075556926,679.6579828060486,55583.62843257125,X_strong_morning85
17,1518378.555894051,2785.638526953511,1521164.1944210045,549.6925824195788,44407.25378326715,X_strong_morning85
18,1354203.7261712747,5629.274403985872,1359833.0005752605,836.0722417920499,63674.1060636602,X_strong_morning85
19,116766.93146440014,113907.46206767061,230674.39353207074,16898.82381167038,0.0,X_strong_morning85
20,711857.671302431,370230.370315184,1082088.0416176151,54163.83042880875,0.0,X_strong_morning85
21,1279808.6648150869,2916.7908114565876,1282725.4556265434,661.2282452369566,0.0,X_strong_morning85
22,504112.65410713776,6517.70183185695,510630.35593899473,3109.0572278728637,0.0,X_strong_morning85
23,517102.578861544,8275.487036108218,525378.0658976523,3895.0937634696065,0.0,X_strong_morning85
0,1115893.2175587483,0.0,1115893.2175587483,0.0,60618.83211211038,X_day60
1,716039.2437900514,0.0,716039.2437900514,0.0,14315.392894722578,X_day60
2,610689.315213112,0.0,610689.315213112,0.0,14024.265550911841,X_day60
3,538389.5212377614,1078.9052628823472,539468.4265006437,494.4117151770253,14615.043657466997,X_day60
4,543932.7217852458,862.3307674489942,544795.0525526948,392.4353654429679,18886.812227581224,X_day60
5,612927.5187410448,1811.8089483577023,614739.3276894025,515.9262550060331,215550.3071892197,X_day60
6,267932.8740403991,19717.822543957078,287650.69658435613,4564.438634048385,0.0,X_day60
7,358223.6165328687,8164.103822895935,366387.7203557647,1992.1392191915386,22704.734852203652,X_day60
8,4265.85989583211,12726.049206272131,16991.90910210424,2396.678030583714,0.0,X_day60
9,24488.68768997393,59474.1381277428,83962.82581771673,12173.960494578097,0.0,X_day60
10,82596.67249443286,40519.515134065754,123116.18762849862,8498.493714349495,11212.12507440355,X_day60
11,379870.7271539842,819.1710992750006,380689.8982532592,340.6748833333336,66619.41961584585,X_day60
12,310680.0994734636,0.0,310680.0994734636,0.0,229968.62821960883,X_day60
13,36399.42829015184,0.0,36399.42829015184,0.0,9612.893681642945,X_day60
14,86008.72881801524,0.0,86008.72881801524,0.0,8562.122586642627,X_day60
15,566782.4625153561,0.0,566782.4625153561,0.0,110484.67192414084,X_day60
16,993594.2644496385,5063.191674463724,998657.4561241023,1139.738025067886,45623.35729965328,X_day60
17,1504958.4659615788,2928.3313038793676,1507886.7972654582,577.3636498410859,34829.651395193105,X_day60
18,1354203.7261712747,5629.274403985872,1359833.0005752605,836.0722417920499,57228.08450365491,X_day60
19,116766.93146440014,148697.02164650537,265463.9531109055,22062.85173584961,0.0,X_day60
20,711569.0799851548,453201.5095721952,1164770.58955735,66312.39359743136,0.0,X_day60
21,1279808.6648150869,3182.5935978120883,1282991.258412899,726.1892492004653,0.0,X_day60
22,504112.65410713776,6660.228899362902,510772.88300650066,3177.223654361702,0.0,X_day60
23,517102.578861544,8275.487036108218,525378.0658976523,3895.093763469607,0.0,X_day60
0,1117616.86015968,0.0,1117616.86015968,0.0,60720.11160540339,X_day50
1,722768.5901100652,0.0,722768.5901100652,0.0,14942.055849717395,X_day50
2,611425.125725139,0.0,611425.125725139,0.0,14183.224351870838,X_day50
3,538389.5212377614,1078.9052628823472,539468.4265006437,494.4117151770253,14315.780237749348,X_day50
4,543842.983798706,862.3307674489942,544705.314566155,392.4353654429679,18301.340452856883,X_day50
5,611497.9750973923,1811.8089483577023,613309.78404575,515.9262550060331,214006.0032080055,X_day50
6,265950.03883332195,19717.822543957085,285667.861377279,4564.438634048386,0.0,X_day50
7,357429.5524427245,8164.103822895935,365593.6562656205,1992.1392191915386,22667.35105064267,X_day50
8,4265.85989583211,12679.205852131829,16945.065747963938,2387.847992102979,0.0,X_day50
9,24488.68768997393,60252.6584164938,84741.34610646772,12334.424790490324,0.0,X_day50
10,81553.5789026472,43043.364730972164,124596.94363361938,9024.77560742876,10792.504119815303,X_day50
11,355332.60463339405,819.1710992750006,356151.77573266905,340.6748833333336,49047.785248875625,X_day50
12,288799.62309230684,0.0,288799.62309230684,0.0,194025.8386402872,X_day50
13,30662.30277474173,0.0,30662.30277474173,0.0,5861.682594951995,X_day50
14,78729.49582683967,0.0,78729.49582683967,0.0,6104.918721572582,X_day50
15,533234.8061225071,1024.0817314752653,534258.8878539824,254.4246846867099,77471.24938690352,X_day50
16,967999.9517737614,5530.011233437563,973529.963007199,1248.249377946203,29579.621739020604,X_day50
17,1480942.1402135042,3267.9839897380966,1484210.1242032424,643.2292989143838,21415.28237830998,X_day50
18,1354203.7261712747,6864.434037551497,1361068.1602088262,1019.5208729469028,44924.863041516546,X_day50
19,116766.93146440014,206144.25470374746,322911.1861681476,30582.61723217861,0.0,X_day50
20,711091.7781782559,622691.679875381,1333783.458053637,91095.45669531221,0.0,X_day50
21,1279808.6648150869,3273.9185303699956,1283082.5833454567,747.9503929053774,0.0,X_day50
22,504112.65410713776,6827.522360036601,510940.1764671744,3260.0971746307378,0.0,X_day50
23,517102.578861544,8345.513268143708,525448.0921296878,3927.846912223344,0.0,X_day50
0,1115839.8948113252,0.0,1115839.8948113252,0.0,60618.83211211038,X_day60_morning85
1,715367.6509159148,0.0,715367.6509159148,0.0,14257.277292887225,X_day60_morning85
2,610689.2459605392,0.0,610689.2459605392,0.0,14098.714428758749,X_day60_morning85
3,538389.5212377614,1078.9052628823472,539468.4265006437,494.4117151770253,14615.043657467,X_day60_morning85
4,543973.0227098177,862.3307674489942,544835.3534772667,392.4353654429679,18886.812227581224,X_day60_morning85
5,615593.1966763526,1811.8089483577023,617405.0056247103,515.9262550060331,215893.4113891841,X_day60_morning85
6,274952.25443452277,19717.822543957078,294670.07697847986,4564.438634048385,0.0,X_day60_morning85
7,366481.2759079431,8164.103822895935,374645.379730839,1992.1392191915386,22997.657350605947,X_day60_morning85
8,4265.85989583211,11722.61864221462,15988.478538046731,2205.373681816241,0.0,X_day60_morning85
9,27549.890927061337,52443.418061542274,79993.30898860362,10730.388453888561,0.0,X_day60_morning85
10,86603.86178052855,38036.62873526843,124640.49051579698,7975.030134617143,13129.428730344402,X_day60_morning85
11,386520.0913860618,819.1710992750006,387339.2624853368,340.6748833333336,69333.78993104333,X_day60_morning85
12,313688.09908436955,0.0,313688.09908436955,0.0,249118.50948579286,X_day60_morning85
13,36409.586919764,0.0,36409.586919764,0.0,9782.760207938256,X_day60_morning85
14,86396.59209125051,0.0,86396.59209125051,0.0,8613.7427952165,X_day60_morning85
15,567578.688919572,0.0,567578.688919572,0.0,113121.34886030616,X_day60_morning85
16,993594.2644496385,4516.126570407214,998110.3910200458,1007.4529074142744,45714.99860789702,X_day60_morning85
17,1504958.4659615788,2928.3313038793676,1507886.7972654582,577.3636498410859,35024.012653568956,X_day60_morning85
18,1354203.7261712747,5629.274403985872,1359833.0005752605,836.0722417920499,57417.05868068263,X_day60_morning85
19,116766.93146440014,134471.76877853146,251238.7002429316,19951.5422853916,0.0,X_day60_morning85
20,711569.0799851548,434006.5466641664,1145575.6266493213,63490.01321819354,0.0,X_day60_morning85
21,1279808.6648150869,3182.5935978120883,1282991.258412899,726.1892492004653,0.0,X_day60_morning85
22,504112.65410713776,6660.228899362902,510772.88300650066,3177.223654361702,0.0,X_day60_morning85
23,517102.578861544,8275.487036108218,525378.0658976523,3895.093763469607,0.0,X_day60_morning85
0,1128135.490661207,0.0,1128135.490661207,0.0,62036.11865633212,X_evening85_day60
1,749125.9841031105,0.0,749125.9841031105,0.0,17748.827261117603,X_evening85_day60
2,619831.411055939,0.0,619831.411055939,0.0,12464.095093106404,X_evening85_day60
3,538389.5212377614,1078.9052628823472,539468.4265006437,494.4117151770253,12328.974858169615,X_evening85_day60
4,546103.1242414233,862.3307674489942,546965.4550088723,392.4353654429679,16672.423987727318,X_evening85_day60
5,625027.2775077494,1811.8089483577023,626839.0864561071,515.9262550060331,217417.11386627925,X_evening85_day60
6,267932.8740403991,19717.822543957078,287650.69658435613,4564.438634048385,0.0,X_evening85_day60
7,358223.6165328687,8164.103822895935,366387.7203557647,1992.1392191915386,22704.734852203652,X_evening85_day60
8,4265.85989583211,12726.049206272148,16991.90910210426,2396.678030583718,0.0,X_evening85_day60
9,24488.68768997393,59474.13812774279,83962.82581771673,12173.960494578096,0.0,X_evening85_day60
10,82596.67249443286,40576.40277177785,123173.07526621071,8512.733423413849,11212.12507440355,X_evening85_day60
11,379870.7271539842,819.1710992750006,380689.8982532592,340.6748833333336,66619.41961584585,X_evening85_day60
12,310680.0994734636,0.0,310680.0994734636,0.0,229971.05275265613,X_evening85_day60
13,36399.42829015184,0.0,36399.42829015184,0.0,9612.893681642945,X_evening85_day60
14,86008.72881801524,0.0,86008.72881801524,0.0,8562.122586642627,X_evening85_day60
15,566782.4625153561,0.0,566782.4625153561,0.0,110484.67192414084,X_evening85_day60
16,993594.2644496385,5063.191674463724,998657.4561241023,1139.738025067886,45623.35729965328,X_evening85_day60
17,1498489.22806204,2928.3313038793676,1501417.5593659193,577.3636498410859,34471.85031760392,X_evening85_day60
18,1247671.4028682285,8421.8442332343,1256093.2471014627,1251.7827151863003,33597.76658462233,X_evening85_day60
19,88861.52640129665,183534.37764811164,272395.9040494083,27230.978586203528,0.0,X_evening85_day60
20,657627.2441391428,616635.2175077961,1274262.461646939,90499.59262115636,0.0,X_evening85_day60
21,1237757.4431976161,17472.056119434503,1255229.4993170507,4248.924086528512,0.0,X_evening85_day60
22,504112.65410713776,10707.062663515053,514819.71677065286,5110.5080713935,0.0,X_evening85_day60
23,517102.578861544,9290.496792706655,526393.0756542507,4373.447563665081,0.0,X_evening85_day60
0,1124918.0098968504,0.0,1124918.0098968504,0.0,46323.07087347937,X_uniform70
1,777126.7940714932,0.0,777126.7940714932,0.0,16375.972214465204,X_uniform70
2,612793.3309016272,1133.4543703541376,613926.7852719814,521.4984662133088,8686.522264248613,X_uniform70
3,527991.1614883287,1318.5761690468528,529309.7376573755,604.1771820567449,2400.4766332709514,X_uniform70
4,535708.4016353586,1493.041228109517,537201.4428634682,679.3156365874736,3656.946574092997,X_uniform70
5,625622.5999261081,3346.213766342508,628968.8136924506,1076.9192064812648,161430.11790352227,X_uniform70
6,242462.93841598477,35429.75541377935,277892.69382976415,8167.227891327748,0.0,X_uniform70
7,325025.6570641008,19269.78689816009,344295.4439622609,4776.7719412463075,15402.839827240394,X_uniform70
8,2870.338349530216,31551.89766950535,34422.23601903557,5924.31910626152,0.0,X_uniform70
9,18847.106423117115,116494.47331534408,135341.5797384612,23826.24967247676,0.0,X_uniform70
10,76771.50273460484,54286.92997862661,131058.43271323146,11392.70078387284,8554.8086371624,X_uniform70
11,387135.5247389096,819.1710992750006,387954.6958381846,340.6748833333336,83504.02369573903,X_uniform70
12,324220.042826033,0.0,324220.042826033,0.0,208012.91503345483,X_uniform70
13,41958.098940537326,0.0,41958.098940537326,0.0,13928.101563549026,X_uniform70
14,93466.14559434075,0.0,93466.14559434075,0.0,11960.117154145095,X_uniform70
15,602119.1886101315,0.0,602119.1886101315,0.0,145404.11424799022,X_uniform70
16,1021185.7960535085,3348.783649784574,1024534.579703293,739.4550104168529,66030.95645560331,X_uniform70
17,1513983.5704020672,2477.6387236078813,1516461.209125675,489.96507898318384,51642.57133770496,X_uniform70
18,1162602.3020933191,12650.877084358017,1175253.179177677,1886.183169262983,22987.638666202212,X_uniform70
19,69369.12001997548,194331.33639475144,263700.4564147269,28832.53110676796,0.0,X_uniform70
20,614721.9181674847,666967.6396467009,1281689.5578141857,98296.97374736842,0.0,X_uniform70
21,1200309.6991613102,44004.08872023616,1244313.7878815462,10602.322285406597,0.0,X_uniform70
22,492728.05879743566,19607.037151091557,512335.0959485272,9366.925164254599,0.0,X_uniform70
23,505799.03514757846,18621.891846513776,524420.9269940922,8762.50660805262,0.0,X_uniform70
0,1127747.1096613472,0.0,1127747.1096613472,0.0,53692.9932116061,X_uniform75
1,764280.0781472027,0.0,764280.0781472027,0.0,16899.556948245066,X_uniform75
2,617649.3197747145,555.4296339988103,618204.7494087133,255.61160491231715,10224.396143790655,X_uniform75
3,532396.8715817984,1203.4472422769477,533600.3188240754,551.4302699752368,3439.707960794672,X_uniform75
4,540334.7388457712,1005.3791191475295,541340.1179649187,457.54613089519154,7415.046364978521,X_uniform75
5,630912.4542965232,2063.457730237627,632975.9120267609,588.6721013498761,192500.2574776366,X_uniform75
6,256975.5355167062,28242.874929228215,285218.4104459344,6499.214663297707,0.0,X_uniform75
7,341876.855517134,11200.363718784305,353077.2192359183,2768.873980836499,18995.620451946743,X_uniform75
8,3435.1528747854904,17640.638070839294,21075.790945624783,3322.2464033080137,0.0,X_uniform75
9,21394.575014763956,83053.62906953596,104448.20408429993,16994.65390084698,0.0,X_uniform75
10,81199.18882367917,46089.50319110621,127288.6920147854,9672.551682595718,10047.823404658035,X_uniform75
11,410608.6229546881,819.1710992750006,411427.7940539631,340.6748833333336,100081.74134084601,X_uniform75
12,342600.15791018505,0.0,342600.15791018505,0.0,264561.7673492157,X_uniform75
13,45350.82923724699,0.0,45350.82923724699,0.0,16996.580477378022,X_uniform75
14,99057.5954234602,0.0,99057.5954234602,0.0,15240.213653953706,X_uniform75
15,624403.2662182252,0.0,624403.2662182252,0.0,176610.59087697376,X_uniform75
16,1035012.3060849644,1454.905164054362,1036467.2112490188,316.12679082676095,79632.94120404532,X_uniform75
17,1531474.266989515,2193.4582462819562,1533667.725235797,434.85663329046554,63627.04606123037,X_uniform75
18,1187406.336325513,11417.934316605842,1198824.2706421188,1700.832948997085,29687.09677076886,X_uniform75
19,75287.15467397546,140191.85537381662,215479.01004779208,20797.473937147675,0.0,X_uniform75
20,627755.3113244078,512655.22255168884,1140410.5338760966,75563.32766490134,0.0,X_uniform75
21,1210504.9500059634,33981.75684150945,1244486.7068474728,8258.391891323388,0.0,X_uniform75
22,497955.73942161544,14934.639173403066,512890.3785950185,7138.258417197817,0.0,X_uniform75
23,511088.98464766855,13506.422392425817,524595.4070400944,6355.924970661145,0.0,X_uniform75
