date,slot_id,issue_time,forecast_history_end,load_forecast_kwh,pv_forecast_kwh,risk_delta_kwh,plan_load_kwh,plan_pv_kwh,selected_index,selected_tau,selected_terminal,selected_terminal_energy_kwh,grid_plan_kwh,charge_plan_kwh,discharge_plan_kwh,energy_start_plan_kwh,energy_end_plan_kwh,pv_curtailment_plan_kwh,charge_mode_plan
2025-01-24,1,2025-01-24 00:00:00,2025-01-24 00:00:00,364.8331256277157,0.09863773620576857,27.280378734877683,392.11350436259335,0.09863773620576857,0,0.8,1200.0,1200.0,1225.348199959721,833.3333333333333,0.0,6000.0,6750.0,0.0,1.0
2025-01-24,2,2025-01-24 00:00:00,2025-01-24 00:00:00,386.25626117631026,0.3633251256183183,27.280378734877683,413.53663991118793,0.3633251256183183,0,0.8,1200.0,1200.0,1246.5066481189028,833.3333333333333,0.0,6750.0,7500.0,0.0,1.0
2025-01-24,3,2025-01-24 00:00:00,2025-01-24 00:00:00,450.1290119811034,0.7809283067332312,27.280378734877683,477.4093907159811,0.7809283067332312,0,0.8,1200.0,1200.0,1309.9617957425812,833.3333333333333,0.0,7500.0,8250.0,0.0,1.0
2025-01-24,4,2025-01-24 00:00:00,2025-01-24 00:00:00,472.3553626435992,1.3300803799677872,27.280378734877683,499.6357413784769,1.3300803799677872,0,0.8,1200.0,1200.0,1331.6389943318422,833.3333333333333,0.0,8250.0,9000.0,0.0,1.0
2025-01-24,5,2025-01-24 00:00:00,2025-01-24 00:00:00,440.6535371995405,1.9818428152590795,27.280378734877683,467.93391593441817,1.9818428152590795,0,0.8,1200.0,1200.0,1299.2854064524922,833.3333333333333,0.0,9000.0,9750.0,0.0,1.0
2025-01-24,6,2025-01-24 00:00:00,2025-01-24 00:00:00,407.36622335525476,2.70061099385335,27.280378734877683,434.64660209013243,2.70061099385335,0,0.8,1200.0,1200.0,431.9459910962791,0.0,0.0,9750.0,9750.0,0.0,-0.0
2025-01-24,7,2025-01-24 00:00:00,2025-01-24 00:00:00,434.8804923953798,3.445244772951057,35.880152311859355,470.7606447072392,3.445244772951057,0,0.8,1200.0,1200.0,467.3153999342881,0.0,0.0,9750.0,9750.0,0.0,0.0
2025-01-24,8,2025-01-24 00:00:00,2025-01-24 00:00:00,446.2478219025699,4.170400126898761,35.880152311859355,482.1279742144293,4.170400126898761,0,0.8,1200.0,1200.0,477.95757408753053,0.0,0.0,9750.0,9750.0,0.0,-0.0
2025-01-24,9,2025-01-24 00:00:00,2025-01-24 00:00:00,431.59004468751533,4.8280335296093035,35.880152311859355,467.4701969993747,4.8280335296093035,0,0.8,1200.0,1200.0,795.9754968030987,333.3333333333333,0.0,9750.0,10050.0,0.0,0.999999999999999
2025-01-24,10,2025-01-24 00:00:00,2025-01-24 00:00:00,454.1731454657523,5.369046882431862,35.880152311859355,490.0532977776117,5.369046882431862,0,0.8,1200.0,1200.0,484.68425089517984,0.0,0.0,10050.0,10050.0,0.0,0.0
2025-01-24,11,2025-01-24 00:00:00,2025-01-24 00:00:00,463.43828865003985,5.745037532978908,35.880152311859355,499.3184409618992,5.745037532978908,0,0.8,1200.0,1200.0,493.5734034289203,0.0,0.0,10050.0,10050.0,0.0,0.0
2025-01-24,12,2025-01-24 00:00:00,2025-01-24 00:00:00,452.8988398427091,5.910115335972038,35.880152311859355,488.77899215456847,5.910115335972038,0,0.8,1200.0,1200.0,482.86887681859645,0.0,0.0,10050.0,10050.0,0.0,-0.0
2025-01-24,13,2025-01-24 00:00:00,2025-01-24 00:00:00,467.9351850535983,5.822746827686159,28.913712388967923,496.8488974425662,5.822746827686159,0,0.8,1200.0,1200.0,491.02615061488007,0.0,0.0,10050.0,10050.0,0.0,-0.0
2025-01-24,14,2025-01-24 00:00:00,2025-01-24 00:00:00,469.546626583901,5.447585459048031,28.913712388967923,498.46033897286895,5.447585459048031,0,0.8,1200.0,1200.0,493.01275351382094,0.0,0.0,10050.0,10050.0,0.0,0.0
2025-01-24,15,2025-01-24 00:00:00,2025-01-24 00:00:00,459.7433614267102,4.75724648343453,28.913712388967923,488.65707381567813,4.75724648343453,0,0.8,1200.0,1200.0,483.8998273322436,0.0,0.0,10050.0,10050.0,0.0,9.714451465470155e-16
2025-01-24,16,2025-01-24 00:00:00,2025-01-24 00:00:00,481.18143773613787,3.733985534404695,28.913712388967923,510.09515012510576,3.733985534404695,0,0.8,1200.0,1200.0,506.3611645907011,0.0,0.0,10050.0,10050.0,0.0,0.0
2025-01-24,17,2025-01-24 00:00:00,2025-01-24 00:00:00,490.07942354686577,2.371241152573848,28.913712388967923,518.9931359358337,2.371241152573848,0,0.8,1200.0,1200.0,516.6218947832599,0.0,0.0,10050.0,10050.0,0.0,0.0
2025-01-24,18,2025-01-24 00:00:00,2025-01-24 00:00:00,480.45378313594796,0.6750035121063512,28.913712388967923,509.36749552491585,0.6750035121063512,0,0.8,1200.0,1200.0,508.6924920128095,0.0,0.0,10050.0,10050.0,0.0,0.0
2025-01-24,19,2025-01-24 00:00:00,2025-01-24 00:00:00,493.0575253621851,0.0,29.83681761070172,522.8943429728869,0.0,0,0.8,1200.0,1200.0,522.8943429728869,0.0,0.0,10050.0,10050.0,0.0,0.0
2025-01-24,20,2025-01-24 00:00:00,2025-01-24 00:00:00,515.371430570438,0.0,29.83681761070172,545.2082481811397,0.0,0,0.8,1200.0,1200.0,545.2082481811397,0.0,0.0,10050.0,10050.0,0.0,0.0
2025-01-24,21,2025-01-24 00:00:00,2025-01-24 00:00:00,524.8920729214589,0.0,29.83681761070172,554.7288905321606,0.0,0,0.8,1200.0,1200.0,554.7288905321606,0.0,0.0,10050.0,10050.0,0.0,0.0
2025-01-24,22,2025-01-24 00:00:00,2025-01-24 00:00:00,514.1328803834693,0.0,29.83681761070172,543.969697994171,0.0,0,0.8,1200.0,1200.0,543.969697994171,0.0,0.0,10050.0,10050.0,0.0,0.0
2025-01-24,23,2025-01-24 00:00:00,2025-01-24 00:00:00,518.0575986006235,0.0,29.83681761070172,547.8944162113252,0.0,0,0.8,1200.0,1200.0,547.8944162113252,0.0,0.0,10050.0,10050.0,0.0,0.0
2025-01-24,24,2025-01-24 00:00:00,2025-01-24 00:00:00,544.89121972492,0.0,29.83681761070172,574.7280373356217,0.0,0,0.8,1200.0,1200.0,574.7280373356217,0.0,0.0,10050.0,10050.0,0.0,0.0
2025-01-24,25,2025-01-24 00:00:00,2025-01-24 00:00:00,563.9477200786023,0.0,30.58728081236607,594.5350008909684,0.0,0,0.8,1200.0,1200.0,594.5350008909684,0.0,0.0,10050.0,10050.0,0.0,0.0
2025-01-24,26,2025-01-24 00:00:00,2025-01-24 00:00:00,541.1821295663854,0.0,30.58728081236607,571.7694103787514,0.0,0,0.8,1200.0,1200.0,571.7694103787514,0.0,0.0,10050.0,10050.0,0.0,0.0
2025-01-24,27,2025-01-24 00:00:00,2025-01-24 00:00:00,511.6217660671065,0.0,30.58728081236607,542.2090468794726,0.0,0,0.8,1200.0,1200.0,542.2090468794726,0.0,0.0,10050.0,10050.0,0.0,0.0
2025-01-24,28,2025-01-24 00:00:00,2025-01-24 00:00:00,545.0643868236592,0.0,30.58728081236607,575.6516676360253,0.0,0,0.8,1200.0,1200.0,575.6516676360253,0.0,0.0,10050.0,10050.0,0.0,0.0
2025-01-24,29,2025-01-24 00:00:00,2025-01-24 00:00:00,575.3106733874862,0.0,30.58728081236607,605.8979541998523,0.0,0,0.8,1200.0,1200.0,605.8979541998523,0.0,0.0,10050.0,10050.0,0.0,0.0
2025-01-24,30,2025-01-24 00:00:00,2025-01-24 00:00:00,568.0319029782489,0.0,30.58728081236607,598.619183790615,0.0,0,0.8,1200.0,1200.0,598.619183790615,0.0,0.0,10050.0,10050.0,0.0,0.0
2025-01-24,31,2025-01-24 00:00:00,2025-01-24 00:00:00,551.3839114097603,0.0,31.155157164484898,582.5390685742452,0.0,0,0.8,1200.0,1200.0,582.5390685742452,0.0,0.0,10050.0,10050.0,0.0,0.0
2025-01-24,32,2025-01-24 00:00:00,2025-01-24 00:00:00,537.2383168525473,0.0,31.155157164484898,568.3934740170322,0.0,0,0.8,1200.0,1200.0,568.3934740170322,0.0,0.0,10050.0,10050.0,0.0,0.0
2025-01-24,33,2025-01-24 00:00:00,2025-01-24 00:00:00,539.7592492298817,0.0,31.155157164484898,570.9144063943666,0.0,0,0.8,1200.0,1200.0,570.9144063943666,0.0,0.0,10050.0,10050.0,0.0,-0.0
2025-01-24,34,2025-01-24 00:00:00,2025-01-24 00:00:00,565.3927994992434,0.0,31.155157164484898,596.5479566637283,0.0,0,0.8,1200.0,1200.0,1429.8812899970617,833.3333333333333,0.0,10050.0,10800.0,0.0,1.0
2025-01-24,35,2025-01-24 00:00:00,2025-01-24 00:00:00,564.332372415609,0.0,31.155157164484898,595.4875295800939,0.0,0,0.8,1200.0,1200.0,595.4875295800939,-0.0,0.0,10800.0,10800.0,0.0,0.0
2025-01-24,36,2025-01-24 00:00:00,2025-01-24 00:00:00,540.9390921569852,4.630848890139772,31.155157164484898,572.0942493214701,4.630848890139772,0,0.8,1200.0,1200.0,0.0,0.0,567.4634004313303,10800.0,10169.485110631855,0.0,0.0
2025-01-24,37,2025-01-24 00:00:00,2025-01-24 00:00:00,548.0252245181522,15.423502505100382,74.29184191749144,622.3170664356436,15.423502505100382,0,0.8,1200.0,1200.0,0.0,0.0,606.8935639305432,10169.485110631855,9495.158928486806,0.0,0.0
2025-01-24,38,2025-01-24 00:00:00,2025-01-24 00:00:00,560.1184044600623,28.337106461966464,74.29184191749144,634.4102463775537,28.337106461966464,0,0.8,1200.0,1200.0,0.0,0.0,606.0731399155873,9495.158928486806,8821.744328580598,0.0,0.0
2025-01-24,39,2025-01-24 00:00:00,2025-01-24 00:00:00,557.4976557229558,43.47874033032225,74.29184191749144,631.7894976404472,43.47874033032225,0,0.8,1200.0,1200.0,0.0,0.0,588.3107573101249,8821.744328580598,8168.065709347126,0.0,0.0
2025-01-24,40,2025-01-24 00:00:00,2025-01-24 00:00:00,553.8168061422176,60.93488327211576,74.29184191749144,628.108648059709,60.93488327211576,0,0.8,1200.0,1200.0,0.0,0.0,567.1737647875933,8168.065709347126,7537.8726373609115,0.0,0.0
2025-01-24,41,2025-01-24 00:00:00,2025-01-24 00:00:00,588.9032891997839,80.76900838649226,74.29184191749144,663.1951311172753,80.76900838649226,0,0.8,1200.0,1200.0,0.0,0.0,582.426122730783,7537.8726373609115,6890.732500993375,0.0,0.0
2025-01-24,42,2025-01-24 00:00:00,2025-01-24 00:00:00,639.8452174722172,103.01943462686047,74.29184191749144,714.1370593897086,103.01943462686047,0,0.8,1200.0,1200.0,0.0,0.0,611.1176247628481,6890.732500993375,6211.7129179235435,0.0,0.0
2025-01-24,43,2025-01-24 00:00:00,2025-01-24 00:00:00,641.9862740700199,127.69747790320861,60.793833295904825,702.7801073659248,127.69747790320861,0,0.8,1200.0,1200.0,0.0,0.0,575.0826294627161,6211.7129179235435,5572.732218520526,0.0,0.0
2025-01-24,44,2025-01-24 00:00:00,2025-01-24 00:00:00,637.4567579267766,154.78593888679976,60.793833295904825,698.2505912226815,154.78593888679976,0,0.8,1200.0,1200.0,0.0,0.0,543.4646523358817,5572.732218520526,4968.882604813991,0.0,0.0
2025-01-24,45,2025-01-24 00:00:00,2025-01-24 00:00:00,645.3298705666051,184.23796025790918,60.793833295904825,706.12370386251,184.23796025790918,0,0.8,1200.0,1200.0,119.51553480330494,0.0,402.3702088012958,4968.882604813991,4521.804595034773,0.0,0.0
2025-01-24,46,2025-01-24 00:00:00,2025-01-24 00:00:00,645.9836730886184,215.97628075434736,60.793833295904825,706.7775063845232,215.97628075434736,0,0.8,1200.0,1200.0,490.80122563017585,0.0,0.0,4521.804595034773,4521.804595034773,0.0,0.0
2025-01-24,47,2025-01-24 00:00:00,2025-01-24 00:00:00,664.8855505451613,249.89290747408586,60.793833295904825,725.6793838410662,249.89290747408586,0,0.8,1200.0,1200.0,0.0,0.0,475.7864763669803,4521.804595034773,3993.1529546270176,0.0,0.0
2025-01-24,48,2025-01-24 00:00:00,2025-01-24 00:00:00,689.7817210241786,285.8492215535213,60.793833295904825,750.5755543200835,285.8492215535213,0,0.8,1200.0,1200.0,0.0,0.0,464.72633276656217,3993.1529546270176,3476.7903626641705,0.0,0.0
2025-01-24,49,2025-01-24 00:00:00,2025-01-24 00:00:00,677.4614867966599,323.67652568579905,-6.053815690735632,671.4076711059242,323.67652568579905,0,0.8,1200.0,1200.0,0.0,0.0,347.7311454201252,3476.7903626641705,3090.422423308476,0.0,0.0
2025-01-24,50,2025-01-24 00:00:00,2025-01-24 00:00:00,657.7084476639583,363.1770350691645,-6.053815690735632,651.6546319732226,363.1770350691645,0,0.8,1200.0,1200.0,0.0,0.0,288.47759690405815,3090.422423308476,2769.891760081745,0.0,0.0
2025-01-24,51,2025-01-24 00:00:00,2025-01-24 00:00:00,647.8835132113484,404.1253063958288,-6.053815690735632,641.8296975206127,404.1253063958288,0,0.8,1200.0,1200.0,0.0,0.0,237.70439112478397,2769.891760081745,2505.775769943096,0.0,0.0
2025-01-24,52,2025-01-24 00:00:00,2025-01-24 00:00:00,646.9669819881185,446.2700925220049,-6.053815690735632,640.9131662973829,446.2700925220049,0,0.8,1200.0,1200.0,0.0,0.0,194.64307377537796,2505.775769943096,2289.5056879704534,0.0,0.0
2025-01-24,53,2025-01-24 00:00:00,2025-01-24 00:00:00,701.2259335782875,489.33660361466434,-6.053815690735632,695.1721178875518,489.33660361466434,0,0.8,1200.0,1200.0,0.0,0.0,205.8355142728875,2289.5056879704534,2060.7995610005783,0.0,0.0
2025-01-24,54,2025-01-24 00:00:00,2025-01-24 00:00:00,776.853748054634,533.029148963917,-6.053815690735632,770.7999323638984,533.029148963917,0,0.8,1200.0,1200.0,0.0,0.0,237.77078339998138,2060.7995610005783,1796.6098016672656,0.0,0.0
2025-01-24,55,2025-01-24 00:00:00,2025-01-24 00:00:00,782.1381847239238,577.0341273918481,6.898080956863875,789.0362656807877,577.0341273918481,0,0.8,1200.0,1200.0,0.0,0.0,212.0021382889396,1796.6098016672656,1561.0518702351105,0.0,0.0
2025-01-24,56,2025-01-24 00:00:00,2025-01-24 00:00:00,760.9701568074257,621.0233283842194,6.898080956863875,767.8682377642896,621.0233283842194,0,0.8,1200.0,1200.0,0.0,0.0,146.84490938007013,1561.0518702351105,1397.8908598128103,0.0,0.0
2025-01-24,57,2025-01-24 00:00:00,2025-01-24 00:00:00,752.8552712966525,664.6575008185388,6.898080956863875,759.7533522535164,664.6575008185388,0,0.8,1200.0,1200.0,0.0,0.0,95.09585143497759,1397.8908598128103,1292.2288026628353,0.0,0.0
2025-01-24,58,2025-01-24 00:00:00,2025-01-24 00:00:00,757.1395482034186,707.5901415498239,6.898080956863875,764.0376291602824,707.5901415498239,0,0.8,1200.0,1200.0,0.0,0.0,56.44748761045855,1292.2288026628353,1229.509371984548,0.0,0.0
2025-01-24,59,2025-01-24 00:00:00,2025-01-24 00:00:00,769.1318060521763,749.4714522229472,6.898080956863875,776.0298870090402,749.4714522229472,0,0.8,1200.0,1200.0,0.0,0.0,26.558434786093017,1229.509371984548,1200.0,0.0,0.0
2025-01-24,60,2025-01-24 00:00:00,2025-01-24 00:00:00,769.9658471795794,789.9524095751049,6.898080956863875,776.8639281364433,789.9524095751049,0,0.8,1200.0,1200.0,0.0,13.088481438661574,0.0,1200.0,1211.7796332947955,0.0,1.0
2025-01-24,61,2025-01-24 00:00:00,2025-01-24 00:00:00,744.3948672284923,828.6888922284039,35.64542584080555,780.0402930692978,828.6888922284039,0,0.8,1200.0,1200.0,0.0,48.648599159106084,0.0,1211.7796332947955,1255.563372537991,0.0,1.0
2025-01-24,62,2025-01-24 00:00:00,2025-01-24 00:00:00,742.8189582583643,865.3458055916897,35.64542584080555,778.4643840991698,865.3458055916897,0,0.8,1200.0,1200.0,0.0,86.88142149251985,0.0,1255.563372537991,1333.756651881259,0.0,1.0
2025-01-24,63,2025-01-24 00:00:00,2025-01-24 00:00:00,758.9254531993212,899.6011460192377,35.64542584080555,794.5708790401267,899.6011460192377,0,0.8,1200.0,1200.0,0.0,105.03026697911105,0.0,1333.756651881259,1428.2838921624589,0.0,1.0
2025-01-24,64,2025-01-24 00:00:00,2025-01-24 00:00:00,739.3078878975565,931.149945823296,35.64542584080555,774.953313738362,931.149945823296,0,0.8,1200.0,1200.0,0.0,156.19663208493398,0.0,1428.2838921624589,1568.8608610388994,0.0,1.0
2025-01-24,65,2025-01-24 00:00:00,2025-01-24 00:00:00,731.9432984072738,959.7080421044478,35.64542584080555,767.5887242480793,959.7080421044478,0,0.8,1200.0,1200.0,0.0,192.11931785636853,0.0,1568.8608610388994,1741.7682471096311,0.0,1.0
2025-01-24,66,2025-01-24 00:00:00,2025-01-24 00:00:00,735.0411675639707,985.0156146296958,35.64542584080555,770.6865934047762,985.0156146296958,0,0.8,1200.0,1200.0,0.0,214.32902122491964,0.0,1741.7682471096311,1934.664366212059,0.0,1.0
2025-01-24,67,2025-01-24 00:00:00,2025-01-24 00:00:00,698.878181153828,1006.8404411198211,72.38314195863322,771.2613231124612,1006.8404411198211,0,0.8,1200.0,1200.0,597.7542153259734,833.3333333333333,0.0,1934.664366212059,2684.6643662120587,0.0,1.0
2025-01-24,68,2025-01-24 00:00:00,2025-01-24 00:00:00,682.6655137777669,1024.9808222573174,72.38314195863322,755.0486557364002,1024.9808222573174,0,0.8,1200.0,1200.0,451.2998072661236,721.2319737870408,0.0,2684.6643662120587,3333.7731426203954,0.0,0.9999999999999961
2025-01-24,69,2025-01-24 00:00:00,2025-01-24 00:00:00,705.2310987428875,1039.2681334329402,72.38314195863322,777.6142407015208,1039.2681334329402,0,0.8,1200.0,1200.0,571.6794406019138,833.3333333333333,0.0,3333.7731426203954,4083.7731426203954,0.0,1.0
2025-01-24,70,2025-01-24 00:00:00,2025-01-24 00:00:00,723.8338958817802,1049.568965639062,72.38314195863322,796.2170378404135,1049.568965639062,0,0.8,1200.0,1200.0,579.9814055346847,833.3333333333333,0.0,4083.7731426203954,4833.773142620395,0.0,1.0
2025-01-24,71,2025-01-24 00:00:00,2025-01-24 00:00:00,723.9865517255754,1055.7868239066509,72.38314195863322,796.3696936842086,1055.7868239066509,0,0.8,1200.0,1200.0,573.916203110891,833.3333333333333,0.0,4833.773142620395,5583.773142620395,0.0,1.0
2025-01-24,72,2025-01-24 00:00:00,2025-01-24 00:00:00,715.511545343531,1057.8633581750169,72.38314195863322,787.8946873021642,1057.8633581750169,0,0.8,1200.0,1200.0,563.3646624604806,833.3333333333333,0.0,5583.773142620395,6333.773142620395,0.0,1.0
2025-01-24,73,2025-01-24 00:00:00,2025-01-24 00:00:00,712.5891134680415,1055.7791083763311,86.47786713328098,799.0669806013225,1055.7791083763311,0,0.8,1200.0,1200.0,576.6212055583246,833.3333333333333,0.0,6333.773142620395,7083.773142620395,0.0,1.0
2025-01-24,74,2025-01-24 00:00:00,2025-01-24 00:00:00,683.6617635201139,1049.5537527005245,86.47786713328098,770.1396306533949,1049.5537527005245,0,0.8,1200.0,1200.0,553.9192112862037,833.3333333333333,0.0,7083.773142620395,7833.773142620395,0.0,1.0
2025-01-24,75,2025-01-24 00:00:00,2025-01-24 00:00:00,649.4446384572874,1039.245855365976,86.47786713328098,735.9225055905683,1039.245855365976,0,0.8,1200.0,1200.0,530.0099835579256,833.3333333333333,0.0,7833.773142620395,8583.773142620395,0.0,1.0
2025-01-24,76,2025-01-24 00:00:00,2025-01-24 00:00:00,665.9811058167933,1024.9521176398039,86.47786713328098,752.4589729500742,1024.9521176398039,0,0.8,1200.0,1200.0,560.8401886436036,833.3333333333333,0.0,8583.773142620395,9333.773142620395,0.0,1.0
2025-01-24,77,2025-01-24 00:00:00,2025-01-24 00:00:00,678.2032693308511,1006.8061432101716,86.47786713328098,764.681136464132,1006.8061432101716,0,0.8,1200.0,1200.0,0.0,242.12500674603962,0.0,9333.773142620395,9551.685648691831,0.0,1.0
2025-01-24,78,2025-01-24 00:00:00,2025-01-24 00:00:00,673.7472425157843,984.9767361942671,86.47786713328098,760.2251096490652,984.9767361942671,0,0.8,1200.0,1200.0,0.0,224.75162654520193,0.0,9551.685648691831,9753.962112582512,0.0,1.0
2025-01-24,79,2025-01-24 00:00:00,2025-01-24 00:00:00,689.1760421311737,959.6657569549751,49.80143428409405,738.9774764152678,959.6657569549751,0,0.8,1200.0,1200.0,0.0,220.6882805397073,0.0,9753.962112582512,9952.581565068249,0.0,1.0
2025-01-24,80,2025-01-24 00:00:00,2025-01-24 00:00:00,675.5293503622884,931.1055673870093,49.80143428409405,725.3307846463824,931.1055673870093,0,0.8,1200.0,1200.0,0.0,205.77478274062685,0.0,9952.581565068249,10137.778869534814,0.0,1.0
2025-01-24,81,2025-01-24 00:00:00,2025-01-24 00:00:00,641.409071583746,899.5561033163472,49.80143428409405,691.2105058678401,899.5561033163472,0,0.8,1200.0,1200.0,0.0,208.34559744850708,0.0,10137.778869534814,10325.28990723847,0.0,1.0
2025-01-24,82,2025-01-24 00:00:00,2025-01-24 00:00:00,648.696717383897,865.3016170404785,49.80143428409405,698.498151667991,865.3016170404785,0,0.8,1200.0,1200.0,0.0,166.8034653724875,0.0,10325.28990723847,10475.41302607371,0.0,1.0
2025-01-24,83,2025-01-24 00:00:00,2025-01-24 00:00:00,655.8223251626777,828.6471377364952,49.80143428409405,705.6237594467717,828.6471377364952,0,0.8,1200.0,1200.0,0.0,123.0233782897235,0.0,10475.41302607371,10586.13406653446,0.0,1.0
2025-01-24,84,2025-01-24 00:00:00,2025-01-24 00:00:00,647.5110176419613,789.9147014058613,49.80143428409405,697.3124519260554,789.9147014058613,0,0.8,1200.0,1200.0,0.0,92.60224947980589,0.0,10586.13406653446,10669.476091066284,0.0,1.0
2025-01-24,85,2025-01-24 00:00:00,2025-01-24 00:00:00,649.4859317056754,749.4394051479156,15.814110028743404,665.3000417344188,749.4394051479156,0,0.8,1200.0,1200.0,0.0,84.13936341349688,0.0,10669.476091066284,10745.201518138432,0.0,1.0
2025-01-24,86,2025-01-24 00:00:00,2025-01-24 00:00:00,641.4109835363378,707.5653428113,15.814110028743404,657.2250935650811,707.5653428113,0,0.8,1200.0,1200.0,0.0,50.34024924621883,0.0,10745.201518138432,10790.50774246003,0.0,1.0
2025-01-24,87,2025-01-24 00:00:00,2025-01-24 00:00:00,638.2804175794457,664.6414804303785,15.814110028743404,654.0945276081891,664.6414804303785,0,0.8,1200.0,1200.0,0.0,10.546952822189382,0.0,10790.50774246003,10800.0,0.0,1.0
2025-01-24,88,2025-01-24 00:00:00,2025-01-24 00:00:00,674.1017763391947,621.0175302940189,15.814110028743404,689.915886367938,621.0175302940189,0,0.8,1200.0,1200.0,0.0,0.0,68.8983560739191,10800.0,10723.446271028979,0.0,0.0
2025-01-24,89,2025-01-24 00:00:00,2025-01-24 00:00:00,674.0260544486445,577.0398820135098,15.814110028743404,689.8401644773878,577.0398820135098,0,0.8,1200.0,1200.0,0.0,0.0,112.80028246387803,10723.446271028979,10598.112623846891,0.0,0.0
2025-01-24,90,2025-01-24 00:00:00,2025-01-24 00:00:00,644.7174223417516,533.0476475667322,15.814110028743404,660.5315323704949,533.0476475667322,0,0.8,1200.0,1200.0,127.48388480376275,0.0,0.0,10598.112623846891,10598.112623846891,0.0,-0.0
2025-01-24,91,2025-01-24 00:00:00,2025-01-24 00:00:00,663.1501081502316,489.3688750237281,3.325269170202777,666.4753773204344,489.3688750237281,0,0.8,1200.0,1200.0,401.4258091334936,224.3193068367873,0.0,10598.112623846891,10800.0,0.0,1.0000000000000073
2025-01-24,92,2025-01-24 00:00:00,2025-01-24 00:00:00,655.0041909393316,446.31698254559484,3.325269170202777,658.3294601095344,446.31698254559484,0,0.8,1200.0,1200.0,212.0124775639395,0.0,0.0,10800.0,10800.0,0.0,0.0
2025-01-24,93,2025-01-24 00:00:00,2025-01-24 00:00:00,608.3910579186313,404.18746034895673,3.325269170202777,611.7163270888341,404.18746034895673,0,0.8,1200.0,1200.0,207.52886673987734,0.0,0.0,10800.0,10800.0,0.0,0.0
2025-01-24,94,2025-01-24 00:00:00,2025-01-24 00:00:00,592.7588761990371,363.2548837096806,3.325269170202777,596.0841453692399,363.2548837096806,0,0.8,1200.0,1200.0,232.82926165955928,0.0,0.0,10800.0,10800.0,0.0,0.0
2025-01-24,95,2025-01-24 00:00:00,2025-01-24 00:00:00,597.423836391282,323.7702748210831,3.325269170202777,600.7491055614847,323.7702748210831,0,0.8,1200.0,1200.0,276.97883074040163,0.0,0.0,10800.0,10800.0,0.0,0.0
2025-01-24,96,2025-01-24 00:00:00,2025-01-24 00:00:00,598.335379966698,285.95884551291186,3.325269170202777,601.6606491369008,285.95884551291186,0,0.8,1200.0,1200.0,315.70180362398895,0.0,0.0,10800.0,10800.0,0.0,0.0
2025-01-24,97,2025-01-24 00:00:00,2025-01-24 00:00:00,587.1676945370535,250.01814657590785,69.64574462309295,656.8134391601465,250.01814657590785,0,0.8,1200.0,1200.0,406.7952925842386,0.0,-0.0,10800.0,10800.0,0.0,0.0
2025-01-24,98,2025-01-24 00:00:00,2025-01-24 00:00:00,586.4182819350293,216.1166428277655,69.64574462309295,656.0640265581222,216.1166428277655,0,0.8,1200.0,1200.0,439.9473837303567,0.0,-0.0,10800.0,10800.0,0.0,0.0
2025-01-24,99,2025-01-24 00:00:00,2025-01-24 00:00:00,604.5699366520646,184.39272621010832,69.64574462309295,674.2156812751575,184.39272621010832,0,0.8,1200.0,1200.0,489.8229550650492,0.0,-0.0,10800.0,10800.0,0.0,0.0
2025-01-24,100,2025-01-24 00:00:00,2025-01-24 00:00:00,616.0291775248547,154.95417223631145,69.64574462309295,685.6749221479477,154.95417223631145,0,0.8,1200.0,1200.0,530.7207499116362,0.0,-0.0,10800.0,10800.0,0.0,0.0
2025-01-24,101,2025-01-24 00:00:00,2025-01-24 00:00:00,551.2211246029781,127.87803813180805,69.64574462309295,620.866869226071,127.87803813180805,0,0.8,1200.0,1200.0,492.98883109426293,0.0,-0.0,10800.0,10800.0,0.0,0.0
2025-01-24,102,2025-01-24 00:00:00,2025-01-24 00:00:00,461.40152439835657,103.21099413650364,69.64574462309295,531.0472690214496,103.21099413650364,0,0.8,1200.0,1200.0,427.8362748849459,0.0,-0.0,10800.0,10800.0,0.0,0.0
2025-01-24,103,2025-01-24 00:00:00,2025-01-24 00:00:00,471.75808413586856,80.97007278536296,62.54679022794819,534.3048743638168,80.97007278536296,0,0.8,1200.0,1200.0,453.33480157845383,0.0,-0.0,10800.0,10800.0,0.0,0.0
2025-01-24,104,2025-01-24 00:00:00,2025-01-24 00:00:00,482.3625346599746,61.143814656142666,62.54679022794819,544.9093248879228,61.143814656142666,0,0.8,1200.0,1200.0,483.7655102317801,0.0,0.0,10800.0,10800.0,0.0,0.0
2025-01-24,105,2025-01-24 00:00:00,2025-01-24 00:00:00,460.89807724972405,43.69378317442467,62.54679022794819,523.4448674776722,43.69378317442467,0,0.8,1200.0,1200.0,479.7510843032476,0.0,0.0,10800.0,10800.0,0.0,0.0
2025-01-24,106,2025-01-24 00:00:00,2025-01-24 00:00:00,471.7230143446838,28.556415689760957,62.54679022794819,534.269804572632,28.556415689760957,0,0.8,1200.0,1200.0,505.713388882871,0.0,0.0,10800.0,10800.0,0.0,0.0
2025-01-24,107,2025-01-24 00:00:00,2025-01-24 00:00:00,467.7592037173272,15.645173267583028,62.54679022794819,530.3059939452754,15.645173267583028,0,0.8,1200.0,1200.0,514.6608206776924,0.0,-0.0,10800.0,10800.0,0.0,0.0
2025-01-24,108,2025-01-24 00:00:00,2025-01-24 00:00:00,445.697328844647,4.852947553649886,62.54679022794819,508.2441190725952,4.852947553649886,0,0.8,1200.0,1200.0,0.0,0.0,503.3911715189453,10800.0,10240.67647609006,0.0,0.0
2025-01-24,109,2025-01-24 00:00:00,2025-01-24 00:00:00,453.76772525159544,0.0,22.17804622952631,475.94577148112177,0.0,0,0.8,1200.0,1200.0,0.0,0.0,475.94577148112177,10240.67647609006,9711.847841111037,0.0,0.0
2025-01-24,110,2025-01-24 00:00:00,2025-01-24 00:00:00,456.28765683773713,0.0,22.17804622952631,478.46570306726346,0.0,0,0.8,1200.0,1200.0,0.0,0.0,478.46570306726346,9711.847841111037,9180.219282147411,0.0,0.0
2025-01-24,111,2025-01-24 00:00:00,2025-01-24 00:00:00,440.14814093367954,0.0,22.17804622952631,462.3261871632059,0.0,0,0.8,1200.0,1200.0,0.0,0.0,462.3261871632059,9180.219282147411,8666.523518632737,0.0,0.0
2025-01-24,112,2025-01-24 00:00:00,2025-01-24 00:00:00,433.5452880749628,0.0,22.17804622952631,455.72333430448913,0.0,0,0.8,1200.0,1200.0,0.0,0.0,455.72333430448913,8666.523518632737,8160.164258294416,0.0,0.0
2025-01-24,113,2025-01-24 00:00:00,2025-01-24 00:00:00,451.1730479040455,0.0,22.17804622952631,473.35109413357185,0.0,0,0.8,1200.0,1200.0,0.0,0.0,473.35109413357185,8160.164258294416,7634.2185981460025,0.0,0.0
2025-01-24,114,2025-01-24 00:00:00,2025-01-24 00:00:00,474.1585756433203,0.0,22.17804622952631,496.33662187284665,0.0,0,0.8,1200.0,1200.0,0.0,0.0,496.33662187284665,7634.2185981460025,7082.733462731729,0.0,0.0
2025-01-24,115,2025-01-24 00:00:00,2025-01-24 00:00:00,470.9182021935095,0.0,30.010439999999953,500.92864219350946,0.0,0,0.8,1200.0,1200.0,0.0,0.0,500.92864219350946,7082.733462731729,6526.146082516718,0.0,0.0
2025-01-24,116,2025-01-24 00:00:00,2025-01-24 00:00:00,475.58493276821724,0.0,30.010439999999953,505.5953727682172,0.0,0,0.8,1200.0,1200.0,0.0,0.0,505.5953727682172,6526.146082516718,5964.373446107587,0.0,0.0
2025-01-24,117,2025-01-24 00:00:00,2025-01-24 00:00:00,487.7336137602333,0.0,30.010439999999953,517.7440537602332,0.0,0,0.8,1200.0,1200.0,0.0,0.0,517.7440537602332,5964.373446107587,5389.102275262883,0.0,0.0
2025-01-24,118,2025-01-24 00:00:00,2025-01-24 00:00:00,473.47530757280055,0.0,30.010439999999953,503.4857475728005,0.0,0,0.8,1200.0,1200.0,0.0,0.0,503.4857475728005,5389.102275262883,4829.67366684866,0.0,0.0
2025-01-24,119,2025-01-24 00:00:00,2025-01-24 00:00:00,467.97783971570163,0.0,30.010439999999953,497.9882797157016,0.0,0,0.8,1200.0,1200.0,0.0,0.0,497.9882797157016,4829.67366684866,4276.353356053436,0.0,0.0
2025-01-24,120,2025-01-24 00:00:00,2025-01-24 00:00:00,470.9225432968216,0.0,30.010439999999953,500.93298329682153,0.0,0,0.8,1200.0,1200.0,0.0,0.0,500.93298329682153,4276.353356053436,3719.761152390301,0.0,0.0
2025-01-24,121,2025-01-24 00:00:00,2025-01-24 00:00:00,446.71120336041076,0.0,25.38623390639667,472.09743726680745,0.0,0,0.8,1200.0,1200.0,0.0,0.0,472.09743726680745,3719.761152390301,3195.2084443160707,0.0,0.0
2025-01-24,122,2025-01-24 00:00:00,2025-01-24 00:00:00,430.56150781887493,0.0,25.38623390639667,455.9477417252716,0.0,0,0.8,1200.0,1200.0,0.0,0.0,455.9477417252716,3195.2084443160707,2688.5998423991023,0.0,0.0
2025-01-24,123,2025-01-24 00:00:00,2025-01-24 00:00:00,445.86584890997443,0.0,25.38623390639667,471.2520828163711,0.0,0,0.8,1200.0,1200.0,0.0,0.0,471.2520828163711,2688.5998423991023,2164.986417047579,0.0,0.0
2025-01-24,124,2025-01-24 00:00:00,2025-01-24 00:00:00,477.2515546434282,0.0,25.38623390639667,502.6377885498249,0.0,0,0.8,1200.0,1200.0,0.0,0.0,502.6377885498249,2164.986417047579,1606.4999853255513,0.0,0.0
2025-01-24,125,2025-01-24 00:00:00,2025-01-24 00:00:00,477.76981864635195,0.0,25.38623390639667,503.15605255274863,0.0,0,0.8,1200.0,1200.0,137.30606575975247,0.0,365.84998679299616,1606.4999853255513,1200.0,0.0,0.0
2025-01-24,126,2025-01-24 00:00:00,2025-01-24 00:00:00,461.6944784454267,0.7072356950279863,25.38623390639667,487.08071235182337,0.7072356950279863,0,0.8,1200.0,1200.0,486.3734766567954,0.0,0.0,1200.0,1200.0,0.0,0.0
2025-01-24,127,2025-01-24 00:00:00,2025-01-24 00:00:00,480.6549223405948,2.3950660922418883,35.44084651450465,516.0957688550994,2.3950660922418883,0,0.8,1200.0,1200.0,513.7007027628575,0.0,0.0,1200.0,1200.0,0.0,0.0
2025-01-24,128,2025-01-24 00:00:00,2025-01-24 00:00:00,466.1928381948067,3.7510819606481425,35.44084651450465,501.63368470931135,3.7510819606481425,0,0.8,1200.0,1200.0,497.8826027486632,0.0,0.0,1200.0,1200.0,0.0,0.0
2025-01-24,129,2025-01-24 00:00:00,2025-01-24 00:00:00,447.21598174712904,4.769436236647833,35.44084651450465,482.6568282616337,4.769436236647833,0,0.8,1200.0,1200.0,477.88739202498584,0.0,0.0,1200.0,1200.0,0.0,0.0
2025-01-24,130,2025-01-24 00:00:00,2025-01-24 00:00:00,512.7567661459408,5.456805401265778,35.44084651450465,548.1976126604454,5.456805401265778,0,0.8,1200.0,1200.0,542.7408072591796,0.0,-0.0,1200.0,1200.0,0.0,0.0
2025-01-24,131,2025-01-24 00:00:00,2025-01-24 00:00:00,490.61520240409726,5.831018965336594,35.44084651450465,526.056048918602,5.831018965336594,0,0.8,1200.0,1200.0,520.2250299532653,-0.0,0.0,1200.0,1200.0,0.0,0.0
2025-01-24,132,2025-01-24 00:00:00,2025-01-24 00:00:00,388.58583920406926,5.91951566132479,35.44084651450465,424.0266857185739,5.91951566132479,0,0.8,1200.0,1200.0,418.1071700572491,0.0,0.0,1200.0,1200.0,0.0,0.0
2025-01-24,133,2025-01-24 00:00:00,2025-01-24 00:00:00,389.89281876807263,5.757664113670149,36.0957981978251,425.98861696589773,5.757664113670149,0,0.8,1200.0,1200.0,420.2309528522276,0.0,0.0,1200.0,1200.0,0.0,0.0
2025-01-24,134,2025-01-24 00:00:00,2025-01-24 00:00:00,398.15853484110244,5.3869877418615735,36.0957981978251,434.25433303892754,5.3869877418615735,0,0.8,1200.0,1200.0,428.867345297066,0.0,-0.0,1200.0,1200.0,0.0,0.0
2025-01-24,135,2025-01-24 00:00:00,2025-01-24 00:00:00,370.0506871817987,4.853334865232674,36.0957981978251,406.1464853796238,4.853334865232674,0,0.8,1200.0,1200.0,401.29315051439113,0.0,0.0,1200.0,1200.0,0.0,0.0
2025-01-24,136,2025-01-24 00:00:00,2025-01-24 00:00:00,373.4557093852641,4.2050354083836785,36.0957981978251,409.5515075830892,4.2050354083836785,0,0.8,1200.0,1200.0,405.3464721747055,0.0,0.0,1200.0,1200.0,0.0,0.0
2025-01-24,137,2025-01-24 00:00:00,2025-01-24 00:00:00,416.6255126851717,3.491085247961289,36.0957981978251,452.7213108829968,3.491085247961289,0,0.8,1200.0,1200.0,449.23022563503554,0.0,0.0,1200.0,1200.0,0.0,0.0
2025-01-24,138,2025-01-24 00:00:00,2025-01-24 00:00:00,448.70556039160545,2.7593981060373793,36.0957981978251,484.80135858943055,2.7593981060373793,0,0.8,1200.0,1200.0,482.04196048339315,0.0,0.0,1200.0,1200.0,0.0,0.0
2025-01-24,139,2025-01-24 00:00:00,2025-01-24 00:00:00,415.1888354900551,2.0551630073153624,24.180916237290226,439.3697517273453,2.0551630073153624,0,0.8,1200.0,1200.0,437.31458872003,0.0,0.0,1200.0,1200.0,0.0,0.0
2025-01-24,140,2025-01-24 00:00:00,2025-01-24 00:00:00,412.53416876480026,1.4193427149190203,24.180916237290226,436.71508500209046,1.4193427149190203,0,0.8,1200.0,1200.0,435.29574228717144,0.0,0.0,1200.0,1200.0,0.0,0.0
2025-01-24,141,2025-01-24 00:00:00,2025-01-24 00:00:00,445.904917080376,0.8873452934686401,24.180916237290226,470.0858333176662,0.8873452934686401,0,0.8,1200.0,1200.0,469.19848802419756,0.0,0.0,1200.0,1200.0,0.0,0.0
2025-01-24,142,2025-01-24 00:00:00,2025-01-24 00:00:00,426.90920645110407,0.48789708114741703,24.180916237290226,451.0901226883943,0.48789708114741703,0,0.8,1200.0,1200.0,450.60222560724685,0.0,0.0,1200.0,1200.0,0.0,0.0
2025-01-24,143,2025-01-24 00:00:00,2025-01-24 00:00:00,408.1888440963466,0.24214095782112705,24.180916237290226,432.3697603336368,0.24214095782112705,0,0.8,1200.0,1200.0,432.1276193758157,0.0,0.0,1200.0,1200.0,0.0,0.0
2025-01-24,144,2025-01-24 00:00:00,2025-01-24 00:00:00,415.93839336365,0.16297895667600348,24.180916237290226,440.1193096009402,0.16297895667600348,0,0.8,1200.0,1200.0,439.9563306442643,0.0,0.0,1200.0,1200.0,0.0,0.0
2025-01-25,1,2025-01-25 00:00:00,2025-01-25 00:00:00,442.2229268220739,0.08836594368507145,29.448530043806457,471.6714568658803,0.08836594368507145,0,0.8,1200.0,1200.0,1304.9164242555285,833.3333333333333,0.0,2116.1544881749173,2866.1544881749173,0.0,1.0
2025-01-25,2,2025-01-25 00:00:00,2025-01-25 00:00:00,441.1392385788028,0.3828467907187587,29.448530043806457,470.58776862260925,0.3828467907187587,0,0.8,1200.0,1200.0,1303.5382551652237,833.3333333333333,0.0,2866.1544881749173,3616.1544881749173,0.0,1.0
2025-01-25,3,2025-01-25 00:00:00,2025-01-25 00:00:00,439.3923228745218,0.8682258593510845,29.448530043806457,468.84085291832827,0.8682258593510845,0,0.8,1200.0,1200.0,1301.3059603923105,833.3333333333333,0.0,3616.1544881749173,4366.154488174918,0.0,1.0
2025-01-25,4,2025-01-25 00:00:00,2025-01-25 00:00:00,445.36206114244584,1.5203128876964604,29.448530043806457,474.8105911862523,1.5203128876964604,0,0.8,1200.0,1200.0,1306.6236116318892,833.3333333333333,0.0,4366.154488174918,5116.154488174918,0.0,1.0
2025-01-25,5,2025-01-25 00:00:00,2025-01-25 00:00:00,482.1477055856635,2.3066561247199697,29.448530043806457,511.59623562946996,2.3066561247199697,0,0.8,1200.0,1200.0,1342.6229128380833,833.3333333333333,0.0,5116.154488174918,5866.154488174918,0.0,1.0
2025-01-25,6,2025-01-25 00:00:00,2025-01-25 00:00:00,509.975526823071,3.187512228607022,29.448530043806457,539.4240568668774,3.187512228607022,0,0.8,1200.0,1200.0,1369.5698779716035,833.3333333333333,0.0,5866.154488174918,6616.154488174918,0.0,1.0
2025-01-25,7,2025-01-25 00:00:00,2025-01-25 00:00:00,462.09065095783046,4.117053703527183,38.032959102270794,500.12361006010127,4.117053703527183,0,0.8,1200.0,1200.0,496.0065563565741,0.0,0.0,6616.154488174918,6616.154488174918,0.0,-0.0
2025-01-25,8,2025-01-25 00:00:00,2025-01-25 00:00:00,426.01752974285233,5.04478854239381,38.032959102270794,464.05048884512314,5.04478854239381,0,0.8,1200.0,1200.0,1292.3390336360626,833.3333333333333,0.0,6616.154488174918,7366.154488174918,0.0,1.0
2025-01-25,9,2025-01-25 00:00:00,2025-01-25 00:00:00,436.0388630545882,5.917162150005009,38.032959102270794,474.071822156859,5.917162150005009,0,0.8,1200.0,1200.0,1301.4879933401871,833.3333333333333,0.0,7366.154488174918,8116.154488174918,0.0,1.0
2025-01-25,10,2025-01-25 00:00:00,2025-01-25 00:00:00,450.1906684821416,6.679307584115121,38.032959102270794,488.2236275844124,6.679307584115121,0,0.8,1200.0,1200.0,481.54432000029726,0.0,0.0,8116.154488174918,8116.154488174918,0.0,-0.0
2025-01-25,11,2025-01-25 00:00:00,2025-01-25 00:00:00,488.6763027784576,7.276906747853199,38.032959102270794,526.7092618807284,7.276906747853199,0,0.8,1200.0,1200.0,519.4323551328752,0.0,0.0,8116.154488174918,8116.154488174918,0.0,0.0
2025-01-25,12,2025-01-25 00:00:00,2025-01-25 00:00:00,519.5990069035049,7.658122460576662,38.032959102270794,557.6319660057757,7.658122460576662,0,0.8,1200.0,1200.0,1032.0244122397348,482.0505686945358,0.0,8116.154488174918,8550.0,0.0,0.9999999999999966
2025-01-25,13,2025-01-25 00:00:00,2025-01-25 00:00:00,482.19886787945194,7.775559378435289,32.707075987603616,514.9059438670556,7.775559378435289,0,0.8,1200.0,1200.0,1340.4637178219537,833.3333333333333,0.0,8550.0,9300.0,0.0,1.0
2025-01-25,14,2025-01-25 00:00:00,2025-01-25 00:00:00,469.8407645753864,7.588210570000462,32.707075987603616,502.54784056299,7.588210570000462,0,0.8,1200.0,1200.0,494.95962999298956,0.0,0.0,9300.0,9300.0,0.0,-0.0
2025-01-25,15,2025-01-25 00:00:00,2025-01-25 00:00:00,500.10823869103547,7.0633462015997,32.707075987603616,532.8153146786391,7.0633462015997,0,0.8,1200.0,1200.0,525.7519684770393,0.0,0.0,9300.0,9300.0,0.0,0.0
2025-01-25,16,2025-01-25 00:00:00,2025-01-25 00:00:00,500.83901800692274,6.178301262266864,32.707075987603616,533.5460939945264,6.178301262266864,0,0.8,1200.0,1200.0,527.3677927322595,0.0,0.0,9300.0,9300.0,0.0,0.0
2025-01-25,17,2025-01-25 00:00:00,2025-01-25 00:00:00,499.44557255902305,4.922120555506874,32.707075987603616,532.1526485466267,4.922120555506874,0,0.8,1200.0,1200.0,527.2305279911197,0.0,0.0,9300.0,9300.0,0.0,0.0
2025-01-25,18,2025-01-25 00:00:00,2025-01-25 00:00:00,510.5858854511745,3.297021285680932,32.707075987603616,543.2929614387781,3.297021285680932,0,0.8,1200.0,1200.0,539.9959401530972,0.0,0.0,9300.0,9300.0,0.0,0.0
2025-01-25,19,2025-01-25 00:00:00,2025-01-25 00:00:00,512.7405034609693,1.3196364376364036,28.945987902198993,541.6864913631683,1.3196364376364036,0,0.8,1200.0,1200.0,540.3668549255319,0.0,0.0,9300.0,9300.0,0.0,0.0
2025-01-25,20,2025-01-25 00:00:00,2025-01-25 00:00:00,496.28479538731506,0.0,28.945987902198993,525.2307832895141,0.0,0,0.8,1200.0,1200.0,525.2307832895141,0.0,0.0,9300.0,9300.0,0.0,0.0
2025-01-25,21,2025-01-25 00:00:00,2025-01-25 00:00:00,476.7115227435195,0.0,28.945987902198993,505.6575106457185,0.0,0,0.8,1200.0,1200.0,505.6575106457185,0.0,0.0,9300.0,9300.0,0.0,0.0
2025-01-25,22,2025-01-25 00:00:00,2025-01-25 00:00:00,485.4841195294827,0.0,28.945987902198993,514.4301074316817,0.0,0,0.8,1200.0,1200.0,514.4301074316817,0.0,0.0,9300.0,9300.0,0.0,0.0
2025-01-25,23,2025-01-25 00:00:00,2025-01-25 00:00:00,529.2614710175767,0.0,28.945987902198993,558.2074589197757,0.0,0,0.8,1200.0,1200.0,558.2074589197757,0.0,0.0,9300.0,9300.0,0.0,0.0
2025-01-25,24,2025-01-25 00:00:00,2025-01-25 00:00:00,566.7966864774486,0.0,28.945987902198993,595.7426743796476,0.0,0,0.8,1200.0,1200.0,595.7426743796476,0.0,0.0,9300.0,9300.0,0.0,0.0
2025-01-25,25,2025-01-25 00:00:00,2025-01-25 00:00:00,543.2116999027439,0.0,30.075169103764964,573.2868690065089,0.0,0,0.8,1200.0,1200.0,573.2868690065089,0.0,0.0,9300.0,9300.0,0.0,0.0
2025-01-25,26,2025-01-25 00:00:00,2025-01-25 00:00:00,513.2861208598001,0.0,30.075169103764964,543.3612899635651,0.0,0,0.8,1200.0,1200.0,543.3612899635651,0.0,0.0,9300.0,9300.0,0.0,0.0
2025-01-25,27,2025-01-25 00:00:00,2025-01-25 00:00:00,521.4052190189681,0.0,30.075169103764964,551.4803881227331,0.0,0,0.8,1200.0,1200.0,551.4803881227331,0.0,0.0,9300.0,9300.0,0.0,0.0
2025-01-25,28,2025-01-25 00:00:00,2025-01-25 00:00:00,559.6919049040363,0.0,30.075169103764964,589.7670740078013,0.0,0,0.8,1200.0,1200.0,589.7670740078013,0.0,0.0,9300.0,9300.0,0.0,0.0
2025-01-25,29,2025-01-25 00:00:00,2025-01-25 00:00:00,567.7025542816648,0.0,30.075169103764964,597.7777233854298,0.0,0,0.8,1200.0,1200.0,597.7777233854298,0.0,0.0,9300.0,9300.0,0.0,0.0
2025-01-25,30,2025-01-25 00:00:00,2025-01-25 00:00:00,550.1956853234135,0.0,30.075169103764964,580.2708544271785,0.0,0,0.8,1200.0,1200.0,580.2708544271785,0.0,0.0,9300.0,9300.0,0.0,0.0
2025-01-25,31,2025-01-25 00:00:00,2025-01-25 00:00:00,563.3720396135766,0.0,29.100699999999996,592.4727396135766,0.0,0,0.8,1200.0,1200.0,592.4727396135766,0.0,0.0,9300.0,9300.0,0.0,-0.0
2025-01-25,32,2025-01-25 00:00:00,2025-01-25 00:00:00,560.5561577020263,0.0,29.100699999999996,589.6568577020263,0.0,0,0.8,1200.0,1200.0,589.6568577020263,0.0,0.0,9300.0,9300.0,0.0,0.0
2025-01-25,33,2025-01-25 00:00:00,2025-01-25 00:00:00,537.8381607642265,0.0,29.100699999999996,566.9388607642264,0.0,0,0.8,1200.0,1200.0,1400.2721940975598,833.3333333333333,0.0,9300.0,10050.0,0.0,1.0
2025-01-25,34,2025-01-25 00:00:00,2025-01-25 00:00:00,543.3917841739333,0.0,29.100699999999996,572.4924841739332,0.0,0,0.8,1200.0,1200.0,1405.8258175072665,833.3333333333333,0.0,10050.0,10800.0,0.0,1.0
2025-01-25,35,2025-01-25 00:00:00,2025-01-25 00:00:00,557.2151992484601,0.0,29.100699999999996,586.31589924846,0.0,0,0.8,1200.0,1200.0,586.31589924846,0.0,-0.0,10800.0,10800.0,0.0,0.0
2025-01-25,36,2025-01-25 00:00:00,2025-01-25 00:00:00,560.9294838347603,3.0358736745240495,29.100699999999996,590.0301838347602,3.0358736745240495,0,0.8,1200.0,1200.0,0.0,0.0,586.9943101602362,10800.0,10147.78409982196,0.0,0.0
2025-01-25,37,2025-01-25 00:00:00,2025-01-25 00:00:00,555.6891932985351,13.569525121126338,73.75721382837436,629.4464071269094,13.569525121126338,0,0.8,1200.0,1200.0,0.0,0.0,615.876882005783,10147.78409982196,9463.476453148867,0.0,0.0
2025-01-25,38,2025-01-25 00:00:00,2025-01-25 00:00:00,543.4818806593606,26.266895643253076,73.75721382837436,617.239094487735,26.266895643253076,0,0.8,1200.0,1200.0,0.0,0.0,590.9721988444819,9463.476453148867,8806.840676654998,0.0,0.0
2025-01-25,39,2025-01-25 00:00:00,2025-01-25 00:00:00,535.7160551299113,41.24175803283718,73.75721382837436,609.4732689582856,41.24175803283718,0,0.8,1200.0,1200.0,0.0,0.0,568.2315109254484,8806.840676654998,8175.472331182277,0.0,0.0
2025-01-25,40,2025-01-25 00:00:00,2025-01-25 00:00:00,550.00940096928,58.58671217738204,73.75721382837436,623.7666147976544,58.58671217738204,0,0.8,1200.0,1200.0,0.0,0.0,565.1799026202723,8175.472331182277,7547.494661604197,0.0,0.0
2025-01-25,41,2025-01-25 00:00:00,2025-01-25 00:00:00,590.4705325384748,78.37066368508019,73.75721382837436,664.2277463668491,78.37066368508019,0,0.8,1200.0,1200.0,0.0,0.0,585.8570826817689,7547.494661604197,6896.542347513343,0.0,0.0
2025-01-25,42,2025-01-25 00:00:00,2025-01-25 00:00:00,643.143920544883,100.63656988938168,73.75721382837436,716.9011343732574,100.63656988938168,0,0.8,1200.0,1200.0,0.0,0.0,616.2645644838757,6896.542347513343,6211.803942531259,0.0,0.0
2025-01-25,43,2025-01-25 00:00:00,2025-01-25 00:00:00,678.4381945617955,125.39949672151987,58.559194757389626,736.9973893191851,125.39949672151987,0,0.8,1200.0,1200.0,0.0,0.0,611.5978925976652,6211.803942531259,5532.250728533853,0.0,0.0
2025-01-25,44,2025-01-25 00:00:00,2025-01-25 00:00:00,665.0000225667582,152.64502565859536,58.559194757389626,723.5592173241478,152.64502565859536,0,0.8,1200.0,1200.0,0.0,0.0,570.9141916655524,5532.250728533853,4897.90162668324,0.0,0.0
2025-01-25,45,2025-01-25 00:00:00,2025-01-25 00:00:00,626.899160094139,182.328044963868,58.559194757389626,685.4583548515286,182.328044963868,0,0.8,1200.0,1200.0,0.0,0.0,503.1303098876606,4897.90162668324,4338.867949030283,0.0,0.0
2025-01-25,46,2025-01-25 00:00:00,2025-01-25 00:00:00,623.4397372510765,214.37195381259355,58.559194757389626,681.9989320084661,214.37195381259355,0,0.8,1200.0,1200.0,264.4271535293862,0.0,203.19982466648634,4338.867949030283,4113.09036606752,0.0,0.0
2025-01-25,47,2025-01-25 00:00:00,2025-01-25 00:00:00,632.9165324445192,248.66830173002472,58.559194757389626,691.4757272019089,248.66830173002472,0,0.8,1200.0,1200.0,0.0,0.0,442.80742547188413,4113.09036606752,3621.0821155432045,0.0,0.0
2025-01-25,48,2025-01-25 00:00:00,2025-01-25 00:00:00,632.472409613695,285.07687915661046,58.559194757389626,691.0316043710847,285.07687915661046,0,0.8,1200.0,1200.0,0.0,0.0,405.9547252144742,3621.0821155432045,3170.0213097493443,0.0,0.0
2025-01-25,49,2025-01-25 00:00:00,2025-01-25 00:00:00,624.7459762580935,323.42626800569747,-6.868361004197084,617.8776152538965,323.42626800569747,0,0.8,1200.0,1200.0,0.0,0.0,294.451347248199,3170.0213097493443,2842.8531461402345,0.0,0.0
2025-01-25,50,2025-01-25 00:00:00,2025-01-25 00:00:00,633.7867169770456,363.5148539040753,-6.868361004197084,626.9183559728485,363.5148539040753,0,0.8,1200.0,1200.0,0.0,0.0,263.4035020687732,2842.8531461402345,2550.182588286042,0.0,0.0
2025-01-25,51,2025-01-25 00:00:00,2025-01-25 00:00:00,649.6101401796165,405.1122945228864,-6.868361004197084,642.7417791754194,405.1122945228864,0,0.8,1200.0,1200.0,0.0,0.0,237.62948465253305,2550.182588286042,2286.1498275610056,0.0,0.0
2025-01-25,52,2025-01-25 00:00:00,2025-01-25 00:00:00,644.7894458410218,447.9614311355404,-6.868361004197084,637.9210848368248,447.9614311355404,0,0.8,1200.0,1200.0,0.0,0.0,189.95965370128437,2286.1498275610056,2075.0835456706895,0.0,0.0
2025-01-25,53,2025-01-25 00:00:00,2025-01-25 00:00:00,675.2484804044568,491.78062340050957,-6.868361004197084,668.3801194002597,491.78062340050957,0,0.8,1200.0,1200.0,0.0,0.0,176.5994959997501,2075.0835456706895,1878.861883448745,0.0,0.0
2025-01-25,54,2025-01-25 00:00:00,2025-01-25 00:00:00,737.1766167410261,536.2664804789223,-6.868361004197084,730.3082557368291,536.2664804789223,0,0.8,1200.0,1200.0,0.0,0.0,194.0417752579068,1878.861883448745,1663.2599109399596,0.0,0.0
2025-01-25,55,2025-01-25 00:00:00,2025-01-25 00:00:00,762.0126802437785,581.0969550746217,6.291483333333314,768.3041635771118,581.0969550746217,0,0.8,1200.0,1200.0,0.0,0.0,187.20720850249006,1663.2599109399596,1455.2519014927484,0.0,0.0
2025-01-25,56,2025-01-25 00:00:00,2025-01-25 00:00:00,747.1782658681143,625.9347609373783,6.291483333333314,753.4697492014476,625.9347609373783,0,0.8,1200.0,1200.0,0.0,0.0,127.53498826406928,1455.2519014927484,1313.546358977116,0.0,0.0
2025-01-25,57,2025-01-25 00:00:00,2025-01-25 00:00:00,729.6605476420001,670.4310689002125,6.291483333333314,735.9520309753334,670.4310689002125,0,0.8,1200.0,1200.0,0.0,0.0,65.5209620751209,1313.546358977116,1240.7452900047595,0.0,0.0
2025-01-25,58,2025-01-25 00:00:00,2025-01-25 00:00:00,744.6087093932044,714.2294317222542,6.291483333333314,750.9001927265377,714.2294317222542,0,0.8,1200.0,1200.0,0.0,0.0,36.67076100428358,1240.7452900047595,1200.0,0.0,0.0
2025-01-25,59,2025-01-25 00:00:00,2025-01-25 00:00:00,734.6543536094866,756.9698839613952,6.291483333333314,740.9458369428199,756.9698839613952,0,0.8,1200.0,1200.0,0.0,16.02404701857529,0.0,1200.0,1214.4216423167177,0.0,1.0
2025-01-25,60,2025-01-25 00:00:00,2025-01-25 00:00:00,699.8928458725226,798.2931598762576,6.291483333333314,706.1843292058559,798.2931598762576,0,0.8,1200.0,1200.0,0.0,92.10883067040174,0.0,1214.4216423167177,1297.3195899200794,0.0,1.0
2025-01-25,61,2025-01-25 00:00:00,2025-01-25 00:00:00,702.3265894076734,837.8449700113985,34.75465247156246,737.0812418792359,837.8449700113985,0,0.8,1200.0,1200.0,0.0,100.76372813216256,0.0,1297.3195899200794,1388.0069452390258,0.0,1.0
2025-01-25,62,2025-01-25 00:00:00,2025-01-25 00:00:00,728.1855526563181,875.280275695606,34.75465247156246,762.9402051278806,875.280275695606,0,0.8,1200.0,1200.0,0.0,112.34007056772532,0.0,1388.0069452390258,1489.1130087499785,0.0,1.0
2025-01-25,63,2025-01-25 00:00:00,2025-01-25 00:00:00,742.6579716645663,910.2675002079807,34.75465247156246,777.4126241361288,910.2675002079807,0,0.8,1200.0,1200.0,0.0,132.8548760718519,0.0,1489.1130087499785,1608.682397214645,0.0,1.0
2025-01-25,64,2025-01-25 00:00:00,2025-01-25 00:00:00,721.5016474412449,942.4926158519594,34.75465247156246,756.2562999128074,942.4926158519594,0,0.8,1200.0,1200.0,0.0,186.23631593915195,0.0,1608.682397214645,1776.295081559882,0.0,1.0
2025-01-25,65,2025-01-25 00:00:00,2025-01-25 00:00:00,687.8552922948599,971.6630476196129,34.75465247156246,722.6099447664224,971.6630476196129,0,0.8,1200.0,1200.0,0.0,249.05310285319058,0.0,1776.295081559882,2000.4428741277534,0.0,1.0
2025-01-25,66,2025-01-25 00:00:00,2025-01-25 00:00:00,682.6669549856874,997.5113365076517,34.75465247156246,717.4216074572499,997.5113365076517,0,0.8,1200.0,1200.0,0.0,280.08972905040173,0.0,2000.4428741277534,2252.523630273115,0.0,1.0
2025-01-25,67,2025-01-25 00:00:00,2025-01-25 00:00:00,724.042085556878,1019.7985088274289,70.64452523121425,794.6866107880923,1019.7985088274289,0,0.8,1200.0,1200.0,608.2214352939966,833.3333333333333,0.0,2252.523630273115,3002.523630273115,0.0,1.0
2025-01-25,68,2025-01-25 00:00:00,2025-01-25 00:00:00,720.6031476415571,1038.317101983809,70.64452523121425,791.2476728727714,1038.317101983809,0,0.8,1200.0,1200.0,54.20495076847044,301.27437987950793,0.0,3002.523630273115,3273.670572164672,0.0,0.9999999999999939
2025-01-25,69,2025-01-25 00:00:00,2025-01-25 00:00:00,682.998616088749,1052.8938021178926,70.64452523121425,753.6431413199633,1052.8938021178926,0,0.8,1200.0,1200.0,534.082672535404,833.3333333333333,0.0,3273.670572164672,4023.670572164672,0.0,1.0
2025-01-25,70,2025-01-25 00:00:00,2025-01-25 00:00:00,710.0046072943769,1063.391654639158,70.64452523121425,780.6491325255912,1063.391654639158,0,0.8,1200.0,1200.0,550.5908112197664,833.3333333333333,0.0,4023.670572164672,4773.670572164672,0.0,1.0
2025-01-25,71,2025-01-25 00:00:00,2025-01-25 00:00:00,737.919549577359,1069.7118149246066,70.64452523121425,808.5640748085733,1069.7118149246066,0,0.8,1200.0,1200.0,572.1855932172999,833.3333333333333,0.0,4773.670572164672,5523.670572164672,0.0,1.0
2025-01-25,72,2025-01-25 00:00:00,2025-01-25 00:00:00,726.0653163323226,1071.794813236872,70.64452523121425,796.7098415635369,1071.794813236872,0,0.8,1200.0,1200.0,558.2483616599982,833.3333333333333,0.0,5523.670572164672,6273.670572164672,0.0,1.0
2025-01-25,73,2025-01-25 00:00:00,2025-01-25 00:00:00,699.8316664820442,1069.621315102016,83.08809870227412,782.9197651843183,1069.621315102016,0,0.8,1200.0,1200.0,546.6317834156355,833.3333333333333,0.0,6273.670572164672,7023.670572164672,0.0,1.0
2025-01-25,74,2025-01-25 00:00:00,2025-01-25 00:00:00,687.3209930106738,1063.2123658762368,83.08809870227412,770.4090917129479,1063.2123658762368,0,0.8,1200.0,1200.0,540.5300591700443,833.3333333333333,0.0,7023.670572164672,7773.670572164672,0.0,1.0
2025-01-25,75,2025-01-25 00:00:00,2025-01-25 00:00:00,687.1040062378733,1052.6291158992356,83.08809870227412,770.1921049401474,1052.6291158992356,0,0.8,1200.0,1200.0,550.8963223742451,833.3333333333333,0.0,7773.670572164672,8523.670572164672,0.0,1.0
2025-01-25,76,2025-01-25 00:00:00,2025-01-25 00:00:00,678.8220197893796,1037.9720303578276,83.08809870227412,761.9101184916537,1037.9720303578276,0,0.8,1200.0,1200.0,557.2714214671594,833.3333333333333,0.0,8523.670572164672,9273.670572164672,0.0,1.0
2025-01-25,77,2025-01-25 00:00:00,2025-01-25 00:00:00,682.846129932696,1019.379595642967,83.08809870227412,765.9342286349702,1019.379595642967,0,0.8,1200.0,1200.0,0.0,253.44536700799688,0.0,9273.670572164672,9501.77140247187,0.0,1.0
2025-01-25,78,2025-01-25 00:00:00,2025-01-25 00:00:00,695.1983206420387,997.0265414541052,83.08809870227412,778.2864193443128,997.0265414541052,0,0.8,1200.0,1200.0,0.0,218.74012210979242,0.0,9501.77140247187,9698.637512370682,0.0,1.0
2025-01-25,79,2025-01-25 00:00:00,2025-01-25 00:00:00,685.9871775535214,971.1216050673729,47.24286357976663,733.2300411332881,971.1216050673729,0,0.8,1200.0,1200.0,0.0,237.89156393408484,0.0,9698.637512370682,9912.739919911359,0.0,1.0
2025-01-25,80,2025-01-25 00:00:00,2025-01-25 00:00:00,661.4694906074945,941.9048709241621,47.24286357976663,708.7123541872612,941.9048709241621,0,0.8,1200.0,1200.0,0.0,233.19251673690087,0.0,9912.739919911359,10122.613184974569,0.0,1.0
2025-01-25,81,2025-01-25 00:00:00,2025-01-25 00:00:00,645.9552202943561,909.6447249070259,47.24286357976663,693.1980838741227,909.6447249070259,0,0.8,1200.0,1200.0,0.0,216.44664103290313,0.0,10122.613184974569,10317.415161904182,0.0,1.0
2025-01-25,82,2025-01-25 00:00:00,2025-01-25 00:00:00,660.9522138031443,874.6344682519114,47.24286357976663,708.195077382911,874.6344682519114,0,0.8,1200.0,1200.0,0.0,166.43939086900036,0.0,10317.415161904182,10467.210613686282,0.0,1.0
2025-01-25,83,2025-01-25 00:00:00,2025-01-25 00:00:00,682.5804739156696,837.1886409115472,47.24286357976663,729.8233374954362,837.1886409115472,0,0.8,1200.0,1200.0,0.0,107.36530341611092,0.0,10467.210613686282,10563.839386760783,0.0,1.0
2025-01-25,84,2025-01-25 00:00:00,2025-01-25 00:00:00,683.5354854406559,797.6391082580216,47.24286357976663,730.7783490204225,797.6391082580216,0,0.8,1200.0,1200.0,0.0,66.86075923759904,0.0,10563.839386760783,10624.014070074621,0.0,1.0
2025-01-25,85,2025-01-25 00:00:00,2025-01-25 00:00:00,654.5040505814083,756.3309682301796,14.959648979992236,669.4636995614005,756.3309682301796,0,0.8,1200.0,1200.0,0.0,86.86726866877905,0.0,10624.014070074621,10702.194611876523,0.0,1.0
2025-01-25,86,2025-01-25 00:00:00,2025-01-25 00:00:00,625.358789575938,713.6183383444107,14.959648979992236,640.3184385559302,713.6183383444107,0,0.8,1200.0,1200.0,0.0,73.2998997884805,0.0,10702.194611876523,10768.164521686154,0.0,1.0
2025-01-25,87,2025-01-25 00:00:00,2025-01-25 00:00:00,619.5276806995992,669.8600833616431,14.959648979992236,634.4873296795914,669.8600833616431,0,0.8,1200.0,1200.0,0.0,35.372753682051666,0.0,10768.164521686154,10800.0,0.0,1.0
2025-01-25,88,2025-01-25 00:00:00,2025-01-25 00:00:00,634.8022095607297,625.4155448203774,14.959648979992236,649.761858540722,625.4155448203774,0,0.8,1200.0,1200.0,0.0,0.0,24.346313720344597,10800.0,10772.948540310728,0.0,0.0
2025-01-25,89,2025-01-25 00:00:00,2025-01-25 00:00:00,633.1791383999523,580.6403331025302,14.959648979992236,648.1387873799446,580.6403331025302,0,0.8,1200.0,1200.0,0.0,0.0,67.49845427741434,10772.948540310728,10697.950257780269,0.0,0.0
2025-01-25,90,2025-01-25 00:00:00,2025-01-25 00:00:00,616.5503170812706,535.8822412086556,14.959648979992236,631.5099660612628,535.8822412086556,0,0.8,1200.0,1200.0,95.62772485260723,0.0,0.0,10697.950257780269,10697.950257780269,0.0,-0.0
2025-01-25,91,2025-01-25 00:00:00,2025-01-25 00:00:00,619.6333935051462,491.4773370102916,1.338538706875605,620.9719322120218,491.4773370102916,0,0.8,1200.0,1200.0,242.88319766809835,113.38860246636816,0.0,10697.950257780269,10800.0,0.0,1.0
2025-01-25,92,2025-01-25 00:00:00,2025-01-25 00:00:00,616.0571948568227,447.7462874631786,1.338538706875605,617.3957335636983,447.7462874631786,0,0.8,1200.0,1200.0,169.6494461005197,-0.0,0.0,10800.0,10800.0,0.0,-0.0
2025-01-25,93,2025-01-25 00:00:00,2025-01-25 00:00:00,615.3496217130614,404.99096416366035,1.338538706875605,616.688160419937,404.99096416366035,0,0.8,1200.0,1200.0,211.6971962562767,-0.0,0.0,10800.0,10800.0,0.0,0.0
2025-01-25,94,2025-01-25 00:00:00,2025-01-25 00:00:00,653.0903435645625,363.4913747826911,1.338538706875605,654.4288822714382,363.4913747826911,0,0.8,1200.0,1200.0,290.9375074887471,0.0,0.0,10800.0,10800.0,0.0,0.0
2025-01-25,95,2025-01-25 00:00:00,2025-01-25 00:00:00,665.3239475234044,323.50295940056645,1.338538706875605,666.66248623028,323.50295940056645,0,0.8,1200.0,1200.0,343.15952682971357,0.0,0.0,10800.0,10800.0,0.0,0.0
2025-01-25,96,2025-01-25 00:00:00,2025-01-25 00:00:00,632.7557781766153,285.2542846843548,1.338538706875605,634.0943168834909,285.2542846843548,0,0.8,1200.0,1200.0,348.84003219913615,0.0,0.0,10800.0,10800.0,0.0,0.0
2025-01-25,97,2025-01-25 00:00:00,2025-01-25 00:00:00,601.9766127817661,248.9451623017088,69.48297802861511,671.4595908103812,248.9451623017088,0,0.8,1200.0,1200.0,422.5144285086724,0.0,0.0,10800.0,10800.0,0.0,0.0
2025-01-25,98,2025-01-25 00:00:00,2025-01-25 00:00:00,601.043073337073,214.74521105916432,69.48297802861511,670.5260513656881,214.74521105916432,0,0.8,1200.0,1200.0,455.78084030652377,0.0,0.0,10800.0,10800.0,0.0,0.0
2025-01-25,99,2025-01-25 00:00:00,2025-01-25 00:00:00,615.634331217422,182.79287510551322,69.48297802861511,685.117309246037,182.79287510551322,0,0.8,1200.0,1200.0,502.32443414052386,0.0,0.0,10800.0,10800.0,0.0,0.0
2025-01-25,100,2025-01-25 00:00:00,2025-01-25 00:00:00,600.9779591465178,153.19490327010118,69.48297802861511,670.4609371751329,153.19490327010118,0,0.8,1200.0,1200.0,517.2660339050317,0.0,-0.0,10800.0,10800.0,0.0,0.0
2025-01-25,101,2025-01-25 00:00:00,2025-01-25 00:00:00,540.5794465064679,126.02628733222954,69.48297802861511,610.062424535083,126.02628733222954,0,0.8,1200.0,1200.0,484.0361372028534,0.0,-0.0,10800.0,10800.0,0.0,0.0
2025-01-25,102,2025-01-25 00:00:00,2025-01-25 00:00:00,475.25941068993603,101.33064986078823,69.48297802861511,544.7423887185512,101.33064986078823,0,0.8,1200.0,1200.0,443.41173885776294,0.0,-0.0,10800.0,10800.0,0.0,0.0
2025-01-25,103,2025-01-25 00:00:00,2025-01-25 00:00:00,467.9741361038916,79.12106533990726,62.95462635141663,530.9287624553083,79.12106533990726,0,0.8,1200.0,1200.0,451.807697115401,0.0,0.0,10800.0,10800.0,0.0,0.0
2025-01-25,104,2025-01-25 00:00:00,2025-01-25 00:00:00,473.0159352033214,59.38129171932349,62.95462635141663,535.9705615547381,59.38129171932349,0,0.8,1200.0,1200.0,476.5892698354146,0.0,0.0,10800.0,10800.0,0.0,0.0
2025-01-25,105,2025-01-25 00:00:00,2025-01-25 00:00:00,465.8913711231343,42.06738340330533,62.95462635141663,528.8459974745509,42.06738340330533,0,0.8,1200.0,1200.0,486.7786140712456,0.0,0.0,10800.0,10800.0,0.0,0.0
2025-01-25,106,2025-01-25 00:00:00,2025-01-25 00:00:00,464.6642296932481,27.109651117342956,62.95462635141663,527.6188560446648,27.109651117342956,0,0.8,1200.0,1200.0,500.50920492732183,0.0,0.0,10800.0,10800.0,0.0,0.0
2025-01-25,107,2025-01-25 00:00:00,2025-01-25 00:00:00,462.83518573916945,14.414929155383197,62.95462635141663,525.7898120905861,14.414929155383197,0,0.8,1200.0,1200.0,511.3748829352029,0.0,-0.0,10800.0,10800.0,0.0,0.0
2025-01-25,108,2025-01-25 00:00:00,2025-01-25 00:00:00,468.16160459318496,3.869106289021327,62.95462635141663,531.1162309446016,3.869106289021327,0,0.8,1200.0,1200.0,0.0,0.0,527.2471246555803,10800.0,10214.1698614938,0.0,0.0
2025-01-25,109,2025-01-25 00:00:00,2025-01-25 00:00:00,492.97373603756796,0.0,22.570885332743437,515.5446213703113,0.0,0,0.8,1200.0,1200.0,0.0,0.0,515.5446213703113,10214.1698614938,9641.342504415676,0.0,0.0
2025-01-25,110,2025-01-25 00:00:00,2025-01-25 00:00:00,487.1064618534804,0.0,22.570885332743437,509.67734718622387,0.0,0,0.8,1200.0,1200.0,0.0,0.0,509.67734718622387,9641.342504415676,9075.034340875427,0.0,0.0
2025-01-25,111,2025-01-25 00:00:00,2025-01-25 00:00:00,451.74437275262846,0.0,22.570885332743437,474.3152580853719,0.0,0,0.8,1200.0,1200.0,0.0,0.0,474.3152580853719,9075.034340875427,8548.017387447237,0.0,0.0
2025-01-25,112,2025-01-25 00:00:00,2025-01-25 00:00:00,440.98128242738943,0.0,22.570885332743437,463.5521677601329,0.0,0,0.8,1200.0,1200.0,0.0,0.0,463.5521677601329,8548.017387447237,8032.959423269311,0.0,0.0
2025-01-25,113,2025-01-25 00:00:00,2025-01-25 00:00:00,451.2186108172441,0.0,22.570885332743437,473.78949614998754,0.0,0,0.8,1200.0,1200.0,0.0,0.0,473.78949614998754,8032.959423269311,7506.526649769325,0.0,0.0
2025-01-25,114,2025-01-25 00:00:00,2025-01-25 00:00:00,451.98440108126175,0.0,22.570885332743437,474.5552864140052,0.0,0,0.8,1200.0,1200.0,0.0,0.0,474.5552864140052,7506.526649769325,6979.242998198208,0.0,0.0
2025-01-25,115,2025-01-25 00:00:00,2025-01-25 00:00:00,424.96123139726467,0.0,28.170250647159403,453.13148204442405,0.0,0,0.8,1200.0,1200.0,0.0,0.0,453.13148204442405,6979.242998198208,6475.763573704403,0.0,0.0
2025-01-25,116,2025-01-25 00:00:00,2025-01-25 00:00:00,442.18814841757245,0.0,28.170250647159403,470.3583990647318,0.0,0,0.8,1200.0,1200.0,0.0,0.0,470.3583990647318,6475.763573704403,5953.143130299145,0.0,0.0
2025-01-25,117,2025-01-25 00:00:00,2025-01-25 00:00:00,482.2060166487936,0.0,28.170250647159403,510.37626729595297,0.0,0,0.8,1200.0,1200.0,0.0,0.0,510.37626729595297,5953.143130299145,5386.058388859197,0.0,0.0
2025-01-25,118,2025-01-25 00:00:00,2025-01-25 00:00:00,453.09503205002034,0.0,28.170250647159403,481.2652826971797,0.0,0,0.8,1200.0,1200.0,0.0,0.0,481.2652826971797,5386.058388859197,4851.31918586233,0.0,0.0
2025-01-25,119,2025-01-25 00:00:00,2025-01-25 00:00:00,441.22232852178723,0.0,28.170250647159403,469.3925791689466,0.0,0,0.8,1200.0,1200.0,0.0,0.0,469.3925791689466,4851.31918586233,4329.771875674612,0.0,0.0
2025-01-25,120,2025-01-25 00:00:00,2025-01-25 00:00:00,471.0963198750394,0.0,28.170250647159403,499.2665705221988,0.0,0,0.8,1200.0,1200.0,0.0,0.0,499.2665705221988,4329.771875674612,3775.0312417610576,0.0,0.0
2025-01-25,121,2025-01-25 00:00:00,2025-01-25 00:00:00,477.04765775633473,0.0,26.30248789754492,503.3501456538796,0.0,0,0.8,1200.0,1200.0,0.0,0.0,503.3501456538796,3775.0312417610576,3215.7533021456356,0.0,0.0
2025-01-25,122,2025-01-25 00:00:00,2025-01-25 00:00:00,463.50610892591305,0.0,26.30248789754492,489.80859682345795,0.0,0,0.8,1200.0,1200.0,0.0,0.0,489.80859682345795,3215.7533021456356,2671.521527897349,0.0,0.0
2025-01-25,123,2025-01-25 00:00:00,2025-01-25 00:00:00,453.1547965217852,0.0,26.30248789754492,479.4572844193301,0.0,0,0.8,1200.0,1200.0,0.0,0.0,479.4572844193301,2671.521527897349,2138.7912118758713,0.0,0.0
2025-01-25,124,2025-01-25 00:00:00,2025-01-25 00:00:00,464.92877393492745,0.0,26.30248789754492,491.23126183247234,0.0,0,0.8,1200.0,1200.0,0.0,0.0,491.23126183247234,2138.7912118758713,1592.9786987286798,0.0,0.0
2025-01-25,125,2025-01-25 00:00:00,2025-01-25 00:00:00,502.902614108207,0.3606433689314348,26.30248789754492,529.2051020057519,0.3606433689314348,0,0.8,1200.0,1200.0,175.1636297810087,0.0,353.6808288558118,1592.9786987286798,1200.0,0.0,0.0
2025-01-25,126,2025-01-25 00:00:00,2025-01-25 00:00:00,529.023897621497,2.2189672074061404,26.30248789754492,555.3263855190419,2.2189672074061404,0,0.8,1200.0,1200.0,553.1074183116357,0.0,0.0,1200.0,1200.0,0.0,0.0
2025-01-25,127,2025-01-25 00:00:00,2025-01-25 00:00:00,495.8555023724392,3.7334046936433225,35.1972256045942,531.0527279770334,3.7334046936433225,0,0.8,1200.0,1200.0,527.3193232833901,0.0,0.0,1200.0,1200.0,0.0,0.0
2025-01-25,128,2025-01-25 00:00:00,2025-01-25 00:00:00,469.16927801486963,4.888467008957955,35.1972256045942,504.36650361946386,4.888467008957955,0,0.8,1200.0,1200.0,499.4780366105059,0.0,0.0,1200.0,1200.0,0.0,0.0
2025-01-25,129,2025-01-25 00:00:00,2025-01-25 00:00:00,477.0398827562178,5.682890126644594,35.1972256045942,512.237108360812,5.682890126644594,0,0.8,1200.0,1200.0,506.5542182341675,0.0,0.0,1200.0,1200.0,0.0,0.0
2025-01-25,130,2025-01-25 00:00:00,2025-01-25 00:00:00,482.1460337248336,6.128374280500925,35.1972256045942,517.3432593294278,6.128374280500925,0,0.8,1200.0,1200.0,511.21488504892693,0.0,-0.0,1200.0,1200.0,0.0,0.0
2025-01-25,131,2025-01-25 00:00:00,2025-01-25 00:00:00,453.5680072221513,6.248107720418898,35.1972256045942,488.76523282674555,6.248107720418898,0,0.8,1200.0,1200.0,482.51712510632666,-0.0,0.0,1200.0,1200.0,0.0,0.0
2025-01-25,132,2025-01-25 00:00:00,2025-01-25 00:00:00,415.0083137114738,6.075111787940316,35.1972256045942,450.20553931606804,6.075111787940316,0,0.8,1200.0,1200.0,444.1304275281277,0.0,0.0,1200.0,1200.0,0.0,0.0
2025-01-25,133,2025-01-25 00:00:00,2025-01-25 00:00:00,421.31680637746035,5.650447151865199,38.872692364208106,460.18949874166844,5.650447151865199,0,0.8,1200.0,1200.0,454.53905158980325,0.0,0.0,1200.0,1200.0,0.0,0.0
2025-01-25,134,2025-01-25 00:00:00,2025-01-25 00:00:00,443.51232761499534,5.021323078108335,38.872692364208106,482.38501997920343,5.021323078108335,0,0.8,1200.0,1200.0,477.3636969010951,0.0,-0.0,1200.0,1200.0,0.0,0.0
2025-01-25,135,2025-01-25 00:00:00,2025-01-25 00:00:00,448.07686740320344,4.239152837044168,38.872692364208106,486.94955976741153,4.239152837044168,0,0.8,1200.0,1200.0,482.71040693036736,0.0,0.0,1200.0,1200.0,0.0,0.0
2025-01-25,136,2025-01-25 00:00:00,2025-01-25 00:00:00,426.1148261027311,3.3575987580097078,38.872692364208106,464.9875184669392,3.3575987580097078,0,0.8,1200.0,1200.0,461.6299197089295,0.0,0.0,1200.0,1200.0,0.0,0.0
2025-01-25,137,2025-01-25 00:00:00,2025-01-25 00:00:00,399.16732646352375,2.430650021708223,38.872692364208106,438.04001882773184,2.430650021708223,0,0.8,1200.0,1200.0,435.6093688060236,0.0,0.0,1200.0,1200.0,0.0,0.0
2025-01-25,138,2025-01-25 00:00:00,2025-01-25 00:00:00,394.58924391461267,1.5107750488415146,38.872692364208106,433.46193627882076,1.5107750488415146,0,0.8,1200.0,1200.0,431.9511612299792,0.0,0.0,1200.0,1200.0,0.0,0.0
2025-01-25,139,2025-01-25 00:00:00,2025-01-25 00:00:00,422.9812080022745,0.6471883239336353,24.848130478318037,447.8293384805925,0.6471883239336353,0,0.8,1200.0,1200.0,447.1821501566589,0.0,0.0,1200.0,1200.0,0.0,0.0
2025-01-25,140,2025-01-25 00:00:00,2025-01-25 00:00:00,436.4238712766424,0.0,24.848130478318037,461.2720017549604,0.0,0,0.8,1200.0,1200.0,461.2720017549604,0.0,0.0,1200.0,1200.0,0.0,0.0
2025-01-25,141,2025-01-25 00:00:00,2025-01-25 00:00:00,419.31147392287585,0.0,24.848130478318037,444.15960440119386,0.0,0,0.8,1200.0,1200.0,444.15960440119386,0.0,0.0,1200.0,1200.0,0.0,0.0
2025-01-25,142,2025-01-25 00:00:00,2025-01-25 00:00:00,413.8750932293674,0.0,24.848130478318037,438.7232237076854,0.0,0,0.8,1200.0,1200.0,438.7232237076854,0.0,0.0,1200.0,1200.0,0.0,0.0
2025-01-25,143,2025-01-25 00:00:00,2025-01-25 00:00:00,499.4976487212519,0.0,24.848130478318037,524.34577919957,0.0,0,0.8,1200.0,1200.0,524.34577919957,0.0,0.0,1200.0,1200.0,0.0,0.0
2025-01-25,144,2025-01-25 00:00:00,2025-01-25 00:00:00,616.6461991881629,0.0,24.848130478318037,641.4943296664809,0.0,0,0.8,1200.0,1200.0,641.4943296664809,0.0,0.0,1200.0,1200.0,0.0,0.0
2025-01-26,1,2025-01-26 00:00:00,2025-01-26 00:00:00,629.5018891780493,0.9474678927382456,29.277821522591303,658.7797107006406,0.9474678927382456,0,0.8,1200.0,1200.0,1491.165576141236,833.3333333333336,0.0,1200.0,1950.0000000000002,0.0,1.0
2025-01-26,2,2025-01-26 00:00:00,2025-01-26 00:00:00,592.2253756169963,2.110225556954341,29.277821522591303,621.5031971395877,2.110225556954341,0,0.8,1200.0,1200.0,1452.7263049159665,833.3333333333333,0.0,1950.0000000000002,2700.0,0.0,1.0
2025-01-26,3,2025-01-26 00:00:00,2025-01-26 00:00:00,588.8174164462762,3.4512114657198225,29.277821522591303,618.0952379688675,3.4512114657198225,0,0.8,1200.0,1200.0,1447.977359836481,833.3333333333333,0.0,2700.0,3450.0,0.0,1.0
2025-01-26,4,2025-01-26 00:00:00,2025-01-26 00:00:00,610.3996449951371,4.924909110338896,29.277821522591303,639.6774665177285,4.924909110338896,0,0.8,1200.0,1200.0,1468.0858907407228,833.3333333333333,0.0,3450.0,4200.0,0.0,1.0
2025-01-26,5,2025-01-26 00:00:00,2025-01-26 00:00:00,617.9109993181622,6.478482645134361,29.277821522591303,647.1888208407536,6.478482645134361,0,0.8,1200.0,1200.0,1474.0436715289525,833.3333333333333,0.0,4200.0,4950.0,0.0,1.0
2025-01-26,6,2025-01-26 00:00:00,2025-01-26 00:00:00,610.1205062383491,8.053150829029816,29.277821522591303,639.3983277609404,8.053150829029816,0,0.8,1200.0,1200.0,1464.6785102652439,833.3333333333333,0.0,4950.0,5700.0,0.0,1.0
2025-01-26,7,2025-01-26 00:00:00,2025-01-26 00:00:00,618.5297371505734,9.585771540394791,39.564868165421196,658.0946053159946,9.585771540394791,0,0.8,1200.0,1200.0,1315.1755004422664,666.6666666666666,0.0,5700.0,6300.0,0.0,1.0
2025-01-26,8,2025-01-26 00:00:00,2025-01-26 00:00:00,627.8480088677086,11.010604577317679,39.564868165421196,667.4128770331298,11.010604577317679,0,0.8,1200.0,1200.0,1489.7356057891454,833.3333333333333,0.0,6300.0,7050.0,0.0,1.0
2025-01-26,9,2025-01-26 00:00:00,2025-01-26 00:00:00,626.4448444421943,12.261216484055248,39.564868165421196,666.0097126076155,12.261216484055248,0,0.8,1200.0,1200.0,1487.0818294568935,833.3333333333333,0.0,7050.0,7800.0,0.0,1.0
2025-01-26,10,2025-01-26 00:00:00,2025-01-26 00:00:00,620.7993066369758,13.272487841108935,39.564868165421196,660.364174802397,13.272487841108935,0,0.8,1200.0,1200.0,647.091686961288,0.0,0.0,7800.0,7800.0,0.0,0.0
2025-01-26,11,2025-01-26 00:00:00,2025-01-26 00:00:00,625.56221410053,13.982680884639333,39.564868165421196,665.1270822659512,13.982680884639333,0,0.8,1200.0,1200.0,651.1444013813119,0.0,0.0,7800.0,7800.0,0.0,0.0
2025-01-26,12,2025-01-26 00:00:00,2025-01-26 00:00:00,637.4030100746085,14.335523531246842,39.564868165421196,676.9678782400297,14.335523531246842,0,0.8,1200.0,1200.0,1495.9656880421162,833.3333333333333,0.0,7800.0,8550.0,0.0,1.0
2025-01-26,13,2025-01-26 00:00:00,2025-01-26 00:00:00,641.1975659791009,14.282264913168381,32.455514498143295,673.6530804772442,14.282264913168381,0,0.8,1200.0,1200.0,1492.7041488974091,833.3333333333333,0.0,8550.0,9300.0,0.0,1.0
2025-01-26,14,2025-01-26 00:00:00,2025-01-26 00:00:00,652.3710709666876,13.783657398791025,32.455514498143295,684.8265854648309,13.783657398791025,0,0.8,1200.0,1200.0,671.04292806604,0.0,0.0,9300.0,9300.0,0.0,0.0
2025-01-26,15,2025-01-26 00:00:00,2025-01-26 00:00:00,656.0548631810531,12.811820791245125,32.455514498143295,688.5103776791964,12.811820791245125,0,0.8,1200.0,1200.0,675.6985568879512,0.0,0.0,9300.0,9300.0,0.0,0.0
2025-01-26,16,2025-01-26 00:00:00,2025-01-26 00:00:00,622.3416107865228,11.351945955777827,32.455514498143295,654.7971252846661,11.351945955777827,0,0.8,1200.0,1200.0,643.4451793288882,0.0,0.0,9300.0,9300.0,0.0,0.0
2025-01-26,17,2025-01-26 00:00:00,2025-01-26 00:00:00,610.9489866382312,9.40379750169888,32.455514498143295,643.4045011363745,9.40379750169888,0,0.8,1200.0,1200.0,634.0007036346756,0.0,0.0,9300.0,9300.0,0.0,0.0
2025-01-26,18,2025-01-26 00:00:00,2025-01-26 00:00:00,640.3196035089311,6.982978299355182,32.455514498143295,672.7751180070744,6.982978299355182,0,0.8,1200.0,1200.0,665.7921397077192,0.0,0.0,9300.0,9300.0,0.0,0.0
2025-01-26,19,2025-01-26 00:00:00,2025-01-26 00:00:00,668.1046761081809,4.121922495239982,28.05515819369627,696.1598343018771,4.121922495239982,0,0.8,1200.0,1200.0,692.0379118066371,0.0,0.0,9300.0,9300.0,0.0,0.0
2025-01-26,20,2025-01-26 00:00:00,2025-01-26 00:00:00,666.3372317850641,0.8705882342212105,28.05515819369627,694.3923899787603,0.8705882342212105,0,0.8,1200.0,1200.0,693.5218017445391,0.0,0.0,9300.0,9300.0,0.0,0.0
2025-01-26,21,2025-01-26 00:00:00,2025-01-26 00:00:00,637.4147535120503,0.0,28.05515819369627,665.4699117057465,0.0,0,0.8,1200.0,1200.0,665.4699117057465,0.0,0.0,9300.0,9300.0,0.0,0.0
2025-01-26,22,2025-01-26 00:00:00,2025-01-26 00:00:00,612.4805238893438,0.0,28.05515819369627,640.53568208304,0.0,0,0.8,1200.0,1200.0,640.53568208304,0.0,0.0,9300.0,9300.0,0.0,0.0
2025-01-26,23,2025-01-26 00:00:00,2025-01-26 00:00:00,630.406854181548,0.0,28.05515819369627,658.4620123752443,0.0,0,0.8,1200.0,1200.0,658.4620123752443,0.0,0.0,9300.0,9300.0,0.0,0.0
2025-01-26,24,2025-01-26 00:00:00,2025-01-26 00:00:00,663.543582596436,0.0,28.05515819369627,691.5987407901322,0.0,0,0.8,1200.0,1200.0,691.5987407901322,0.0,0.0,9300.0,9300.0,0.0,0.0
2025-01-26,25,2025-01-26 00:00:00,2025-01-26 00:00:00,647.7435893516525,0.0,29.40251577706311,677.1461051287156,0.0,0,0.8,1200.0,1200.0,677.1461051287156,0.0,0.0,9300.0,9300.0,0.0,0.0
2025-01-26,26,2025-01-26 00:00:00,2025-01-26 00:00:00,642.2558906492602,0.0,29.40251577706311,671.6584064263233,0.0,0,0.8,1200.0,1200.0,671.6584064263233,0.0,0.0,9300.0,9300.0,0.0,0.0
2025-01-26,27,2025-01-26 00:00:00,2025-01-26 00:00:00,663.1056577965028,0.0,29.40251577706311,692.5081735735658,0.0,0,0.8,1200.0,1200.0,692.5081735735658,0.0,0.0,9300.0,9300.0,0.0,0.0
2025-01-26,28,2025-01-26 00:00:00,2025-01-26 00:00:00,664.8410980241187,0.0,29.40251577706311,694.2436138011817,0.0,0,0.8,1200.0,1200.0,694.2436138011817,0.0,0.0,9300.0,9300.0,0.0,0.0
2025-01-26,29,2025-01-26 00:00:00,2025-01-26 00:00:00,655.3932836392248,0.0,29.40251577706311,684.7957994162879,0.0,0,0.8,1200.0,1200.0,684.7957994162879,0.0,0.0,9300.0,9300.0,0.0,0.0
2025-01-26,30,2025-01-26 00:00:00,2025-01-26 00:00:00,656.9168502153644,0.0,29.40251577706311,686.3193659924275,0.0,0,0.8,1200.0,1200.0,686.3193659924275,0.0,0.0,9300.0,9300.0,0.0,0.0
2025-01-26,31,2025-01-26 00:00:00,2025-01-26 00:00:00,682.1604333340454,0.0,28.812716666666674,710.973150000712,0.0,0,0.8,1200.0,1200.0,710.973150000712,0.0,0.0,9300.0,9300.0,0.0,0.0
2025-01-26,32,2025-01-26 00:00:00,2025-01-26 00:00:00,705.9632217865677,0.0,28.812716666666674,734.7759384532344,0.0,0,0.8,1200.0,1200.0,734.7759384532344,0.0,0.0,9300.0,9300.0,0.0,0.0
2025-01-26,33,2025-01-26 00:00:00,2025-01-26 00:00:00,692.2517002684408,0.0,28.812716666666674,721.0644169351075,0.0,0,0.8,1200.0,1200.0,1554.3977502684406,833.3333333333331,0.0,9300.0,10050.0,0.0,0.9999999999999999
2025-01-26,34,2025-01-26 00:00:00,2025-01-26 00:00:00,643.8474041376084,0.0,28.812716666666674,672.660120804275,0.0,0,0.8,1200.0,1200.0,1505.9934541376083,833.3333333333333,0.0,10050.0,10800.0,0.0,1.0
2025-01-26,35,2025-01-26 00:00:00,2025-01-26 00:00:00,714.4378211098385,0.0,28.812716666666674,743.2505377765052,0.0,0,0.8,1200.0,1200.0,743.2505377765052,0.0,-0.0,10800.0,10800.0,0.0,0.0
2025-01-26,36,2025-01-26 00:00:00,2025-01-26 00:00:00,857.6240341409718,0.0,28.812716666666674,886.4367508076385,0.0,0,0.8,1200.0,1200.0,886.4367508076385,0.0,-0.0,10800.0,10800.0,0.0,0.0
2025-01-26,37,2025-01-26 00:00:00,2025-01-26 00:00:00,870.0921874468094,8.053726022950462,73.22258573925728,943.3147731860666,8.053726022950462,0,0.8,1200.0,1200.0,260.26104716311613,0.0,675.0,10800.0,10050.0,0.0,0.0
2025-01-26,38,2025-01-26 00:00:00,2025-01-26 00:00:00,865.7511525520868,21.63561318424385,73.22258573925728,938.973738291344,21.63561318424385,0,0.8,1200.0,1200.0,917.3381251071002,0.0,0.0,10050.0,10050.0,0.0,0.0
2025-01-26,39,2025-01-26 00:00:00,2025-01-26 00:00:00,894.9981241209824,37.64785673832609,73.22258573925728,968.2207098602397,37.64785673832609,0,0.8,1200.0,1200.0,930.5728531219136,0.0,0.0,10050.0,10050.0,0.0,0.0
2025-01-26,40,2025-01-26 00:00:00,2025-01-26 00:00:00,888.1668075278554,56.16762455731723,73.22258573925728,961.3893932671127,56.16762455731723,0,0.8,1200.0,1200.0,905.2217687097955,0.0,0.0,10050.0,10050.0,0.0,0.0
2025-01-26,41,2025-01-26 00:00:00,2025-01-26 00:00:00,875.362084902867,77.24526685019578,73.22258573925728,948.5846706421243,77.24526685019578,0,0.8,1200.0,1200.0,871.3394037919285,0.0,0.0,10050.0,10050.0,0.0,0.0
2025-01-26,42,2025-01-26 00:00:00,2025-01-26 00:00:00,874.6065144895427,100.90232313770822,73.22258573925728,947.8291002288,100.90232313770822,0,0.8,1200.0,1200.0,846.9267770910918,0.0,0.0,10050.0,10050.0,0.0,0.0
2025-01-26,43,2025-01-26 00:00:00,2025-01-26 00:00:00,870.0455883468131,127.1298944177938,58.37531361413428,928.4209019609474,127.1298944177938,0,0.8,1200.0,1200.0,801.2910075431536,0.0,0.0,10050.0,10050.0,0.0,0.0
2025-01-26,44,2025-01-26 00:00:00,2025-01-26 00:00:00,863.983335718032,155.88741480054279,58.37531361413428,922.3586493321662,155.88741480054279,0,0.8,1200.0,1200.0,766.4712345316234,0.0,0.0,10050.0,10050.0,0.0,0.0
2025-01-26,45,2025-01-26 00:00:00,2025-01-26 00:00:00,844.8898096302312,187.10185101371766,58.37531361413428,903.2651232443654,187.10185101371766,0,0.8,1200.0,1200.0,716.1632722306477,0.0,0.0,10050.0,10050.0,0.0,0.0
2025-01-26,46,2025-01-26 00:00:00,2025-01-26 00:00:00,825.5246121496251,220.66735176560883,58.37531361413428,883.8999257637594,220.66735176560883,0,0.8,1200.0,1200.0,1496.5659073314837,833.3333333333333,0.0,10050.0,10800.0,0.0,1.0
2025-01-26,47,2025-01-26 00:00:00,2025-01-26 00:00:00,976.8949672478234,256.4453621042882,58.37531361413428,1035.2702808619576,256.4453621042882,0,0.8,1200.0,1200.0,778.8249187576694,0.0,0.0,10800.0,10800.0,0.0,0.0
2025-01-26,48,2025-01-26 00:00:00,2025-01-26 00:00:00,1188.9380785478925,294.2652107417397,58.37531361413428,1247.3133921620267,294.2652107417397,0,0.8,1200.0,1200.0,119.7148480869538,0.0,833.3333333333333,10800.0,9874.074074074075,0.0,0.0
2025-01-26,49,2025-01-26 00:00:00,2025-01-26 00:00:00,1165.4657530784077,333.9251709345437,-7.310625495749203,1158.1551275826585,333.9251709345437,0,0.8,1200.0,1200.0,0.0,0.0,824.2299566481147,9874.074074074075,8958.263011131725,0.0,0.0
2025-01-26,50,2025-01-26 00:00:00,2025-01-26 00:00:00,1136.6150847347187,375.19398805041027,-7.310625495749203,1129.3044592389695,375.19398805041027,0,0.8,1200.0,1200.0,0.0,0.0,754.1104711885591,8958.263011131725,8120.362487588882,0.0,0.0
2025-01-26,51,2025-01-26 00:00:00,2025-01-26 00:00:00,1182.642947045412,417.81285952459496,-7.310625495749203,1175.3323215496628,417.81285952459496,0,0.8,1200.0,1200.0,0.0,0.0,757.5194620250678,8120.362487588882,7278.674196449918,0.0,0.0
2025-01-26,52,2025-01-26 00:00:00,2025-01-26 00:00:00,1155.3297536875768,461.49784564477585,-7.310625495749203,1148.0191281918276,461.49784564477585,0,0.8,1200.0,1200.0,0.0,0.0,686.5212825470517,7278.674196449918,6515.872771397639,0.0,0.0
2025-01-26,53,2025-01-26 00:00:00,2025-01-26 00:00:00,1128.7208942324285,505.942682617818,-7.310625495749203,1121.4102687366792,505.942682617818,0,0.8,1200.0,1200.0,0.0,0.0,615.4675861188612,6515.872771397639,5832.019897932238,0.0,0.0
2025-01-26,54,2025-01-26 00:00:00,2025-01-26 00:00:00,1149.6166449112586,550.8219627835442,-7.310625495749203,1142.3060194155094,550.8219627835442,0,0.8,1200.0,1200.0,0.0,0.0,591.4840566319651,5832.019897932238,5174.815390563387,0.0,0.0
2025-01-26,55,2025-01-26 00:00:00,2025-01-26 00:00:00,1178.472532234737,595.7946407593471,3.7187375568838155,1182.1912697916207,595.7946407593471,0,0.8,1200.0,1200.0,0.0,0.0,586.3966290322736,5174.815390563387,4523.263580527528,0.0,0.0
2025-01-26,56,2025-01-26 00:00:00,2025-01-26 00:00:00,1176.1659570614077,640.5078188277324,3.7187375568838155,1179.8846946182914,640.5078188277324,0,0.8,1200.0,1200.0,0.0,0.0,539.376875790559,4523.263580527528,3923.95594076024,0.0,0.0
2025-01-26,57,2025-01-26 00:00:00,2025-01-26 00:00:00,1150.7739417789999,684.6007601092003,3.7187375568838155,1154.4926793358836,684.6007601092003,0,0.8,1200.0,1200.0,0.0,0.0,469.8919192266833,3923.95594076024,3401.853808286148,0.0,0.0
2025-01-26,58,2025-01-26 00:00:00,2025-01-26 00:00:00,1146.9947124387104,727.7090740766905,3.7187375568838155,1150.7134499955941,727.7090740766905,0,0.8,1200.0,1200.0,395.4571402683188,0.0,27.547235650584796,3401.853808286148,3371.245768674387,0.0,0.0
2025-01-26,59,2025-01-26 00:00:00,2025-01-26 00:00:00,1170.045060656675,769.4690158337949,3.7187375568838155,1173.7637982135589,769.4690158337949,0,0.8,1200.0,1200.0,0.0,0.0,404.294782379764,3371.245768674387,2922.0293438079825,0.0,0.0
2025-01-26,60,2025-01-26 00:00:00,2025-01-26 00:00:00,1183.66276539963,809.5218383519212,3.7187375568838155,1187.3815029565137,809.5218383519212,0,0.8,1200.0,1200.0,0.0,0.0,377.85966460459247,2922.0293438079825,2502.185272025102,0.0,0.0
2025-01-26,61,2025-01-26 00:00:00,2025-01-26 00:00:00,1149.1800654582485,847.518135581606,32.27892896974421,1181.4589944279926,847.518135581606,0,0.8,1200.0,1200.0,0.0,0.0,333.9408588463866,2502.185272025102,2131.139873306895,0.0,0.0
2025-01-26,62,2025-01-26 00:00:00,2025-01-26 00:00:00,1138.9348166806328,883.1221140447335,32.27892896974421,1171.213745650377,883.1221140447335,0,0.8,1200.0,1200.0,0.0,0.0,288.09163160564344,2131.139873306895,1811.0380604117354,0.0,0.0
2025-01-26,63,2025-01-26 00:00:00,2025-01-26 00:00:00,1167.404045787793,916.0157311861801,32.27892896974421,1199.682974757537,916.0157311861801,0,0.8,1200.0,1200.0,0.0,0.0,283.66724357135695,1811.0380604117354,1495.8522342213387,0.0,0.0
2025-01-26,64,2025-01-26 00:00:00,2025-01-26 00:00:00,1179.8907222371965,945.9026404077358,32.27892896974421,1212.1696512069407,945.9026404077358,0,0.8,1200.0,1200.0,0.0,0.0,266.26701079920485,1495.8522342213387,1200.0,0.0,0.0
2025-01-26,65,2025-01-26 00:00:00,2025-01-26 00:00:00,1187.2194356627583,972.511885300653,32.27892896974421,1219.4983646325024,972.511885300653,0,0.8,1200.0,1200.0,246.9864793318494,0.0,0.0,1200.0,1200.0,0.0,0.0
2025-01-26,66,2025-01-26 00:00:00,2025-01-26 00:00:00,1181.1744590438118,995.6012890965504,32.27892896974421,1213.453388013556,995.6012890965504,0,0.8,1200.0,1200.0,1051.1854322503386,833.3333333333333,0.0,1200.0,1950.0,0.0,1.0
2025-01-26,67,2025-01-26 00:00:00,2025-01-26 00:00:00,1142.2028533834862,1014.9604897155331,70.03801619349056,1212.2408695769768,1014.9604897155331,0,0.8,1200.0,1200.0,1030.6137131947771,833.3333333333333,0.0,1950.0,2700.0,0.0,1.0
2025-01-26,68,2025-01-26 00:00:00,2025-01-26 00:00:00,1145.9526176446766,1030.4135759369353,70.03801619349056,1215.9906338381672,1030.4135759369353,0,0.8,1200.0,1200.0,1018.9103912345652,833.3333333333333,0.0,2700.0,3450.0,0.0,1.0
2025-01-26,69,2025-01-26 00:00:00,2025-01-26 00:00:00,1180.5477882226019,1041.8212860707067,70.03801619349056,1250.5858044160925,1041.8212860707067,0,0.8,1200.0,1200.0,1042.097851678719,833.3333333333333,0.0,3450.0,4200.0,0.0,1.0
2025-01-26,70,2025-01-26 00:00:00,2025-01-26 00:00:00,1158.1689158217068,1049.082736973175,70.03801619349056,1228.2069320151975,1049.082736973175,0,0.8,1200.0,1200.0,1012.4575283753557,833.3333333333333,0.0,4200.0,4950.0,0.0,1.0
2025-01-26,71,2025-01-26 00:00:00,2025-01-26 00:00:00,1130.8025485852381,1052.1366582265925,70.03801619349056,1200.8405647787288,1052.1366582265925,0,0.8,1200.0,1200.0,982.0372398854695,833.3333333333333,0.0,4950.0,5700.0,0.0,1.0
2025-01-26,72,2025-01-26 00:00:00,2025-01-26 00:00:00,1111.1867341593156,1050.9621136759413,70.03801619349056,1181.2247503528063,1050.9621136759413,0,0.8,1200.0,1200.0,963.5959700101982,833.3333333333333,0.0,5700.0,6450.0,0.0,1.0
2025-01-26,73,2025-01-26 00:00:00,2025-01-26 00:00:00,1038.145552863215,1045.5787001708652,90.77433121904465,1128.9198840822596,1045.5787001708652,0,0.8,1200.0,1200.0,916.6745172447277,833.3333333333333,0.0,6450.0,7200.0,0.0,1.0
2025-01-26,74,2025-01-26 00:00:00,2025-01-26 00:00:00,1030.9665376869827,1036.0462211725064,90.77433121904465,1121.7408689060273,1036.0462211725064,0,0.8,1200.0,1200.0,919.0279810668542,833.3333333333333,0.0,7200.0,7950.0,0.0,1.0
2025-01-26,75,2025-01-26 00:00:00,2025-01-26 00:00:00,1057.287564386129,1022.4638407292305,90.77433121904465,1148.0618956051735,1022.4638407292305,0,0.8,1200.0,1200.0,958.9313882092763,833.3333333333333,0.0,7950.0,8700.0,0.0,1.0
2025-01-26,76,2025-01-26 00:00:00,2025-01-26 00:00:00,1045.362080435456,1004.96873107585,90.77433121904465,1136.1364116545005,1004.96873107585,0,0.8,1200.0,1200.0,964.5010139119838,833.3333333333333,0.0,8700.0,9450.0,0.0,1.0
2025-01-26,77,2025-01-26 00:00:00,2025-01-26 00:00:00,1065.69513082982,983.7342346438577,90.77433121904465,1156.4694620488647,983.7342346438577,0,0.8,1200.0,1200.0,1006.0685607383402,833.3333333333333,0.0,9450.0,10200.0,0.0,1.0
2025-01-26,78,2025-01-26 00:00:00,2025-01-26 00:00:00,1110.5424097756925,958.9675684647681,90.77433121904465,1201.316740994737,958.9675684647681,0,0.8,1200.0,1200.0,242.349172529969,0.0,0.0,10200.0,10200.0,0.0,0.0
2025-01-26,79,2025-01-26 00:00:00,2025-01-26 00:00:00,1097.2643927033657,930.9071056900809,61.61982882441119,1158.8842215277768,930.9071056900809,0,0.8,1200.0,1200.0,227.97711583769592,0.0,0.0,10200.0,10200.0,0.0,0.0
2025-01-26,80,2025-01-26 00:00:00,2025-01-26 00:00:00,1098.822344001086,899.8192751322777,61.61982882441119,1160.4421728254972,899.8192751322777,0,0.8,1200.0,1200.0,260.62289769321956,0.0,0.0,10200.0,10200.0,0.0,0.0
2025-01-26,81,2025-01-26 00:00:00,2025-01-26 00:00:00,1125.0359321824608,865.9951252536516,61.61982882441119,1186.655761006872,865.9951252536516,0,0.8,1200.0,1200.0,320.6606357532203,0.0,0.0,10200.0,10200.0,0.0,0.0
2025-01-26,82,2025-01-26 00:00:00,2025-01-26 00:00:00,1109.1414857720179,829.7466038066211,61.61982882441119,1170.761314596429,829.7466038066211,0,0.8,1200.0,1200.0,341.01471078980785,0.0,0.0,10200.0,10200.0,0.0,0.0
2025-01-26,83,2025-01-26 00:00:00,2025-01-26 00:00:00,1089.2577619373108,791.4026082858396,61.61982882441119,1150.8775907617219,791.4026082858396,0,0.8,1200.0,1200.0,359.47498247588226,0.0,0.0,10200.0,10200.0,0.0,0.0
2025-01-26,84,2025-01-26 00:00:00,2025-01-26 00:00:00,1085.2715936870295,751.3048654278447,61.61982882441119,1146.8914225114406,751.3048654278447,0,0.8,1200.0,1200.0,0.0,0.0,395.58655708359595,10200.0,9760.459381018227,0.0,0.0
2025-01-26,85,2025-01-26 00:00:00,2025-01-26 00:00:00,1077.7873013071505,709.8037001417454,28.055065400873175,1105.8423667080237,709.8037001417454,0,0.8,1200.0,1200.0,0.0,0.0,396.0386665662784,9760.459381018227,9320.416418166806,0.0,0.0
2025-01-26,86,2025-01-26 00:00:00,2025-01-26 00:00:00,1072.1722597678474,667.2537554434998,28.055065400873175,1100.2273251687207,667.2537554434998,0,0.8,1200.0,1200.0,0.0,0.0,432.97356972522084,9320.416418166806,8839.334674027672,0.0,0.0
2025-01-26,87,2025-01-26 00:00:00,2025-01-26 00:00:00,1070.0710211443004,624.0097251813606,28.055065400873175,1098.1260865451736,624.0097251813606,0,0.8,1200.0,1200.0,0.0,0.0,474.116361363813,8839.334674027672,8312.53871695677,0.0,0.0
2025-01-26,88,2025-01-26 00:00:00,2025-01-26 00:00:00,1068.177693615555,580.4221605820002,28.055065400873175,1096.2327590164282,580.4221605820002,0,0.8,1200.0,1200.0,0.0,0.0,515.810598434428,8312.53871695677,7739.415829807405,0.0,0.0
2025-01-26,89,2025-01-26 00:00:00,2025-01-26 00:00:00,1083.1290596327253,536.833409932422,28.055065400873175,1111.1841250335985,536.833409932422,0,0.8,1200.0,1200.0,0.0,0.0,574.3507151011765,7739.415829807405,7101.248368583876,0.0,0.0
2025-01-26,90,2025-01-26 00:00:00,2025-01-26 00:00:00,1093.1209688061124,493.57374807462315,28.055065400873175,1121.1760342069856,493.57374807462315,0,0.8,1200.0,1200.0,1460.9356194656957,833.3333333333333,0.0,7101.248368583876,7851.248368583876,0.0,1.0
2025-01-26,91,2025-01-26 00:00:00,2025-01-26 00:00:00,1056.578734128324,450.95774887573157,8.208978777733266,1064.7877129060573,450.95774887573157,0,0.8,1200.0,1200.0,1447.163297363659,833.3333333333333,0.0,7851.248368583876,8601.248368583876,0.0,1.0
2025-01-26,92,2025-01-26 00:00:00,2025-01-26 00:00:00,1024.9637167722165,409.28094950798277,8.208978777733266,1033.1726955499498,409.28094950798277,0,0.8,1200.0,1200.0,1457.2250793753003,833.3333333333333,0.0,8601.248368583876,9351.248368583876,0.0,1.0
2025-01-26,93,2025-01-26 00:00:00,2025-01-26 00:00:00,1026.9250251165245,368.81685030552256,8.208978777733266,1035.1340038942578,368.81685030552256,0,0.8,1200.0,1200.0,1499.6504869220685,833.3333333333333,0.0,9351.248368583876,10101.248368583876,0.0,1.0
2025-01-26,94,2025-01-26 00:00:00,2025-01-26 00:00:00,1044.7811181119682,329.8142882457736,8.208978777733266,1052.9900968897016,329.8142882457736,0,0.8,1200.0,1200.0,1499.566510217399,776.390701573471,0.0,10101.248368583876,10800.0,0.0,1.0
2025-01-26,95,2025-01-26 00:00:00,2025-01-26 00:00:00,1061.6527455005444,292.4952158294301,8.208978777733266,1069.8617242782777,292.4952158294301,0,0.8,1200.0,1200.0,777.3665084488476,0.0,0.0,10800.0,10800.0,0.0,0.0
2025-01-26,96,2025-01-26 00:00:00,2025-01-26 00:00:00,1059.6962059292885,257.05291041133927,8.208978777733266,1067.9051847070218,257.05291041133927,0,0.8,1200.0,1200.0,810.8522742956825,0.0,0.0,10800.0,10800.0,0.0,0.0
2025-01-26,97,2025-01-26 00:00:00,2025-01-26 00:00:00,1032.6356138961546,223.65063197778147,75.16941779681494,1107.8050316929696,223.65063197778147,0,0.8,1200.0,1200.0,884.1543997151881,0.0,0.0,10800.0,10800.0,0.0,0.0
2025-01-26,98,2025-01-26 00:00:00,2025-01-26 00:00:00,1025.041699422109,192.42074009222264,75.16941779681494,1100.211117218924,192.42074009222264,0,0.8,1200.0,1200.0,907.7903771267014,0.0,0.0,10800.0,10800.0,0.0,-0.0
2025-01-26,99,2025-01-26 00:00:00,2025-01-26 00:00:00,1045.7443987302815,163.464273362741,75.16941779681494,1120.9138165270965,163.464273362741,0,0.8,1200.0,1200.0,957.4495431643555,-0.0,0.0,10800.0,10800.0,0.0,0.0
2025-01-26,100,2025-01-26 00:00:00,2025-01-26 00:00:00,1056.2675651240518,136.85098744223686,75.16941779681494,1131.4369829208667,136.85098744223686,0,0.8,1200.0,1200.0,994.5859954786299,0.0,0.0,10800.0,10800.0,0.0,0.0
2025-01-26,101,2025-01-26 00:00:00,2025-01-26 00:00:00,1025.53827446075,112.61984037841664,75.16941779681494,1100.707692257565,112.61984037841664,0,0.8,1200.0,1200.0,988.0878518791484,0.0,0.0,10800.0,10800.0,0.0,0.0
2025-01-26,102,2025-01-26 00:00:00,2025-01-26 00:00:00,987.3036799089971,90.77990720235134,75.16941779681494,1062.473097705812,90.77990720235134,0,0.8,1200.0,1200.0,971.6931905034608,0.0,0.0,10800.0,10800.0,0.0,0.0
2025-01-26,103,2025-01-26 00:00:00,2025-01-26 00:00:00,1005.3492184402783,71.31169909508337,64.5825850094598,1069.931803449738,71.31169909508337,0,0.8,1200.0,1200.0,998.6201043546547,0.0,0.0,10800.0,10800.0,0.0,0.0
2025-01-26,104,2025-01-26 00:00:00,2025-01-26 00:00:00,1017.8690427110374,54.16885640724135,64.5825850094598,1082.4516277204973,54.16885640724135,0,0.8,1200.0,1200.0,1028.282771313256,0.0,0.0,10800.0,10800.0,0.0,0.0
2025-01-26,105,2025-01-26 00:00:00,2025-01-26 00:00:00,1022.0253035388,39.280179323992236,64.5825850094598,1086.6078885482598,39.280179323992236,0,0.8,1200.0,1200.0,1047.3277092242674,0.0,0.0,10800.0,10800.0,0.0,0.0
2025-01-26,106,2025-01-26 00:00:00,2025-01-26 00:00:00,1052.8085506324505,26.551955153769015,64.5825850094598,1117.3911356419103,26.551955153769015,0,0.8,1200.0,1200.0,1090.8391804881412,0.0,0.0,10800.0,10800.0,0.0,0.0
2025-01-26,107,2025-01-26 00:00:00,2025-01-26 00:00:00,944.4414380387298,15.870537148973908,64.5825850094598,1009.0240230481895,15.870537148973908,0,0.8,1200.0,1200.0,993.1534858992156,0.0,0.0,10800.0,10800.0,0.0,0.0
2025-01-26,108,2025-01-26 00:00:00,2025-01-26 00:00:00,755.8243766063541,7.105126502242977,64.5825850094598,820.4069616158139,7.105126502242977,0,0.8,1200.0,1200.0,813.3018351135709,0.0,-0.0,10800.0,10800.0,0.0,0.0
2025-01-26,109,2025-01-26 00:00:00,2025-01-26 00:00:00,732.4541474371593,0.11070675077544882,24.36041417171514,756.8145616088744,0.11070675077544882,0,0.8,1200.0,1200.0,756.703854858099,0.0,-0.0,10800.0,10800.0,0.0,0.0
2025-01-26,110,2025-01-26 00:00:00,2025-01-26 00:00:00,766.9055009901848,0.0,24.36041417171514,791.2659151618999,0.0,0,0.8,1200.0,1200.0,791.2659151618999,0.0,0.0,10800.0,10800.0,0.0,0.0
2025-01-26,111,2025-01-26 00:00:00,2025-01-26 00:00:00,755.4433733630658,0.0,24.36041417171514,779.8037875347809,0.0,0,0.8,1200.0,1200.0,779.8037875347809,0.0,0.0,10800.0,10800.0,0.0,0.0
2025-01-26,112,2025-01-26 00:00:00,2025-01-26 00:00:00,709.79622761666,0.0,24.36041417171514,734.156641788375,0.0,0,0.8,1200.0,1200.0,734.156641788375,0.0,0.0,10800.0,10800.0,0.0,0.0
2025-01-26,113,2025-01-26 00:00:00,2025-01-26 00:00:00,718.1283358243635,0.0,24.36041417171514,742.4887499960786,0.0,0,0.8,1200.0,1200.0,521.4740298375353,0.0,221.01472015854324,10800.0,10554.42808871273,0.0,0.0
2025-01-26,114,2025-01-26 00:00:00,2025-01-26 00:00:00,759.065025205705,0.0,24.36041417171514,783.42543937742,0.0,0,0.8,1200.0,1200.0,0.0,0.0,783.42543937742,10554.42808871273,9683.955378293374,0.0,0.0
2025-01-26,115,2025-01-26 00:00:00,2025-01-26 00:00:00,730.1516628573481,0.0,33.726454792029244,763.8781176493774,0.0,0,0.8,1200.0,1200.0,0.0,0.0,763.8781176493774,9683.955378293374,8835.20191423851,0.0,0.0
2025-01-26,116,2025-01-26 00:00:00,2025-01-26 00:00:00,710.9517036171061,0.0,33.726454792029244,744.6781584091353,0.0,0,0.8,1200.0,1200.0,0.0,0.0,744.6781584091353,8835.20191423851,8007.781738228361,0.0,0.0
2025-01-26,117,2025-01-26 00:00:00,2025-01-26 00:00:00,735.1050311312813,0.0,33.726454792029244,768.8314859233105,0.0,0,0.8,1200.0,1200.0,0.0,0.0,768.8314859233105,8007.781738228361,7153.5245316469045,0.0,0.0
2025-01-26,118,2025-01-26 00:00:00,2025-01-26 00:00:00,751.0930803460835,0.0,33.726454792029244,784.8195351381128,0.0,0,0.8,1200.0,1200.0,0.0,0.0,784.8195351381128,7153.5245316469045,6281.5028259378905,0.0,0.0
2025-01-26,119,2025-01-26 00:00:00,2025-01-26 00:00:00,739.0264225952594,0.0,33.726454792029244,772.7528773872887,0.0,0,0.8,1200.0,1200.0,0.0,0.0,772.7528773872887,6281.5028259378905,5422.888517729792,0.0,0.0
2025-01-26,120,2025-01-26 00:00:00,2025-01-26 00:00:00,709.3575278994039,0.0,33.726454792029244,743.0839826914331,0.0,0,0.8,1200.0,1200.0,0.0,0.0,743.0839826914331,5422.888517729792,4597.239648072644,0.0,0.0
2025-01-26,121,2025-01-26 00:00:00,2025-01-26 00:00:00,694.3317291612443,0.0,29.097460572262754,723.4291897335071,0.0,0,0.8,1200.0,1200.0,0.0,0.0,723.4291897335071,4597.239648072644,3793.429437257636,0.0,0.0
2025-01-26,122,2025-01-26 00:00:00,2025-01-26 00:00:00,724.9229330250661,0.0,29.097460572262754,754.0203935973288,0.0,0,0.8,1200.0,1200.0,0.0,0.0,754.0203935973288,3793.429437257636,2955.6289999272703,0.0,0.0
2025-01-26,123,2025-01-26 00:00:00,2025-01-26 00:00:00,768.2007633759407,0.0,29.097460572262754,797.2982239482035,0.0,0,0.8,1200.0,1200.0,0.0,0.0,797.2982239482035,2955.6289999272703,2069.7420844292665,0.0,0.0
2025-01-26,124,2025-01-26 00:00:00,2025-01-26 00:00:00,753.6704154140768,0.0,29.097460572262754,782.7678759863396,0.0,0,0.8,1200.0,1200.0,0.0,0.0,782.7678759863396,2069.7420844292665,1200.0,0.0,0.0
2025-01-26,125,2025-01-26 00:00:00,2025-01-26 00:00:00,713.7327593947814,0.6948433600763276,29.097460572262754,742.8302199670442,0.6948433600763276,0,0.8,1200.0,1200.0,742.1353766069678,0.0,-0.0,1200.0,1200.0,0.0,0.0
2025-01-26,126,2025-01-26 00:00:00,2025-01-26 00:00:00,701.5006390270133,1.4280535332941564,29.097460572262754,730.5980995992761,1.4280535332941564,0,0.8,1200.0,1200.0,729.170046065982,0.0,0.0,1200.0,1200.0,0.0,0.0
2025-01-26,127,2025-01-26 00:00:00,2025-01-26 00:00:00,737.097755881807,1.8681643218854755,40.65571146242813,777.7534673442351,1.8681643218854755,0,0.8,1200.0,1200.0,775.8853030223496,0.0,0.0,1200.0,1200.0,0.0,0.0
2025-01-26,128,2025-01-26 00:00:00,2025-01-26 00:00:00,736.7794450825926,2.02237410177613,40.65571146242813,777.4351565450207,2.02237410177613,0,0.8,1200.0,1200.0,775.4127824432446,0.0,0.0,1200.0,1200.0,0.0,0.0
2025-01-26,129,2025-01-26 00:00:00,2025-01-26 00:00:00,710.4702941940618,1.9098756562954065,40.65571146242813,751.12600565649,1.9098756562954065,0,0.8,1200.0,1200.0,749.2161300001945,0.0,0.0,1200.0,1200.0,0.0,0.0
2025-01-26,130,2025-01-26 00:00:00,2025-01-26 00:00:00,734.0650710561634,1.5602697766777773,40.65571146242813,774.7207825185916,1.5602697766777773,0,0.8,1200.0,1200.0,773.1605127419139,0.0,-0.0,1200.0,1200.0,0.0,0.0
2025-01-26,131,2025-01-26 00:00:00,2025-01-26 00:00:00,677.8061569798926,1.0118137072824838,40.65571146242813,718.4618684423208,1.0118137072824838,0,0.8,1200.0,1200.0,717.4500547350383,0.0,-0.0,1200.0,1200.0,0.0,-0.0
2025-01-26,132,2025-01-26 00:00:00,2025-01-26 00:00:00,558.5318876958162,0.30954584991193423,40.65571146242813,599.1875991582443,0.30954584991193423,0,0.8,1200.0,1200.0,598.8780533083324,0.0,0.0,1200.0,1200.0,0.0,0.0
2025-01-26,133,2025-01-26 00:00:00,2025-01-26 00:00:00,539.1981680745088,0.0,42.66419304641791,581.8623611209267,0.0,0,0.8,1200.0,1200.0,581.8623611209267,0.0,0.0,1200.0,1200.0,0.0,0.0
2025-01-26,134,2025-01-26 00:00:00,2025-01-26 00:00:00,571.4806377107953,0.0,42.66419304641791,614.1448307572133,0.0,0,0.8,1200.0,1200.0,614.1448307572133,0.0,-0.0,1200.0,1200.0,0.0,0.0
2025-01-26,135,2025-01-26 00:00:00,2025-01-26 00:00:00,587.1107927899649,0.0,42.66419304641791,629.7749858363828,0.0,0,0.8,1200.0,1200.0,629.7749858363828,0.0,0.0,1200.0,1200.0,0.0,0.0
2025-01-26,136,2025-01-26 00:00:00,2025-01-26 00:00:00,569.5896078009661,0.0,42.66419304641791,612.253800847384,0.0,0,0.8,1200.0,1200.0,612.253800847384,0.0,0.0,1200.0,1200.0,0.0,0.0
2025-01-26,137,2025-01-26 00:00:00,2025-01-26 00:00:00,566.7510393966036,0.0,42.66419304641791,609.4152324430215,0.0,0,0.8,1200.0,1200.0,609.4152324430215,0.0,0.0,1200.0,1200.0,0.0,0.0
2025-01-26,138,2025-01-26 00:00:00,2025-01-26 00:00:00,585.7058009282584,0.0,42.66419304641791,628.3699939746764,0.0,0,0.8,1200.0,1200.0,628.3699939746764,0.0,0.0,1200.0,1200.0,0.0,0.0
2025-01-26,139,2025-01-26 00:00:00,2025-01-26 00:00:00,587.2239542513714,0.0,33.884733520318726,621.1086877716901,0.0,0,0.8,1200.0,1200.0,621.1086877716901,0.0,0.0,1200.0,1200.0,0.0,0.0
2025-01-26,140,2025-01-26 00:00:00,2025-01-26 00:00:00,572.315967160244,0.0,33.884733520318726,606.2007006805627,0.0,0,0.8,1200.0,1200.0,606.2007006805627,0.0,0.0,1200.0,1200.0,0.0,0.0
2025-01-26,141,2025-01-26 00:00:00,2025-01-26 00:00:00,550.823326776374,0.0,33.884733520318726,584.7080602966927,0.0,0,0.8,1200.0,1200.0,584.7080602966927,0.0,0.0,1200.0,1200.0,0.0,0.0
2025-01-26,142,2025-01-26 00:00:00,2025-01-26 00:00:00,534.6524126849724,0.0,33.884733520318726,568.5371462052912,0.0,0,0.8,1200.0,1200.0,568.5371462052912,0.0,0.0,1200.0,1200.0,0.0,0.0
2025-01-26,143,2025-01-26 00:00:00,2025-01-26 00:00:00,549.294034393593,0.0,33.884733520318726,583.1787679139118,0.0,0,0.8,1200.0,1200.0,583.1787679139118,0.0,0.0,1200.0,1200.0,0.0,0.0
2025-01-26,144,2025-01-26 00:00:00,2025-01-26 00:00:00,576.5167591532849,0.0,33.884733520318726,610.4014926736036,0.0,0,0.8,1200.0,1200.0,610.4014926736037,0.0,0.0,1200.0,1200.0,0.0,0.0
