date,issue_hour,issue_time,slot_id,interval_start,interval_end,load_forecast_kwh,pv_forecast_kwh,pv_raw_forecast_kwh,grid_original_kwh,accepted,grid_kwh,charge_kwh,discharge_kwh,surplus_kwh,energy_start_kwh,energy_end_kwh,charge_mode,emergency_plan_kwh
2025-04-01,0,2025-04-01 00:00:00,1,2025-04-01 00:00:00,2025-04-01 00:10:00,574.3048104405688,1.0362790264058006,1.0362790264058006,1406.6018647474962,True,1406.6018647474962,833.3333333333333,0.0,0.0,1252.8578340593256,2002.8578340593256,1.0,0.0
2025-04-01,0,2025-04-01 00:00:00,2,2025-04-01 00:10:00,2025-04-01 00:20:00,581.4333112159197,1.419715167804405,1.419715167804405,1413.3469293814487,True,1413.3469293814487,833.3333333333333,0.0,0.0,2002.8578340593256,2752.857834059326,1.0,0.0
2025-04-01,0,2025-04-01 00:00:00,3,2025-04-01 00:20:00,2025-04-01 00:30:00,574.7303790761721,1.1664502684170017,1.1664502684170017,1406.8972621410885,True,1406.8972621410885,833.3333333333333,0.0,0.0,2752.857834059326,3502.857834059326,1.0,0.0
2025-04-01,0,2025-04-01 00:00:00,4,2025-04-01 00:30:00,2025-04-01 00:40:00,549.7198772375808,0.29978011173107433,0.29978011173107433,1382.7534304591832,True,1382.7534304591832,833.3333333333333,0.0,0.0,3502.857834059326,4252.857834059326,1.0,0.0
2025-04-01,0,2025-04-01 00:00:00,5,2025-04-01 00:40:00,2025-04-01 00:50:00,565.8579778800099,0.0,0.0,1399.1913112133432,True,1399.1913112133432,833.3333333333333,0.0,0.0,4252.857834059326,5002.857834059326,1.0,0.0
2025-04-01,0,2025-04-01 00:00:00,6,2025-04-01 00:50:00,2025-04-01 01:00:00,596.3265912406326,0.0,0.0,1429.6599245739658,True,1429.6599245739658,833.3333333333333,0.0,0.0,5002.857834059326,5752.857834059326,1.0,0.0
2025-04-01,0,2025-04-01 00:00:00,7,2025-04-01 01:00:00,2025-04-01 01:10:00,557.1224620126588,0.0,0.0,1165.0582019467413,True,1165.0582019467413,607.9357399340824,0.0,0.0,5752.857834059326,6300.0,0.9999999999999963,0.0
2025-04-01,0,2025-04-01 00:00:00,8,2025-04-01 01:10:00,2025-04-01 01:20:00,539.5841605636402,0.0,0.0,1372.9174938969736,True,1372.9174938969736,833.3333333333333,0.0,0.0,6300.0,7050.0,1.0,0.0
2025-04-01,0,2025-04-01 00:00:00,9,2025-04-01 01:20:00,2025-04-01 01:30:00,575.3330072120203,0.0,0.0,1408.6663405453537,True,1408.6663405453537,833.3333333333333,0.0,0.0,7050.0,7800.0,1.0,0.0
2025-04-01,0,2025-04-01 00:00:00,10,2025-04-01 01:30:00,2025-04-01 01:40:00,601.167672575394,0.0,0.0,601.167672575394,True,601.167672575394,0.0,0.0,0.0,7800.0,7800.0,-0.0,0.0
2025-04-01,0,2025-04-01 00:00:00,11,2025-04-01 01:40:00,2025-04-01 01:50:00,595.1042418373247,0.0,0.0,595.1042418373247,True,595.1042418373247,0.0,0.0,0.0,7800.0,7800.0,-0.0,0.0
2025-04-01,0,2025-04-01 00:00:00,12,2025-04-01 01:50:00,2025-04-01 02:00:00,587.7081334136625,0.0,0.0,1421.0414667469959,True,1421.0414667469959,833.3333333333333,0.0,0.0,7800.0,8550.0,1.0,0.0
2025-04-01,0,2025-04-01 00:00:00,13,2025-04-01 02:00:00,2025-04-01 02:10:00,618.0842369351789,0.0,0.0,1451.417570268512,True,1451.417570268512,833.3333333333333,0.0,0.0,8550.0,9300.0,1.0,0.0
2025-04-01,0,2025-04-01 00:00:00,14,2025-04-01 02:10:00,2025-04-01 02:20:00,601.0554882034774,0.0,0.0,601.0554882034774,True,601.0554882034774,0.0,0.0,0.0,9300.0,9300.0,-0.0,0.0
2025-04-01,0,2025-04-01 00:00:00,15,2025-04-01 02:20:00,2025-04-01 02:30:00,555.0383586682158,0.0,0.0,555.0383586682158,True,555.0383586682158,0.0,0.0,0.0,9300.0,9300.0,0.0,0.0
2025-04-01,0,2025-04-01 00:00:00,16,2025-04-01 02:30:00,2025-04-01 02:40:00,584.2624811782022,0.0,0.0,584.2624811782022,True,584.2624811782022,0.0,0.0,0.0,9300.0,9300.0,0.0,0.0
2025-04-01,0,2025-04-01 00:00:00,17,2025-04-01 02:40:00,2025-04-01 02:50:00,601.0832133910052,0.0,0.0,601.0832133910052,True,601.0832133910052,0.0,0.0,0.0,9300.0,9300.0,0.0,0.0
2025-04-01,0,2025-04-01 00:00:00,18,2025-04-01 02:50:00,2025-04-01 03:00:00,589.788104036952,0.0,0.0,589.788104036952,True,589.788104036952,0.0,0.0,0.0,9300.0,9300.0,0.0,0.0
2025-04-01,0,2025-04-01 00:00:00,19,2025-04-01 03:00:00,2025-04-01 03:10:00,617.4828059856153,0.0,0.0,617.4828059856153,True,617.4828059856153,0.0,0.0,0.0,9300.0,9300.0,0.0,0.0
2025-04-01,0,2025-04-01 00:00:00,20,2025-04-01 03:10:00,2025-04-01 03:20:00,602.8105671099188,0.0,0.0,602.8105671099188,True,602.8105671099188,0.0,0.0,0.0,9300.0,9300.0,0.0,0.0
2025-04-01,0,2025-04-01 00:00:00,21,2025-04-01 03:20:00,2025-04-01 03:30:00,558.0877917499158,0.0,0.0,558.0877917499158,True,558.0877917499158,0.0,0.0,0.0,9300.0,9300.0,0.0,0.0
2025-04-01,0,2025-04-01 00:00:00,22,2025-04-01 03:30:00,2025-04-01 03:40:00,584.22708455464,0.0,0.0,584.22708455464,True,584.22708455464,0.0,0.0,0.0,9300.0,9300.0,0.0,0.0
2025-04-01,0,2025-04-01 00:00:00,23,2025-04-01 03:40:00,2025-04-01 03:50:00,611.8475660899029,0.0,0.0,611.8475660899029,True,611.8475660899029,0.0,0.0,0.0,9300.0,9300.0,0.0,0.0
2025-04-01,0,2025-04-01 00:00:00,24,2025-04-01 03:50:00,2025-04-01 04:00:00,614.2645670005257,0.0,0.0,614.2645670005257,True,614.2645670005257,0.0,0.0,0.0,9300.0,9300.0,0.0,0.0
2025-04-01,0,2025-04-01 00:00:00,25,2025-04-01 04:00:00,2025-04-01 04:10:00,628.4655184629127,0.0,0.0,628.4655184629127,True,628.4655184629127,0.0,0.0,0.0,9300.0,9300.0,0.0,0.0
2025-04-01,0,2025-04-01 00:00:00,26,2025-04-01 04:10:00,2025-04-01 04:20:00,603.4970876446231,0.0,0.0,603.4970876446231,True,603.4970876446231,0.0,0.0,0.0,9300.0,9300.0,0.0,0.0
2025-04-01,0,2025-04-01 00:00:00,27,2025-04-01 04:20:00,2025-04-01 04:30:00,562.3165835874919,0.0,0.0,562.3165835874919,True,562.3165835874919,0.0,0.0,0.0,9300.0,9300.0,0.0,0.0
2025-04-01,0,2025-04-01 00:00:00,28,2025-04-01 04:30:00,2025-04-01 04:40:00,585.1953847239816,0.0,0.0,585.1953847239816,True,585.1953847239816,0.0,0.0,0.0,9300.0,9300.0,0.0,0.0
2025-04-01,0,2025-04-01 00:00:00,29,2025-04-01 04:40:00,2025-04-01 04:50:00,598.2694819979478,0.0,0.0,598.2694819979478,True,598.2694819979478,0.0,0.0,0.0,9300.0,9300.0,0.0,0.0
2025-04-01,0,2025-04-01 00:00:00,30,2025-04-01 04:50:00,2025-04-01 05:00:00,579.1577351961371,0.0,0.0,579.1577351961371,True,579.1577351961371,0.0,0.0,0.0,9300.0,9300.0,0.0,0.0
2025-04-01,0,2025-04-01 00:00:00,31,2025-04-01 05:00:00,2025-04-01 05:10:00,583.1395240505929,9.453198321808891,9.453198321808891,573.6863257287839,True,573.6863257287839,0.0,0.0,0.0,9300.0,9300.0,-0.0,0.0
2025-04-01,0,2025-04-01 00:00:00,32,2025-04-01 05:10:00,2025-04-01 05:20:00,610.6622071824675,25.356598407315126,25.356598407315126,585.3056087751523,True,585.3056087751523,0.0,0.0,0.0,9300.0,9300.0,0.0,0.0
2025-04-01,0,2025-04-01 00:00:00,33,2025-04-01 05:20:00,2025-04-01 05:30:00,621.2943230483437,43.41690217076143,43.41690217076143,1411.2107542109156,True,1411.2107542109156,833.3333333333333,0.0,0.0,9300.0,10050.0,1.0,0.0
2025-04-01,0,2025-04-01 00:00:00,34,2025-04-01 05:30:00,2025-04-01 05:40:00,591.9452830043164,63.69541373117371,63.69541373117371,1361.5832026064759,True,1361.5832026064759,833.3333333333333,0.0,0.0,10050.0,10800.0,1.0,0.0
2025-04-01,0,2025-04-01 00:00:00,35,2025-04-01 05:40:00,2025-04-01 05:50:00,663.8261704606713,86.23925013982162,86.23925013982162,577.5869203208497,True,577.5869203208497,0.0,-0.0,0.0,10800.0,10800.0,0.0,0.0
2025-04-01,0,2025-04-01 00:00:00,36,2025-04-01 05:50:00,2025-04-01 06:00:00,797.8905962153028,111.08012869937363,111.08012869937363,0.0,True,0.0,0.0,686.8104675159292,0.0,10800.0,10036.877258315633,0.0,0.0
2025-04-01,0,2025-04-01 00:00:00,37,2025-04-01 06:00:00,2025-04-01 06:10:00,808.4052784412773,138.23324718297732,138.23324718297732,0.0,True,0.0,0.0,670.1720312583,0.0,10036.877258315633,9292.241668028633,0.0,0.0
2025-04-01,0,2025-04-01 00:00:00,38,2025-04-01 06:10:00,2025-04-01 06:20:00,803.19389985885,167.6962757801538,167.6962757801538,0.0,True,0.0,0.0,635.4976240786963,0.0,9292.241668028633,8586.133196830082,0.0,0.0
2025-04-01,0,2025-04-01 00:00:00,39,2025-04-01 06:20:00,2025-04-01 06:30:00,825.3701587192178,199.4484789700816,199.4484789700816,0.0,True,0.0,0.0,625.9216797491362,0.0,8586.133196830082,7890.664663775486,0.0,0.0
2025-04-01,0,2025-04-01 00:00:00,40,2025-04-01 06:30:00,2025-04-01 06:40:00,808.2800880486105,233.44998458742086,233.44998458742086,0.0,True,0.0,0.0,574.8301034611897,0.0,7890.664663775486,7251.964548818608,0.0,0.0
2025-04-01,0,2025-04-01 00:00:00,41,2025-04-01 06:40:00,2025-04-01 06:50:00,804.7938835280962,269.64121610746565,269.64121610746565,0.0,True,0.0,0.0,535.1526674206306,0.0,7251.964548818608,6657.350473906796,0.0,0.0
2025-04-01,0,2025-04-01 00:00:00,42,2025-04-01 06:50:00,2025-04-01 07:00:00,818.5941817769863,307.94250264752486,307.94250264752486,0.0,True,0.0,0.0,510.6516791294614,0.0,6657.350473906796,6089.959719318505,0.0,0.0
2025-04-01,0,2025-04-01 00:00:00,43,2025-04-01 07:00:00,2025-04-01 07:10:00,799.3991229268627,348.25387937657104,348.25387937657104,0.0,True,0.0,0.0,451.14524355029164,0.0,6089.959719318505,5588.687226484848,0.0,0.0
2025-04-01,0,2025-04-01 00:00:00,44,2025-04-01 07:10:00,2025-04-01 07:20:00,799.5835541595819,390.45508896671583,390.45508896671583,0.0,True,0.0,0.0,409.1284651928661,0.0,5588.687226484848,5134.100042937219,0.0,0.0
2025-04-01,0,2025-04-01 00:00:00,45,2025-04-01 07:20:00,2025-04-01 07:30:00,808.4953045897968,434.4057924340485,434.4057924340485,0.0,True,0.0,0.0,374.08951215574825,0.0,5134.100042937219,4718.445029430832,0.0,0.0
2025-04-01,0,2025-04-01 00:00:00,46,2025-04-01 07:30:00,2025-04-01 07:40:00,781.8739779725007,479.9459952329772,479.9459952329772,290.19357284450734,True,290.19357284450734,0.0,11.734409895016142,0.0,4718.445029430832,4705.406796214147,0.0,0.0
2025-04-01,0,2025-04-01 00:00:00,47,2025-04-01 07:40:00,2025-04-01 07:50:00,887.1356271527125,526.8966918215233,526.8966918215233,0.0,True,0.0,0.0,360.23893533118917,0.0,4705.406796214147,4305.141312512826,0.0,0.0
2025-04-01,0,2025-04-01 00:00:00,48,2025-04-01 07:50:00,2025-04-01 08:00:00,1068.0755981170569,575.0607291422283,575.0607291422283,0.0,True,0.0,0.0,493.0148689748286,0.0,4305.141312512826,3757.347013651905,0.0,0.0
2025-04-01,0,2025-04-01 00:00:00,49,2025-04-01 08:00:00,2025-04-01 08:10:00,1085.4985902761289,624.2238866044628,624.2238866044628,0.0,True,0.0,0.0,461.2747036716661,0.0,3757.347013651905,3244.8195651278315,0.0,0.0
2025-04-01,0,2025-04-01 00:00:00,50,2025-04-01 08:10:00,2025-04-01 08:20:00,1071.024042883757,674.1561672509247,674.1561672509247,0.0,True,0.0,0.0,396.86787563283224,0.0,3244.8195651278315,2803.855258869129,0.0,0.0
2025-04-01,0,2025-04-01 00:00:00,51,2025-04-01 08:20:00,2025-04-01 08:30:00,1085.5008333232086,724.6132918874024,724.6132918874024,0.0,True,0.0,0.0,360.88754143580616,0.0,2803.855258869129,2402.869101718233,0.0,0.0
2025-04-01,0,2025-04-01 00:00:00,52,2025-04-01 08:30:00,2025-04-01 08:40:00,1060.5647107177642,775.3383850945546,775.3383850945546,0.0,True,0.0,0.0,285.2263256232096,0.0,2402.869101718233,2085.9509621368893,0.0,0.0
2025-04-01,0,2025-04-01 00:00:00,53,2025-04-01 08:40:00,2025-04-01 08:50:00,1071.9858117878637,826.0638392675269,826.0638392675269,0.0,True,0.0,0.0,245.9219725203368,0.0,2085.9509621368893,1812.7043260031817,0.0,0.0
2025-04-01,0,2025-04-01 00:00:00,54,2025-04-01 08:50:00,2025-04-01 09:00:00,1117.164522442139,876.5133401871581,876.5133401871581,0.0,True,0.0,0.0,240.651182254981,0.0,1812.7043260031817,1545.3141234976472,0.0,0.0
2025-04-01,0,2025-04-01 00:00:00,55,2025-04-01 09:00:00,2025-04-01 09:10:00,1106.7495574621037,926.4040351570371,926.4040351570371,0.0,True,0.0,0.0,180.34552230506654,0.0,1545.3141234976472,1344.930209825351,0.0,0.0
2025-04-01,0,2025-04-01 00:00:00,56,2025-04-01 09:10:00,2025-04-01 09:20:00,1068.875225832534,975.4488224836975,975.4488224836975,0.0,True,0.0,0.0,93.4264033488364,0.0,1344.930209825351,1241.1230949933106,0.0,0.0
2025-04-01,0,2025-04-01 00:00:00,57,2025-04-01 09:20:00,2025-04-01 09:30:00,1052.3083932983322,1023.3587390696141,1023.3587390696141,0.0,True,0.0,0.0,28.949654228718146,0.0,1241.1230949933106,1208.9568125169571,0.0,0.0
2025-04-01,0,2025-04-01 00:00:00,58,2025-04-01 09:30:00,2025-04-01 09:40:00,1077.9065524292664,1069.845421164005,1069.845421164005,0.0,True,0.0,0.0,8.061131265261338,0.0,1208.9568125169571,1200.0,0.0,0.0
2025-04-01,0,2025-04-01 00:00:00,59,2025-04-01 09:40:00,2025-04-01 09:50:00,1096.777530952011,1114.623611904311,1114.623611904311,0.0,True,0.0,17.8460809523001,0.0,0.0,1200.0,1216.0614728570702,1.0,0.0
2025-04-01,0,2025-04-01 00:00:00,60,2025-04-01 09:50:00,2025-04-01 10:00:00,1084.1725295351391,1157.4136882066634,1157.4136882066634,0.0,True,0.0,73.24115867152432,0.0,0.0,1216.0614728570702,1281.978515661442,1.0,0.0
2025-04-01,0,2025-04-01 00:00:00,61,2025-04-01 10:00:00,2025-04-01 10:10:00,1064.4340893792087,1197.9441788468812,1197.9441788468812,0.0,True,0.0,133.51008946767251,0.0,0.0,1281.978515661442,1402.1375961823474,1.0,0.0
2025-04-01,0,2025-04-01 00:00:00,62,2025-04-01 10:10:00,2025-04-01 10:20:00,1088.6713133531596,1235.954245229347,1235.954245229347,0.0,True,0.0,147.28293187618738,0.0,0.0,1402.1375961823474,1534.692234870916,1.0,0.0
2025-04-01,0,2025-04-01 00:00:00,63,2025-04-01 10:20:00,2025-04-01 10:30:00,1129.6992990060019,1271.1960963789268,1271.1960963789268,0.0,True,0.0,141.4967973729249,0.0,0.0,1534.692234870916,1662.0393525065485,1.0,0.0
2025-04-01,0,2025-04-01 00:00:00,64,2025-04-01 10:30:00,2025-04-01 10:40:00,1108.8589689023472,1303.4373101143924,1303.4373101143924,0.0,True,0.0,194.5783412120452,0.0,0.0,1662.0393525065485,1837.1598595973892,1.0,0.0
2025-04-01,0,2025-04-01 00:00:00,65,2025-04-01 10:40:00,2025-04-01 10:50:00,1077.335734994633,1332.4630331683957,1332.4630331683957,0.0,True,0.0,255.1272981737627,0.0,0.0,1837.1598595973892,2066.7744279537756,1.0,0.0
2025-04-01,0,2025-04-01 00:00:00,66,2025-04-01 10:50:00,2025-04-01 11:00:00,1065.592151988638,1358.0780342008366,1358.0780342008366,0.0,True,0.0,292.4858822121985,0.0,0.0,2066.7744279537756,2330.0117219447543,1.0,0.0
2025-04-01,0,2025-04-01 00:00:00,67,2025-04-01 11:00:00,2025-04-01 11:10:00,1054.0907551780265,1380.1085851956038,1380.1085851956038,507.3155033157559,True,507.3155033157559,833.3333333333333,0.0,0.0,2330.0117219447543,3080.0117219447543,1.0,0.0
2025-04-01,0,2025-04-01 00:00:00,68,2025-04-01 11:10:00,2025-04-01 11:20:00,1040.5778406881386,1398.4041486158155,1398.4041486158155,0.0,True,0.0,357.8263079276769,0.0,0.0,3080.0117219447543,3402.0553990796634,1.0,0.0
2025-04-01,0,2025-04-01 00:00:00,69,2025-04-01 11:20:00,2025-04-01 11:30:00,1046.6464652259024,1412.8388498952231,1412.8388498952231,0.0,True,0.0,366.19238466932075,0.0,0.0,3402.0553990796634,3731.628545282052,1.0,0.0
2025-04-01,0,2025-04-01 00:00:00,70,2025-04-01 11:30:00,2025-04-01 11:40:00,1082.7693061827315,1423.3127173337512,1423.3127173337512,231.85417457645156,True,231.85417457645156,572.3975857274712,0.0,0.0,3731.628545282052,4246.786372436776,1.0,0.0
2025-04-01,0,2025-04-01 00:00:00,71,2025-04-01 11:40:00,2025-04-01 11:50:00,1046.1974398569967,1429.752674209317,1429.752674209317,449.7780989810128,True,449.7780989810128,833.3333333333333,0.0,0.0,4246.786372436776,4996.786372436776,1.0,0.0
2025-04-01,0,2025-04-01 00:00:00,72,2025-04-01 11:50:00,2025-04-01 12:00:00,964.5667260113628,1432.1132708781051,1432.1132708781051,365.7867884665909,True,365.7867884665909,833.3333333333333,0.0,0.0,4996.786372436776,5746.786372436776,1.0,0.0
2025-04-01,0,2025-04-01 00:00:00,73,2025-04-01 12:00:00,2025-04-01 12:10:00,972.9634124971827,1430.3771477700413,1430.3771477700413,375.91959806047464,True,375.91959806047464,833.3333333333333,0.0,0.0,5746.786372436776,6496.786372436776,1.0,0.0
2025-04-01,0,2025-04-01 00:00:00,74,2025-04-01 12:10:00,2025-04-01 12:20:00,1003.5824455660346,1424.5552234513593,1424.5552234513593,412.36055544800854,True,412.36055544800854,833.3333333333333,0.0,0.0,6496.786372436776,7246.786372436776,1.0,0.0
2025-04-01,0,2025-04-01 00:00:00,75,2025-04-01 12:20:00,2025-04-01 12:30:00,1002.1293391480675,1414.6866052756975,1414.6866052756975,420.77606720570327,True,420.77606720570327,833.3333333333333,0.0,0.0,7246.786372436776,7996.786372436776,1.0,0.0
2025-04-01,0,2025-04-01 00:00:00,76,2025-04-01 12:30:00,2025-04-01 12:40:00,986.3476327781184,1400.8382235317913,1400.8382235317913,418.84274257966035,True,418.84274257966035,833.3333333333333,0.0,0.0,7996.786372436776,8746.786372436776,1.0,0.0
2025-04-01,0,2025-04-01 00:00:00,77,2025-04-01 12:40:00,2025-04-01 12:50:00,995.9346637277258,1383.1041933714741,1383.1041933714741,0.0,True,0.0,387.1695296437483,0.0,0.0,8746.786372436776,9095.23894911615,1.0,0.0
2025-04-01,0,2025-04-01 00:00:00,78,2025-04-01 12:50:00,2025-04-01 13:00:00,1023.4758860205878,1361.6049121185413,1361.6049121185413,0.0,True,0.0,338.12902609795344,0.0,0.0,9095.23894911615,9399.555072604307,1.0,0.0
2025-04-01,0,2025-04-01 00:00:00,79,2025-04-01 13:00:00,2025-04-01 13:10:00,1026.8376972502447,1336.4859027701198,1336.4859027701198,0.0,True,0.0,309.6482055198751,0.0,0.0,9399.555072604307,9678.238457572195,1.0,0.0
2025-04-01,0,2025-04-01 00:00:00,80,2025-04-01 13:10:00,2025-04-01 13:20:00,1030.6860077839306,1307.9164175621852,1307.9164175621852,0.0,True,0.0,277.2304097782546,0.0,0.0,9678.238457572195,9927.745826372624,1.0,0.0
2025-04-01,0,2025-04-01 00:00:00,81,2025-04-01 13:20:00,2025-04-01 13:30:00,1035.429338406888,1276.0878183367836,1276.0878183367836,0.0,True,0.0,240.65847992989552,0.0,0.0,9927.745826372624,10144.33845830953,1.0,0.0
2025-04-01,0,2025-04-01 00:00:00,82,2025-04-01 13:30:00,2025-04-01 13:40:00,1016.7370781290042,1241.2117530803644,1241.2117530803644,0.0,True,0.0,224.47467495136016,0.0,0.0,10144.33845830953,10346.365665765754,1.0,0.0
2025-04-01,0,2025-04-01 00:00:00,83,2025-04-01 13:40:00,2025-04-01 13:50:00,1014.764697450054,1203.5181503639983,1203.5181503639983,0.0,True,0.0,188.75345291394433,0.0,0.0,10346.365665765754,10516.243773388303,1.0,0.0
2025-04-01,0,2025-04-01 00:00:00,84,2025-04-01 13:50:00,2025-04-01 14:00:00,1025.581383701461,1163.2530554749424,1163.2530554749424,0.0,True,0.0,137.67167177348142,0.0,0.0,10516.243773388303,10640.148277984437,1.0,0.0
2025-04-01,0,2025-04-01 00:00:00,85,2025-04-01 14:00:00,2025-04-01 14:10:00,1007.98177043203,1120.6763337574582,1120.6763337574582,0.0,True,0.0,112.69456332542825,0.0,0.0,10640.148277984437,10741.573384977322,1.0,0.0
2025-04-01,0,2025-04-01 00:00:00,86,2025-04-01 14:10:00,2025-04-01 14:20:00,1011.1408069201716,1076.059268056481,1076.059268056481,0.0,True,0.0,64.91846113630936,0.0,0.0,10741.573384977322,10800.0,1.0,0.0
2025-04-01,0,2025-04-01 00:00:00,87,2025-04-01 14:20:00,2025-04-01 14:30:00,1035.2014854455174,1029.6820781636266,1029.6820781636266,0.0,True,0.0,0.0,5.519407281890835,0.0,10800.0,10793.867325242343,0.0,0.0
2025-04-01,0,2025-04-01 00:00:00,88,2025-04-01 14:30:00,2025-04-01 14:40:00,1027.5504189210167,981.8313907896505,981.8313907896505,0.0,True,0.0,0.0,45.719028131366144,0.0,10793.867325242343,10743.068405096381,0.0,0.0
2025-04-01,0,2025-04-01 00:00:00,89,2025-04-01 14:40:00,2025-04-01 14:50:00,1012.8139098459234,932.7976888251985,932.7976888251985,0.0,True,0.0,0.0,80.01622102072486,0.0,10743.068405096381,10654.161492851132,0.0,0.0
2025-04-01,0,2025-04-01 00:00:00,90,2025-04-01 14:50:00,2025-04-01 15:00:00,1015.0340208470865,882.8727685027566,882.8727685027566,132.1612523443299,True,132.1612523443299,0.0,0.0,0.0,10654.161492851132,10654.161492851132,0.0,0.0
2025-04-01,0,2025-04-01 00:00:00,91,2025-04-01 15:00:00,2025-04-01 15:10:00,1029.5222634367701,832.3472325431477,832.3472325431477,359.2178166145872,True,359.2178166145872,162.0427857209648,0.0,0.0,10654.161492851132,10800.0,1.0,0.0
2025-04-01,0,2025-04-01 00:00:00,92,2025-04-01 15:10:00,2025-04-01 15:20:00,1021.7150339402481,781.5080464714923,781.5080464714923,240.20698746875576,True,240.20698746875576,0.0,0.0,0.0,10800.0,10800.0,0.0,0.0
2025-04-01,0,2025-04-01 00:00:00,93,2025-04-01 15:20:00,2025-04-01 15:30:00,1001.9655191888176,730.6361840374315,730.6361840374315,271.3293351513861,True,271.3293351513861,0.0,0.0,0.0,10800.0,10800.0,0.0,0.0
2025-04-01,0,2025-04-01 00:00:00,94,2025-04-01 15:30:00,2025-04-01 15:40:00,1014.0511362375996,680.0043860950193,680.0043860950193,334.0467501425803,True,334.0467501425803,0.0,0.0,0.0,10800.0,10800.0,0.0,0.0
2025-04-01,0,2025-04-01 00:00:00,95,2025-04-01 15:40:00,2025-04-01 15:50:00,1028.3439886162232,629.8750554161688,629.8750554161688,398.4689332000544,True,398.4689332000544,0.0,0.0,0.0,10800.0,10800.0,0.0,0.0
2025-04-01,0,2025-04-01 00:00:00,96,2025-04-01 15:50:00,2025-04-01 16:00:00,1031.1105580772526,580.4983077593256,580.4983077593256,450.61225031792696,True,450.61225031792696,0.0,0.0,0.0,10800.0,10800.0,0.0,0.0
2025-04-01,0,2025-04-01 00:00:00,97,2025-04-01 16:00:00,2025-04-01 16:10:00,1034.684436671693,532.1101971274197,532.1101971274197,502.57423954427327,True,502.57423954427327,0.0,-0.0,0.0,10800.0,10800.0,0.0,0.0
2025-04-01,0,2025-04-01 00:00:00,98,2025-04-01 16:10:00,2025-04-01 16:20:00,1018.6575524251082,484.9311305645241,484.9311305645241,533.7264218605841,True,533.7264218605841,0.0,-0.0,0.0,10800.0,10800.0,0.0,0.0
2025-04-01,0,2025-04-01 00:00:00,99,2025-04-01 16:20:00,2025-04-01 16:30:00,1005.5893985418525,439.1644851000023,439.1644851000023,566.4249134418501,True,566.4249134418501,0.0,-0.0,0.0,10800.0,10800.0,0.0,0.0
2025-04-01,0,2025-04-01 00:00:00,100,2025-04-01 16:30:00,2025-04-01 16:40:00,1039.389744290976,394.995436595103,394.995436595103,644.3943076958731,True,644.3943076958731,0.0,-0.0,0.0,10800.0,10800.0,0.0,0.0
2025-04-01,0,2025-04-01 00:00:00,101,2025-04-01 16:40:00,2025-04-01 16:50:00,1047.23878088805,352.5900073240272,352.5900073240272,694.6487735640228,True,694.6487735640228,0.0,-0.0,0.0,10800.0,10800.0,0.0,0.0
2025-04-01,0,2025-04-01 00:00:00,102,2025-04-01 16:50:00,2025-04-01 17:00:00,1017.8452882376769,312.09433617385037,312.09433617385037,705.7509520638265,True,705.7509520638265,0.0,-0.0,0.0,10800.0,10800.0,0.0,0.0
2025-04-01,0,2025-04-01 00:00:00,103,2025-04-01 17:00:00,2025-04-01 17:10:00,1010.0220351420496,273.6341724195945,273.6341724195945,736.3878627224551,True,736.3878627224551,0.0,-0.0,0.0,10800.0,10800.0,0.0,0.0
2025-04-01,0,2025-04-01 00:00:00,104,2025-04-01 17:10:00,2025-04-01 17:20:00,1000.46668756077,237.31459116547165,237.31459116547165,763.1520963952983,True,763.1520963952983,0.0,-0.0,0.0,10800.0,10800.0,0.0,0.0
2025-04-01,0,2025-04-01 00:00:00,105,2025-04-01 17:20:00,2025-04-01 17:30:00,1002.9984049129127,203.2199257823567,203.2199257823567,799.778479130556,True,799.778479130556,0.0,-0.0,0.0,10800.0,10800.0,0.0,0.0
2025-04-01,0,2025-04-01 00:00:00,106,2025-04-01 17:30:00,2025-04-01 17:40:00,1035.72451912314,171.4139100542769,171.4139100542769,864.3106090688631,True,864.3106090688631,0.0,0.0,0.0,10800.0,10800.0,0.0,0.0
2025-04-01,0,2025-04-01 00:00:00,107,2025-04-01 17:40:00,2025-04-01 17:50:00,912.7517966169983,141.94002030933956,141.94002030933956,770.8117763076586,True,770.8117763076586,0.0,-0.0,0.0,10800.0,10800.0,0.0,0.0
2025-04-01,0,2025-04-01 00:00:00,108,2025-04-01 17:50:00,2025-04-01 18:00:00,702.7598739657119,114.82200558602975,114.82200558602975,587.9378683796822,True,587.9378683796822,0.0,-0.0,0.0,10800.0,10800.0,0.0,0.0
2025-04-01,0,2025-04-01 00:00:00,109,2025-04-01 18:00:00,2025-04-01 18:10:00,678.8793925634764,90.0645919029947,90.0645919029947,588.8148006604816,True,588.8148006604816,0.0,-0.0,0.0,10800.0,10800.0,0.0,0.0
2025-04-01,0,2025-04-01 00:00:00,110,2025-04-01 18:10:00,2025-04-01 18:20:00,713.2228005621308,67.65434498381256,67.65434498381256,645.5684555783182,True,645.5684555783182,0.0,0.0,0.0,10800.0,10800.0,0.0,0.0
2025-04-01,0,2025-04-01 00:00:00,111,2025-04-01 18:20:00,2025-04-01 18:30:00,711.8679268577455,47.56067435752639,47.56067435752639,664.3072525002191,True,664.3072525002191,0.0,0.0,0.0,10800.0,10800.0,0.0,0.0
2025-04-01,0,2025-04-01 00:00:00,112,2025-04-01 18:30:00,2025-04-01 18:40:00,711.6003612656426,29.736960625639682,29.736960625639682,681.863400640003,True,681.863400640003,0.0,0.0,0.0,10800.0,10800.0,0.0,0.0
2025-04-01,0,2025-04-01 00:00:00,113,2025-04-01 18:40:00,2025-04-01 18:50:00,721.1127805573317,14.121786866335029,14.121786866335029,64.85125089210521,True,64.85125089210521,0.0,642.1397427988915,0.0,10800.0,10086.51139689012,0.0,0.0
2025-04-01,0,2025-04-01 00:00:00,114,2025-04-01 18:50:00,2025-04-01 19:00:00,727.2767238936955,0.6402546411436314,0.6402546411436314,0.0,True,0.0,0.0,726.6364692525518,0.0,10086.51139689012,9279.137542165063,0.0,0.0
2025-04-01,0,2025-04-01 00:00:00,115,2025-04-01 19:00:00,2025-04-01 19:10:00,717.7055313483611,0.0,0.0,0.0,True,0.0,0.0,717.7055313483611,0.0,9279.137542165063,8481.686951777994,0.0,0.0
2025-04-01,0,2025-04-01 00:00:00,116,2025-04-01 19:10:00,2025-04-01 19:20:00,733.0443862288562,0.0,0.0,0.0,True,0.0,0.0,733.0443862288562,0.0,8481.686951777994,7667.193189301487,0.0,0.0
2025-04-01,0,2025-04-01 00:00:00,117,2025-04-01 19:20:00,2025-04-01 19:30:00,757.2945703905195,0.0,0.0,0.0,True,0.0,0.0,757.2945703905195,0.0,7667.193189301487,6825.754777756465,0.0,0.0
2025-04-01,0,2025-04-01 00:00:00,118,2025-04-01 19:30:00,2025-04-01 19:40:00,732.9669158791057,0.0,0.0,0.0,True,0.0,0.0,732.9669158791057,0.0,6825.754777756465,6011.347093446348,0.0,0.0
2025-04-01,0,2025-04-01 00:00:00,119,2025-04-01 19:40:00,2025-04-01 19:50:00,714.1208670109687,0.0,0.0,0.0,True,0.0,0.0,714.1208670109687,0.0,6011.347093446348,5217.87946343416,0.0,0.0
2025-04-01,0,2025-04-01 00:00:00,120,2025-04-01 19:50:00,2025-04-01 20:00:00,722.4804662427221,0.0,0.0,0.0,True,0.0,0.0,722.4804662427221,0.0,5217.87946343416,4415.123389831136,0.0,0.0
2025-04-01,0,2025-04-01 00:00:00,121,2025-04-01 20:00:00,2025-04-01 20:10:00,727.6706481527483,0.0,0.0,0.0,True,0.0,0.0,727.6706481527483,0.0,4415.123389831136,3606.600447439193,0.0,0.0
2025-04-01,0,2025-04-01 00:00:00,122,2025-04-01 20:10:00,2025-04-01 20:20:00,733.8376116485535,0.0,0.0,0.0,True,0.0,0.0,733.8376116485535,0.0,3606.600447439193,2791.225323385245,0.0,0.0
2025-04-01,0,2025-04-01 00:00:00,123,2025-04-01 20:20:00,2025-04-01 20:30:00,730.5074189542917,0.0,0.0,0.0,True,0.0,0.0,730.5074189542917,0.0,2791.225323385245,1979.5504134360317,0.0,0.0
2025-04-01,0,2025-04-01 00:00:00,124,2025-04-01 20:30:00,2025-04-01 20:40:00,701.5953720924285,0.0,0.0,0.0,True,0.0,0.0,701.5953720924285,0.0,1979.5504134360317,1200.0,0.0,0.0
2025-04-01,0,2025-04-01 00:00:00,125,2025-04-01 20:40:00,2025-04-01 20:50:00,701.2601759827111,0.0,0.0,701.2601759827111,True,701.2601759827111,0.0,-0.0,0.0,1200.0,1200.0,0.0,0.0
2025-04-01,0,2025-04-01 00:00:00,126,2025-04-01 20:50:00,2025-04-01 21:00:00,733.3230472699762,0.0,0.0,733.3230472699762,True,733.3230472699762,0.0,0.0,0.0,1200.0,1200.0,0.0,0.0
2025-04-01,0,2025-04-01 00:00:00,127,2025-04-01 21:00:00,2025-04-01 21:10:00,746.4592132231691,0.0,0.0,746.4592132231691,True,746.4592132231691,0.0,0.0,0.0,1200.0,1200.0,0.0,0.0
2025-04-01,0,2025-04-01 00:00:00,128,2025-04-01 21:10:00,2025-04-01 21:20:00,741.4470165134402,0.0,0.0,741.4470165134402,True,741.4470165134402,0.0,0.0,0.0,1200.0,1200.0,0.0,0.0
2025-04-01,0,2025-04-01 00:00:00,129,2025-04-01 21:20:00,2025-04-01 21:30:00,733.7922656097287,0.0,0.0,733.7922656097287,True,733.7922656097287,0.0,0.0,0.0,1200.0,1200.0,0.0,0.0
2025-04-01,0,2025-04-01 00:00:00,130,2025-04-01 21:30:00,2025-04-01 21:40:00,723.4233989555388,0.0,0.0,723.4233989555388,True,723.4233989555388,0.0,-0.0,0.0,1200.0,1200.0,0.0,0.0
2025-04-01,0,2025-04-01 00:00:00,131,2025-04-01 21:40:00,2025-04-01 21:50:00,649.4379690577791,0.0,0.0,649.4379690577791,True,649.4379690577791,0.0,-0.0,0.0,1200.0,1200.0,0.0,0.0
2025-04-01,0,2025-04-01 00:00:00,132,2025-04-01 21:50:00,2025-04-01 22:00:00,556.0357557480169,0.0,0.0,556.0357557480169,True,556.0357557480169,0.0,0.0,0.0,1200.0,1200.0,0.0,0.0
2025-04-01,0,2025-04-01 00:00:00,133,2025-04-01 22:00:00,2025-04-01 22:10:00,555.5833590381313,0.0,0.0,614.3142857707153,True,614.3142857707153,58.73092673258397,0.0,0.0,1200.0,1252.8578340593256,1.0000000000000027,0.0
2025-04-01,0,2025-04-01 00:00:00,134,2025-04-01 22:10:00,2025-04-01 22:20:00,557.3583314894694,3.284236016027455,3.284236016027455,554.074095473442,True,554.074095473442,0.0,0.0,0.0,1252.8578340593256,1252.8578340593256,0.0,0.0
2025-04-01,0,2025-04-01 00:00:00,135,2025-04-01 22:20:00,2025-04-01 22:30:00,544.2476931581328,7.837374529080182,7.837374529080182,536.4103186290527,True,536.4103186290527,0.0,0.0,0.0,1252.8578340593256,1252.8578340593256,0.0,0.0
2025-04-01,0,2025-04-01 00:00:00,136,2025-04-01 22:30:00,2025-04-01 22:40:00,583.3546706215906,12.0867899174508,12.0867899174508,571.2678807041398,True,571.2678807041398,0.0,0.0,0.0,1252.8578340593256,1252.8578340593256,0.0,0.0
2025-04-01,0,2025-04-01 00:00:00,137,2025-04-01 22:40:00,2025-04-01 22:50:00,581.8270532012699,15.97027204042182,15.97027204042182,565.8567811608481,True,565.8567811608481,0.0,0.0,0.0,1252.8578340593256,1252.8578340593256,0.0,0.0
2025-04-01,0,2025-04-01 00:00:00,138,2025-04-01 22:50:00,2025-04-01 23:00:00,541.8417459713932,19.433214253936512,19.433214253936512,522.4085317174566,True,522.4085317174566,0.0,0.0,0.0,1252.8578340593256,1252.8578340593256,0.0,0.0
2025-04-01,0,2025-04-01 00:00:00,139,2025-04-01 23:00:00,2025-04-01 23:10:00,562.9017661534159,22.42863494083878,22.42863494083878,540.4731312125771,True,540.4731312125771,0.0,0.0,0.0,1252.8578340593256,1252.8578340593256,0.0,0.0
2025-04-01,0,2025-04-01 00:00:00,140,2025-04-01 23:10:00,2025-04-01 23:20:00,590.49417250965,24.917171525684584,24.917171525684584,565.5770009839654,True,565.5770009839654,0.0,0.0,0.0,1252.8578340593256,1252.8578340593256,0.0,0.0
2025-04-01,0,2025-04-01 00:00:00,141,2025-04-01 23:20:00,2025-04-01 23:30:00,581.8911130539298,26.867054605249823,26.867054605249823,555.02405844868,True,555.02405844868,0.0,0.0,0.0,1252.8578340593256,1252.8578340593256,0.0,0.0
2025-04-01,0,2025-04-01 00:00:00,142,2025-04-01 23:30:00,2025-04-01 23:40:00,553.2306163518733,28.25406912040464,28.25406912040464,524.9765472314687,True,524.9765472314687,0.0,0.0,0.0,1252.8578340593256,1252.8578340593256,0.0,0.0
2025-04-01,0,2025-04-01 00:00:00,143,2025-04-01 23:40:00,2025-04-01 23:50:00,546.6807593909597,29.061508619529747,29.061508619529747,517.61925077143,True,517.61925077143,0.0,0.0,0.0,1252.8578340593256,1252.8578340593256,0.0,0.0
2025-04-01,0,2025-04-01 00:00:00,144,2025-04-01 23:50:00,2025-04-02 00:00:00,558.4364388419642,29.280127641831065,29.280127641831065,529.1563112001331,True,529.1563112001331,0.0,0.0,0.0,1252.8578340593256,1252.8578340593256,0.0,0.0
2025-04-02,0,2025-04-02 00:00:00,1,2025-04-02 00:00:00,2025-04-02 00:10:00,548.960074707776,1.1997053298215086,1.1997053298215086,1381.0937027112877,True,1381.0937027112877,833.3333333333333,0.0,0.0,1206.247702084361,1956.247702084361,1.0,0.0
2025-04-02,0,2025-04-02 00:00:00,2,2025-04-02 00:10:00,2025-04-02 00:20:00,551.3477003781745,1.6844319457324133,1.6844319457324133,1382.9966017657753,True,1382.9966017657753,833.3333333333333,0.0,0.0,1956.247702084361,2706.2477020843608,1.0,0.0
2025-04-02,0,2025-04-02 00:00:00,3,2025-04-02 00:20:00,2025-04-02 00:30:00,567.9040570103101,1.4669814165302455,1.4669814165302455,1399.770408927113,True,1399.770408927113,833.3333333333333,0.0,0.0,2706.2477020843608,3456.2477020843608,1.0,0.0
2025-04-02,0,2025-04-02 00:00:00,4,2025-04-02 00:30:00,2025-04-02 00:40:00,567.651872405513,0.5689086233189933,0.5689086233189933,1400.4162971155274,True,1400.4162971155274,833.3333333333333,0.0,0.0,3456.2477020843608,4206.247702084361,1.0,0.0
2025-04-02,0,2025-04-02 00:00:00,5,2025-04-02 00:40:00,2025-04-02 00:50:00,559.8760168673964,0.0,0.0,1393.2093502007297,True,1393.2093502007297,833.3333333333333,0.0,0.0,4206.247702084361,4956.247702084361,1.0,0.0
2025-04-02,0,2025-04-02 00:00:00,6,2025-04-02 00:50:00,2025-04-02 01:00:00,560.9310372114178,0.0,0.0,1394.264370544751,True,1394.264370544751,833.3333333333333,0.0,0.0,4956.247702084361,5706.247702084361,1.0,0.0
2025-04-02,0,2025-04-02 00:00:00,7,2025-04-02 01:00:00,2025-04-02 01:10:00,575.0821476511915,0.0,0.0,1234.806923113013,True,1234.806923113013,659.7247754618214,0.0,0.0,5706.247702084361,6300.0,1.0,0.0
2025-04-02,0,2025-04-02 00:00:00,8,2025-04-02 01:10:00,2025-04-02 01:20:00,574.2763652361039,0.0,0.0,1407.6096985694371,True,1407.6096985694371,833.3333333333333,0.0,0.0,6300.0,7050.0,1.0,0.0
2025-04-02,0,2025-04-02 00:00:00,9,2025-04-02 01:20:00,2025-04-02 01:30:00,569.9938384254998,0.0,0.0,1403.3271717588332,True,1403.3271717588332,833.3333333333333,0.0,0.0,7050.0,7800.0,1.0,0.0
2025-04-02,0,2025-04-02 00:00:00,10,2025-04-02 01:30:00,2025-04-02 01:40:00,597.9606044344621,0.0,0.0,597.9606044344621,True,597.9606044344621,0.0,0.0,0.0,7800.0,7800.0,-0.0,0.0
2025-04-02,0,2025-04-02 00:00:00,11,2025-04-02 01:40:00,2025-04-02 01:50:00,603.703130333352,0.0,0.0,603.703130333352,True,603.703130333352,0.0,0.0,0.0,7800.0,7800.0,0.0,0.0
2025-04-02,0,2025-04-02 00:00:00,12,2025-04-02 01:50:00,2025-04-02 02:00:00,580.5138738126501,0.0,0.0,1413.8472071459832,True,1413.8472071459832,833.3333333333333,0.0,0.0,7800.0,8550.0,1.0,0.0
2025-04-02,0,2025-04-02 00:00:00,13,2025-04-02 02:00:00,2025-04-02 02:10:00,578.2329456223055,0.0,0.0,1411.5662789556386,True,1411.5662789556386,833.3333333333333,0.0,0.0,8550.0,9300.0,1.0,0.0
2025-04-02,0,2025-04-02 00:00:00,14,2025-04-02 02:10:00,2025-04-02 02:20:00,589.4862931932435,0.0,0.0,589.4862931932435,True,589.4862931932435,0.0,0.0,0.0,9300.0,9300.0,-0.0,0.0
2025-04-02,0,2025-04-02 00:00:00,15,2025-04-02 02:20:00,2025-04-02 02:30:00,590.682014243322,0.0,0.0,590.682014243322,True,590.682014243322,0.0,0.0,0.0,9300.0,9300.0,0.0,0.0
2025-04-02,0,2025-04-02 00:00:00,16,2025-04-02 02:30:00,2025-04-02 02:40:00,569.8107072797584,0.0,0.0,569.8107072797584,True,569.8107072797584,0.0,0.0,0.0,9300.0,9300.0,0.0,0.0
2025-04-02,0,2025-04-02 00:00:00,17,2025-04-02 02:40:00,2025-04-02 02:50:00,564.1154166686548,0.0,0.0,564.1154166686548,True,564.1154166686548,0.0,0.0,0.0,9300.0,9300.0,0.0,0.0
2025-04-02,0,2025-04-02 00:00:00,18,2025-04-02 02:50:00,2025-04-02 03:00:00,586.2908872797886,0.0,0.0,586.2908872797886,True,586.2908872797886,0.0,0.0,0.0,9300.0,9300.0,0.0,0.0
2025-04-02,0,2025-04-02 00:00:00,19,2025-04-02 03:00:00,2025-04-02 03:10:00,610.0863586815622,0.0,0.0,610.0863586815622,True,610.0863586815622,0.0,0.0,0.0,9300.0,9300.0,0.0,0.0
2025-04-02,0,2025-04-02 00:00:00,20,2025-04-02 03:10:00,2025-04-02 03:20:00,603.1941704938583,0.0,0.0,603.1941704938583,True,603.1941704938583,0.0,0.0,0.0,9300.0,9300.0,0.0,0.0
2025-04-02,0,2025-04-02 00:00:00,21,2025-04-02 03:20:00,2025-04-02 03:30:00,582.9155623600946,0.0,0.0,582.9155623600946,True,582.9155623600946,0.0,0.0,0.0,9300.0,9300.0,0.0,0.0
2025-04-02,0,2025-04-02 00:00:00,22,2025-04-02 03:30:00,2025-04-02 03:40:00,595.4064222803706,0.0,0.0,595.4064222803706,True,595.4064222803706,0.0,0.0,0.0,9300.0,9300.0,0.0,0.0
2025-04-02,0,2025-04-02 00:00:00,23,2025-04-02 03:40:00,2025-04-02 03:50:00,601.594734178266,0.0,0.0,601.594734178266,True,601.594734178266,0.0,0.0,0.0,9300.0,9300.0,0.0,0.0
2025-04-02,0,2025-04-02 00:00:00,24,2025-04-02 03:50:00,2025-04-02 04:00:00,591.1725537053521,0.0,0.0,591.1725537053521,True,591.1725537053521,0.0,0.0,0.0,9300.0,9300.0,0.0,0.0
2025-04-02,0,2025-04-02 00:00:00,25,2025-04-02 04:00:00,2025-04-02 04:10:00,595.9572305232717,0.0,0.0,595.9572305232717,True,595.9572305232717,0.0,0.0,0.0,9300.0,9300.0,0.0,0.0
2025-04-02,0,2025-04-02 00:00:00,26,2025-04-02 04:10:00,2025-04-02 04:20:00,613.4146176707402,0.0,0.0,613.4146176707402,True,613.4146176707402,0.0,0.0,0.0,9300.0,9300.0,0.0,0.0
2025-04-02,0,2025-04-02 00:00:00,27,2025-04-02 04:20:00,2025-04-02 04:30:00,624.1488058533826,0.0,0.0,624.1488058533826,True,624.1488058533826,0.0,0.0,0.0,9300.0,9300.0,0.0,0.0
2025-04-02,0,2025-04-02 00:00:00,28,2025-04-02 04:30:00,2025-04-02 04:40:00,611.0863214556459,0.0,0.0,611.0863214556459,True,611.0863214556459,0.0,0.0,0.0,9300.0,9300.0,0.0,0.0
2025-04-02,0,2025-04-02 00:00:00,29,2025-04-02 04:40:00,2025-04-02 04:50:00,596.456068304779,0.0,0.0,596.456068304779,True,596.456068304779,0.0,0.0,0.0,9300.0,9300.0,0.0,0.0
2025-04-02,0,2025-04-02 00:00:00,30,2025-04-02 04:50:00,2025-04-02 05:00:00,592.8886523386528,0.0,0.0,592.8886523386528,True,592.8886523386528,0.0,0.0,0.0,9300.0,9300.0,0.0,0.0
2025-04-02,0,2025-04-02 00:00:00,31,2025-04-02 05:00:00,2025-04-02 05:10:00,595.0323898750627,7.805579281662798,7.805579281662798,587.2268105933999,True,587.2268105933999,0.0,0.0,0.0,9300.0,9300.0,-0.0,0.0
2025-04-02,0,2025-04-02 00:00:00,32,2025-04-02 05:10:00,2025-04-02 05:20:00,603.3068713488213,24.602505512720853,24.602505512720853,578.7043658361005,True,578.7043658361005,0.0,0.0,0.0,9300.0,9300.0,0.0,0.0
2025-04-02,0,2025-04-02 00:00:00,33,2025-04-02 05:20:00,2025-04-02 05:30:00,612.1706971272396,43.62709491861713,43.62709491861713,1401.8769355419558,True,1401.8769355419558,833.3333333333333,0.0,0.0,9300.0,10050.0,1.0,0.0
2025-04-02,0,2025-04-02 00:00:00,34,2025-04-02 05:30:00,2025-04-02 05:40:00,623.5286013141833,64.92909741563359,64.92909741563359,1391.932837231883,True,1391.932837231883,833.3333333333333,0.0,0.0,10050.0,10800.0,1.0,0.0
2025-04-02,0,2025-04-02 00:00:00,35,2025-04-02 05:40:00,2025-04-02 05:50:00,694.7280998623672,88.54273746846849,88.54273746846849,606.1853623938987,True,606.1853623938987,0.0,-0.0,0.0,10800.0,10800.0,0.0,0.0
2025-04-02,0,2025-04-02 00:00:00,36,2025-04-02 05:50:00,2025-04-02 06:00:00,787.5335498574769,114.4856896927775,114.4856896927775,0.0,True,0.0,0.0,673.0478601646994,0.0,10800.0,10052.169044261445,0.0,0.0
2025-04-02,0,2025-04-02 00:00:00,37,2025-04-02 06:00:00,2025-04-02 06:10:00,796.6694336181121,142.75816927742238,142.75816927742238,0.0,True,0.0,0.0,653.9112643406897,0.0,10052.169044261445,9325.60097277179,0.0,0.0
2025-04-02,0,2025-04-02 00:00:00,38,2025-04-02 06:10:00,2025-04-02 06:20:00,783.7980095141925,173.34215267578438,173.34215267578438,0.0,True,0.0,0.0,610.4558568384081,0.0,9325.60097277179,8647.316687395782,0.0,0.0
2025-04-02,0,2025-04-02 00:00:00,39,2025-04-02 06:20:00,2025-04-02 06:30:00,784.9731064366582,206.20074305534288,206.20074305534288,0.0,True,0.0,0.0,578.7723633813154,0.0,8647.316687395782,8004.236283638765,0.0,0.0
2025-04-02,0,2025-04-02 00:00:00,40,2025-04-02 06:30:00,2025-04-02 06:40:00,777.5192363466239,241.27769378732683,241.27769378732683,0.0,True,0.0,0.0,536.241542559297,0.0,8004.236283638765,7408.412347461768,0.0,0.0
2025-04-02,0,2025-04-02 00:00:00,41,2025-04-02 06:40:00,2025-04-02 06:50:00,776.5236471233989,278.49710181458715,278.49710181458715,0.0,True,0.0,0.0,498.0265453088117,0.0,7408.412347461768,6855.049519340866,0.0,0.0
2025-04-02,0,2025-04-02 00:00:00,42,2025-04-02 06:50:00,2025-04-02 07:00:00,773.0092549553611,317.7632810709883,317.7632810709883,0.0,True,0.0,0.0,455.24597388437286,0.0,6855.049519340866,6349.220659469341,0.0,0.0
2025-04-02,0,2025-04-02 00:00:00,43,2025-04-02 07:00:00,2025-04-02 07:10:00,745.9043329826186,358.9608242586035,358.9608242586035,0.0,True,0.0,0.0,386.9435087240151,0.0,6349.220659469341,5919.283427553768,0.0,0.0
2025-04-02,0,2025-04-02 00:00:00,44,2025-04-02 07:10:00,2025-04-02 07:20:00,758.2514558730426,401.9548592424027,401.9548592424027,0.0,True,0.0,0.0,356.2965966306399,0.0,5919.283427553768,5523.39832018639,0.0,0.0
2025-04-02,0,2025-04-02 00:00:00,45,2025-04-02 07:20:00,2025-04-02 07:30:00,791.2083580004723,446.5915041220028,446.5915041220028,0.0,True,0.0,0.0,344.61685387846956,0.0,5523.39832018639,5140.490704765869,0.0,0.0
2025-04-02,0,2025-04-02 00:00:00,46,2025-04-02 07:30:00,2025-04-02 07:40:00,782.7069606449619,492.69852271529095,492.69852271529095,0.0,True,0.0,0.0,290.00843792967095,0.0,5140.490704765869,4818.259107066235,0.0,0.0
2025-04-02,0,2025-04-02 00:00:00,47,2025-04-02 07:40:00,2025-04-02 07:50:00,898.7668480480947,540.0861797708781,540.0861797708781,0.0,True,0.0,0.0,358.6806682772167,0.0,4818.259107066235,4419.725031202661,0.0,0.0
2025-04-02,0,2025-04-02 00:00:00,48,2025-04-02 07:50:00,2025-04-02 08:00:00,1086.7206973680625,588.5482927488789,588.5482927488789,0.0,True,0.0,0.0,498.17240461918357,0.0,4419.725031202661,3866.200137181346,0.0,0.0
2025-04-02,0,2025-04-02 00:00:00,49,2025-04-02 08:00:00,2025-04-02 08:10:00,1108.3752304697286,637.8634745075857,637.8634745075857,0.0,True,0.0,0.0,470.51175596214296,0.0,3866.200137181346,3343.4092972234093,0.0,0.0
2025-04-02,0,2025-04-02 00:00:00,50,2025-04-02 08:10:00,2025-04-02 08:20:00,1084.557405209873,687.7965587432632,687.7965587432632,0.0,True,0.0,0.0,396.7608464666098,0.0,3343.4092972234093,2902.5639122605094,0.0,0.0
2025-04-02,0,2025-04-02 00:00:00,51,2025-04-02 08:20:00,2025-04-02 08:30:00,1086.6664170705187,738.1001975880886,738.1001975880886,0.0,True,0.0,0.0,348.56621948243014,0.0,2902.5639122605094,2515.268112835587,0.0,0.0
2025-04-02,0,2025-04-02 00:00:00,52,2025-04-02 08:30:00,2025-04-02 08:40:00,1067.9794523007085,788.5166184135649,788.5166184135649,0.0,True,0.0,0.0,279.4628338871437,0.0,2515.268112835587,2204.753852960983,0.0,0.0
2025-04-02,0,2025-04-02 00:00:00,53,2025-04-02 08:40:00,2025-04-02 08:50:00,1074.7200721283216,838.7795246491878,838.7795246491878,0.0,True,0.0,0.0,235.94054747913378,0.0,2204.753852960983,1942.5976890952786,0.0,0.0
2025-04-02,0,2025-04-02 00:00:00,54,2025-04-02 08:50:00,2025-04-02 09:00:00,1099.0645478993479,888.6161233431769,888.6161233431769,0.0,True,0.0,0.0,210.44842455617095,0.0,1942.5976890952786,1708.7661062550887,0.0,0.0
2025-04-02,0,2025-04-02 00:00:00,55,2025-04-02 09:00:00,2025-04-02 09:10:00,1082.8050047242302,937.7492602960665,937.7492602960665,0.0,True,0.0,0.0,145.05574442816373,0.0,1708.7661062550887,1547.5930568904623,0.0,0.0
2025-04-02,0,2025-04-02 00:00:00,56,2025-04-02 09:10:00,2025-04-02 09:20:00,1078.4839024173957,985.8996419191513,985.8996419191513,0.0,True,0.0,0.0,92.58426049824436,0.0,1547.5930568904623,1444.7216563368574,0.0,0.0
2025-04-02,0,2025-04-02 00:00:00,57,2025-04-02 09:20:00,2025-04-02 09:30:00,1096.6634503495063,1032.7881215353018,1032.7881215353018,0.0,True,0.0,0.0,63.87532881420452,0.0,1444.7216563368574,1373.749068765519,0.0,0.0
2025-04-02,0,2025-04-02 00:00:00,58,2025-04-02 09:30:00,2025-04-02 09:40:00,1090.4520346550817,1078.1380266734766,1078.1380266734766,0.0,True,0.0,0.0,12.314007981605073,0.0,1373.749068765519,1360.0668376748467,0.0,0.0
2025-04-02,0,2025-04-02 00:00:00,59,2025-04-02 09:40:00,2025-04-02 09:50:00,1066.077667984758,1121.6775030304675,1121.6775030304675,0.0,True,0.0,55.5998350457096,0.0,0.0,1360.0668376748467,1410.1066892159854,1.0,0.0
2025-04-02,0,2025-04-02 00:00:00,60,2025-04-02 09:50:00,2025-04-02 10:00:00,1061.9753603770835,1163.1418502000856,1163.1418502000856,0.0,True,0.0,101.16648982300217,0.0,0.0,1410.1066892159854,1501.1565300566874,1.0,0.0
2025-04-02,0,2025-04-02 00:00:00,61,2025-04-02 10:00:00,2025-04-02 10:10:00,1104.128218711501,1202.2758240128583,1202.2758240128583,0.0,True,0.0,98.14760530135732,0.0,0.0,1501.1565300566874,1589.489374827909,1.0,0.0
2025-04-02,0,2025-04-02 00:00:00,62,2025-04-02 10:10:00,2025-04-02 10:20:00,1101.4181403609857,1238.835880395358,1238.835880395358,0.0,True,0.0,137.41774003437217,0.0,0.0,1589.489374827909,1713.1653408588438,1.0,0.0
2025-04-02,0,2025-04-02 00:00:00,63,2025-04-02 10:20:00,2025-04-02 10:30:00,1054.1648195899393,1272.5923360500901,1272.5923360500901,0.0,True,0.0,218.42751646015085,0.0,0.0,1713.1653408588438,1909.7501056729795,1.0,0.0
2025-04-02,0,2025-04-02 00:00:00,64,2025-04-02 10:30:00,2025-04-02 10:40:00,1050.3465599205308,1303.3314219717738,1303.3314219717738,0.0,True,0.0,252.984862051243,0.0,0.0,1909.7501056729795,2137.4364815190984,1.0,0.0
2025-04-02,0,2025-04-02 00:00:00,65,2025-04-02 10:40:00,2025-04-02 10:50:00,1047.8040269422768,1330.8572068468882,1330.8572068468882,0.0,True,0.0,283.0531799046114,0.0,0.0,2137.4364815190984,2392.1843434332486,1.0,0.0
2025-04-02,0,2025-04-02 00:00:00,66,2025-04-02 10:50:00,2025-04-02 11:00:00,1035.9940384543208,1354.9933687184819,1354.9933687184819,0.0,True,0.0,318.999330264161,0.0,0.0,2392.1843434332486,2679.2837406709937,1.0,0.0
2025-04-02,0,2025-04-02 00:00:00,67,2025-04-02 11:00:00,2025-04-02 11:10:00,1051.1162859219414,1375.5847949210897,1375.5847949210897,508.86482433418496,True,508.86482433418496,833.3333333333333,0.0,0.0,2679.2837406709937,3429.2837406709937,1.0,0.0
2025-04-02,0,2025-04-02 00:00:00,68,2025-04-02 11:10:00,2025-04-02 11:20:00,1057.072567826407,1392.4989921804163,1392.4989921804163,0.0,True,0.0,335.4264243540092,0.0,0.0,3429.2837406709937,3731.167522589602,1.0,0.0
2025-04-02,0,2025-04-02 00:00:00,69,2025-04-02 11:20:00,2025-04-02 11:30:00,1059.207943425497,1405.627290904497,1405.627290904497,0.0,True,0.0,346.41934747899995,0.0,0.0,3731.167522589602,4042.944935320702,1.0,0.0
2025-04-02,0,2025-04-02 00:00:00,70,2025-04-02 11:30:00,2025-04-02 11:40:00,1091.5395884623952,1414.8858300389597,1414.8858300389597,181.31126712664076,True,181.31126712664076,504.65750870320534,0.0,0.0,4042.944935320702,4497.136693153587,1.0,0.0
2025-04-02,0,2025-04-02 00:00:00,71,2025-04-02 11:40:00,2025-04-02 11:50:00,1067.4771626196084,1420.216311387191,1420.216311387191,480.59418456575077,True,480.59418456575077,833.3333333333333,0.0,0.0,4497.136693153587,5247.136693153587,1.0,0.0
2025-04-02,0,2025-04-02 00:00:00,72,2025-04-02 11:50:00,2025-04-02 12:00:00,998.2240617634769,1421.586514972355,1421.586514972355,409.9708801244552,True,409.9708801244552,833.3333333333333,0.0,0.0,5247.136693153587,5997.136693153587,1.0,0.0
2025-04-02,0,2025-04-02 00:00:00,73,2025-04-02 12:00:00,2025-04-02 12:10:00,987.409304131692,1418.9905698057728,1418.9905698057728,401.7520676592525,True,401.7520676592525,833.3333333333333,0.0,0.0,5997.136693153587,6747.136693153587,1.0,0.0
2025-04-02,0,2025-04-02 00:00:00,74,2025-04-02 12:10:00,2025-04-02 12:20:00,995.8692943896166,1412.4489772869456,1412.4489772869456,416.75365043600425,True,416.75365043600425,833.3333333333333,0.0,0.0,6747.136693153587,7497.136693153587,1.0,0.0
2025-04-02,0,2025-04-02 00:00:00,75,2025-04-02 12:20:00,2025-04-02 12:30:00,991.3621466143433,1402.0083873552412,1402.0083873552412,422.6870925924353,True,422.6870925924353,833.3333333333333,0.0,0.0,7497.136693153587,8247.136693153587,1.0,0.0
2025-04-02,0,2025-04-02 00:00:00,76,2025-04-02 12:30:00,2025-04-02 12:40:00,987.8466671314648,1387.741130402187,1387.741130402187,433.43887006261093,True,433.43887006261093,833.3333333333333,0.0,0.0,8247.136693153587,8997.136693153587,1.0,0.0
2025-04-02,0,2025-04-02 00:00:00,77,2025-04-02 12:40:00,2025-04-02 12:50:00,1006.372100938154,1369.7445107968026,1369.7445107968026,0.0,True,0.0,363.37240985864867,0.0,0.0,8997.136693153587,9324.171862026371,1.0,0.0
2025-04-02,0,2025-04-02 00:00:00,78,2025-04-02 12:50:00,2025-04-02 13:00:00,1033.3367727073403,1348.1398706355847,1348.1398706355847,0.0,True,0.0,314.80309792824437,0.0,0.0,9324.171862026371,9607.49465016179,1.0,0.0
2025-04-02,0,2025-04-02 00:00:00,79,2025-04-02 13:00:00,2025-04-02 13:10:00,1034.9418305971292,1323.07143496603,1323.07143496603,0.0,True,0.0,288.1296043689008,0.0,0.0,9607.49465016179,9866.8112940938,1.0,0.0
2025-04-02,0,2025-04-02 00:00:00,80,2025-04-02 13:10:00,2025-04-02 13:20:00,1038.7928634129,1294.7049522122877,1294.7049522122877,0.0,True,0.0,255.91208879938767,0.0,0.0,9866.8112940938,10097.13217401325,1.0,0.0
2025-04-02,0,2025-04-02 00:00:00,81,2025-04-02 13:20:00,2025-04-02 13:30:00,1052.6174101033432,1263.2261458204423,1263.2261458204423,0.0,True,0.0,210.60873571709908,0.0,0.0,10097.13217401325,10286.68003615864,1.0,0.0
2025-04-02,0,2025-04-02 00:00:00,82,2025-04-02 13:30:00,2025-04-02 13:40:00,1053.1675742945624,1228.838995208681,1228.838995208681,0.0,True,0.0,175.67142091411847,0.0,0.0,10286.68003615864,10444.784314981345,1.0,0.0
2025-04-02,0,2025-04-02 00:00:00,83,2025-04-02 13:40:00,2025-04-02 13:50:00,1036.575747128984,1191.763865927352,1191.763865927352,0.0,True,0.0,155.18811879836812,0.0,0.0,10444.784314981345,10584.453621899876,1.0,0.0
2025-04-02,0,2025-04-02 00:00:00,84,2025-04-02 13:50:00,2025-04-02 14:00:00,1022.0856494648636,1152.2355104824426,1152.2355104824426,0.0,True,0.0,130.14986101757893,0.0,0.0,10584.453621899876,10701.588496815697,1.0,0.0
2025-04-02,0,2025-04-02 00:00:00,85,2025-04-02 14:00:00,2025-04-02 14:10:00,1032.8687250889188,1110.5009625343284,1110.5009625343284,0.0,True,0.0,77.6322374454096,0.0,0.0,10701.588496815697,10771.457510516566,1.0,0.0
2025-04-02,0,2025-04-02 00:00:00,86,2025-04-02 14:10:00,2025-04-02 14:20:00,1037.5436224065954,1066.8173481371368,1066.8173481371368,0.0,True,0.0,29.2737257305414,0.0,0.0,10771.457510516566,10797.803863674053,1.0,0.0
2025-04-02,0,2025-04-02 00:00:00,87,2025-04-02 14:20:00,2025-04-02 14:30:00,1019.0094868493218,1021.4496383225971,1021.4496383225971,0.0,True,0.0,2.440151473275364,0.0,0.0,10797.803863674053,10800.0,1.0,0.0
2025-04-02,0,2025-04-02 00:00:00,88,2025-04-02 14:30:00,2025-04-02 14:40:00,992.7824237684833,974.6683676506094,974.6683676506094,0.0,True,0.0,0.0,18.11405611787393,0.0,10800.0,10779.87327098014,0.0,0.0
2025-04-02,0,2025-04-02 00:00:00,89,2025-04-02 14:40:00,2025-04-02 14:50:00,990.6550575265952,926.7473433462288,926.7473433462288,0.0,True,0.0,0.0,63.90771418036638,0.0,10779.87327098014,10708.864699668622,0.0,0.0
2025-04-02,0,2025-04-02 00:00:00,90,2025-04-02 14:50:00,2025-04-02 15:00:00,1008.8104463850905,877.9613693235952,877.9613693235952,130.84907706149522,True,130.84907706149522,0.0,0.0,0.0,10708.864699668622,10708.864699668622,-0.0,0.0
2025-04-02,0,2025-04-02 00:00:00,91,2025-04-02 15:00:00,2025-04-02 15:10:00,1015.5622490165925,828.5840087702592,828.5840087702592,288.2396850589755,True,288.2396850589755,101.26144481264217,0.0,0.0,10708.864699668622,10800.0,1.0000000000000064,0.0
2025-04-02,0,2025-04-02 00:00:00,92,2025-04-02 15:10:00,2025-04-02 15:20:00,1023.9379128170827,778.8854080436603,778.8854080436603,245.05250477342247,True,245.05250477342247,0.0,0.0,0.0,10800.0,10800.0,0.0,0.0
2025-04-02,0,2025-04-02 00:00:00,93,2025-04-02 15:20:00,2025-04-02 15:30:00,1029.2812443120906,729.1302034325975,729.1302034325975,300.15104087949317,True,300.15104087949317,0.0,0.0,0.0,10800.0,10800.0,0.0,0.0
2025-04-02,0,2025-04-02 00:00:00,94,2025-04-02 15:30:00,2025-04-02 15:40:00,1011.6969143186967,679.5755308817984,679.5755308817984,332.1213834368983,True,332.1213834368983,0.0,0.0,0.0,10800.0,10800.0,0.0,0.0
2025-04-02,0,2025-04-02 00:00:00,95,2025-04-02 15:40:00,2025-04-02 15:50:00,1005.8300281573821,630.4691570920243,630.4691570920243,375.36087106535786,True,375.36087106535786,0.0,0.0,0.0,10800.0,10800.0,0.0,0.0
2025-04-02,0,2025-04-02 00:00:00,96,2025-04-02 15:50:00,2025-04-02 16:00:00,1022.0136095415722,582.0477485195065,582.0477485195065,439.9658610220657,True,439.9658610220657,0.0,0.0,0.0,10800.0,10800.0,0.0,0.0
2025-04-02,0,2025-04-02 00:00:00,97,2025-04-02 16:00:00,2025-04-02 16:10:00,1037.1233267067703,534.535292737545,534.535292737545,502.5880339692253,True,502.5880339692253,0.0,-0.0,0.0,10800.0,10800.0,0.0,0.0
2025-04-02,0,2025-04-02 00:00:00,98,2025-04-02 16:10:00,2025-04-02 16:20:00,1046.9898903800665,488.14168442255976,488.14168442255976,558.8482059575067,True,558.8482059575067,0.0,-0.0,0.0,10800.0,10800.0,0.0,0.0
2025-04-02,0,2025-04-02 00:00:00,99,2025-04-02 16:20:00,2025-04-02 16:30:00,1045.9579932829838,443.0614859210836,443.0614859210836,602.8965073619001,True,602.8965073619001,0.0,-0.0,0.0,10800.0,10800.0,0.0,0.0
2025-04-02,0,2025-04-02 00:00:00,100,2025-04-02 16:30:00,2025-04-02 16:40:00,1027.6629647712446,399.47286997846,399.47286997846,628.1900947927845,True,628.1900947927845,0.0,-0.0,0.0,10800.0,10800.0,0.0,0.0
2025-04-02,0,2025-04-02 00:00:00,101,2025-04-02 16:40:00,2025-04-02 16:50:00,1009.2028659151238,357.53674980021754,357.53674980021754,651.6661161149062,True,651.6661161149062,0.0,-0.0,0.0,10800.0,10800.0,0.0,0.0
2025-04-02,0,2025-04-02 00:00:00,102,2025-04-02 16:50:00,2025-04-02 17:00:00,1007.2160133037916,317.39609920880775,317.39609920880775,689.8199140949838,True,689.8199140949838,0.0,-0.0,0.0,10800.0,10800.0,0.0,0.0
2025-04-02,0,2025-04-02 00:00:00,103,2025-04-02 17:00:00,2025-04-02 17:10:00,1020.8769004842626,279.17546328664366,279.17546328664366,741.7014371976189,True,741.7014371976189,0.0,-0.0,0.0,10800.0,10800.0,0.0,0.0
2025-04-02,0,2025-04-02 00:00:00,104,2025-04-02 17:10:00,2025-04-02 17:20:00,1008.5137103885301,242.98065759490785,242.98065759490785,765.5330527936222,True,765.5330527936222,0.0,-0.0,0.0,10800.0,10800.0,0.0,0.0
2025-04-02,0,2025-04-02 00:00:00,105,2025-04-02 17:20:00,2025-04-02 17:30:00,996.0054294234291,208.89865185827998,208.89865185827998,787.1067775651491,True,787.1067775651491,0.0,-0.0,0.0,10800.0,10800.0,0.0,0.0
2025-04-02,0,2025-04-02 00:00:00,106,2025-04-02 17:30:00,2025-04-02 17:40:00,1028.237465624191,176.9976319383619,176.9976319383619,851.239833685829,True,851.239833685829,0.0,0.0,0.0,10800.0,10800.0,0.0,0.0
2025-04-02,0,2025-04-02 00:00:00,107,2025-04-02 17:40:00,2025-04-02 17:50:00,927.3042280367828,147.3272320100337,147.3272320100337,779.976996026749,True,779.976996026749,0.0,-0.0,0.0,10800.0,10800.0,0.0,0.0
2025-04-02,0,2025-04-02 00:00:00,108,2025-04-02 17:50:00,2025-04-02 18:00:00,730.6395661960772,119.91892712922058,119.91892712922058,610.7206390668566,True,610.7206390668566,0.0,-0.0,0.0,10800.0,10800.0,0.0,0.0
2025-04-02,0,2025-04-02 00:00:00,109,2025-04-02 18:00:00,2025-04-02 18:10:00,672.9747703789732,94.7865748579636,94.7865748579636,578.1881955210096,True,578.1881955210096,0.0,-0.0,0.0,10800.0,10800.0,0.0,0.0
2025-04-02,0,2025-04-02 00:00:00,110,2025-04-02 18:10:00,2025-04-02 18:20:00,693.1574949763568,71.92709330998814,71.92709330998814,621.2304016663687,True,621.2304016663687,0.0,0.0,0.0,10800.0,10800.0,0.0,0.0
2025-04-02,0,2025-04-02 00:00:00,111,2025-04-02 18:20:00,2025-04-02 18:30:00,709.7303872461462,51.32126190991462,51.32126190991462,658.4091253362316,True,658.4091253362316,0.0,0.0,0.0,10800.0,10800.0,0.0,0.0
2025-04-02,0,2025-04-02 00:00:00,112,2025-04-02 18:30:00,2025-04-02 18:40:00,708.1672197378845,32.93463033051985,32.93463033051985,675.2325894073646,True,675.2325894073646,0.0,0.0,0.0,10800.0,10800.0,0.0,0.0
2025-04-02,0,2025-04-02 00:00:00,113,2025-04-02 18:40:00,2025-04-02 18:50:00,713.6211536453078,16.718520489548222,16.718520489548222,12.123494430486176,True,12.123494430486176,0.0,684.7791387252734,0.0,10800.0,10039.134290305252,0.0,0.0
2025-04-02,0,2025-04-02 00:00:00,114,2025-04-02 18:50:00,2025-04-02 19:00:00,728.0064395264346,2.6111061508308326,2.6111061508308326,0.0,True,0.0,0.0,725.3953333756039,0.0,10039.134290305252,9233.13947544347,0.0,0.0
2025-04-02,0,2025-04-02 00:00:00,115,2025-04-02 19:00:00,2025-04-02 19:10:00,728.0615117451467,0.0,0.0,0.0,True,0.0,0.0,728.0615117451467,0.0,9233.13947544347,8424.182240171083,0.0,0.0
2025-04-02,0,2025-04-02 00:00:00,116,2025-04-02 19:10:00,2025-04-02 19:20:00,719.856113841197,0.0,0.0,0.0,True,0.0,0.0,719.856113841197,0.0,8424.182240171083,7624.342113680865,0.0,0.0
2025-04-02,0,2025-04-02 00:00:00,117,2025-04-02 19:20:00,2025-04-02 19:30:00,714.6476369803165,0.0,0.0,0.0,True,0.0,0.0,714.6476369803165,0.0,7624.342113680865,6830.2891837027355,0.0,0.0
2025-04-02,0,2025-04-02 00:00:00,118,2025-04-02 19:30:00,2025-04-02 19:40:00,717.8590734268556,0.0,0.0,0.0,True,0.0,0.0,717.8590734268556,0.0,6830.2891837027355,6032.667991006229,0.0,0.0
2025-04-02,0,2025-04-02 00:00:00,119,2025-04-02 19:40:00,2025-04-02 19:50:00,722.1403566792587,0.0,0.0,0.0,True,0.0,0.0,722.1403566792587,0.0,6032.667991006229,5230.289816918164,0.0,0.0
2025-04-02,0,2025-04-02 00:00:00,120,2025-04-02 19:50:00,2025-04-02 20:00:00,729.5619982301265,0.0,0.0,0.0,True,0.0,0.0,729.5619982301265,0.0,5230.289816918164,4419.6653744402465,0.0,0.0
2025-04-02,0,2025-04-02 00:00:00,121,2025-04-02 20:00:00,2025-04-02 20:10:00,745.3005378782399,0.0,0.0,0.0,True,0.0,0.0,745.3005378782399,0.0,4419.6653744402465,3591.553665686646,0.0,0.0
2025-04-02,0,2025-04-02 00:00:00,122,2025-04-02 20:10:00,2025-04-02 20:20:00,738.4973829041902,0.0,0.0,0.0,True,0.0,0.0,738.4973829041902,0.0,3591.553665686646,2771.0010180153236,0.0,0.0
2025-04-02,0,2025-04-02 00:00:00,123,2025-04-02 20:20:00,2025-04-02 20:30:00,712.0571970777551,0.0,0.0,0.0,True,0.0,0.0,712.0571970777551,0.0,2771.0010180153236,1979.8263545955958,0.0,0.0
2025-04-02,0,2025-04-02 00:00:00,124,2025-04-02 20:30:00,2025-04-02 20:40:00,701.8437191360363,0.0,0.0,0.0,True,0.0,0.0,701.8437191360363,0.0,1979.8263545955958,1200.0,0.0,0.0
2025-04-02,0,2025-04-02 00:00:00,125,2025-04-02 20:40:00,2025-04-02 20:50:00,704.1641944903334,0.0,0.0,704.1641944903334,True,704.1641944903334,0.0,-0.0,0.0,1200.0,1200.0,0.0,0.0
2025-04-02,0,2025-04-02 00:00:00,126,2025-04-02 20:50:00,2025-04-02 21:00:00,710.6253268622295,0.0,0.0,710.6253268622295,True,710.6253268622295,0.0,0.0,0.0,1200.0,1200.0,0.0,0.0
2025-04-02,0,2025-04-02 00:00:00,127,2025-04-02 21:00:00,2025-04-02 21:10:00,716.8777478266746,0.0,0.0,716.8777478266746,True,716.8777478266746,0.0,0.0,0.0,1200.0,1200.0,0.0,0.0
2025-04-02,0,2025-04-02 00:00:00,128,2025-04-02 21:10:00,2025-04-02 21:20:00,713.5505060521484,0.0,0.0,713.5505060521484,True,713.5505060521484,0.0,0.0,0.0,1200.0,1200.0,0.0,0.0
2025-04-02,0,2025-04-02 00:00:00,129,2025-04-02 21:20:00,2025-04-02 21:30:00,722.7835064978501,0.0,0.0,722.7835064978501,True,722.7835064978501,0.0,0.0,0.0,1200.0,1200.0,0.0,0.0
2025-04-02,0,2025-04-02 00:00:00,130,2025-04-02 21:30:00,2025-04-02 21:40:00,756.2039122937432,0.0,0.0,756.2039122937432,True,756.2039122937432,0.0,-0.0,0.0,1200.0,1200.0,0.0,0.0
2025-04-02,0,2025-04-02 00:00:00,131,2025-04-02 21:40:00,2025-04-02 21:50:00,663.7762261502501,0.0,0.0,663.7762261502501,True,663.7762261502501,0.0,-0.0,0.0,1200.0,1200.0,0.0,0.0
2025-04-02,0,2025-04-02 00:00:00,132,2025-04-02 21:50:00,2025-04-02 22:00:00,520.915444189722,0.0,0.0,520.915444189722,True,520.915444189722,0.0,0.0,0.0,1200.0,1200.0,0.0,0.0
2025-04-02,0,2025-04-02 00:00:00,133,2025-04-02 22:00:00,2025-04-02 22:10:00,561.1563504229498,0.0,0.0,568.0982416277953,True,568.0982416277953,6.941891204845534,0.0,0.0,1200.0,1206.247702084361,1.0000000000000173,0.0
2025-04-02,0,2025-04-02 00:00:00,134,2025-04-02 22:10:00,2025-04-02 22:20:00,595.609156451136,1.8688177161068327,1.8688177161068327,593.7403387350291,True,593.7403387350291,0.0,0.0,0.0,1206.247702084361,1206.247702084361,0.0,0.0
2025-04-02,0,2025-04-02 00:00:00,135,2025-04-02 22:20:00,2025-04-02 22:30:00,554.4476838040528,6.872395123456157,6.872395123456157,547.5752886805966,True,547.5752886805966,0.0,0.0,0.0,1206.247702084361,1206.247702084361,0.0,0.0
2025-04-02,0,2025-04-02 00:00:00,136,2025-04-02 22:30:00,2025-04-02 22:40:00,556.02399767996,11.590055624169146,11.590055624169146,544.4339420557908,True,544.4339420557908,0.0,0.0,0.0,1206.247702084361,1206.247702084361,0.0,0.0
2025-04-02,0,2025-04-02 00:00:00,137,2025-04-02 22:40:00,2025-04-02 22:50:00,563.0675311266912,15.948718462201729,15.948718462201729,547.1188126644894,True,547.1188126644894,0.0,0.0,0.0,1206.247702084361,1206.247702084361,0.0,0.0
2025-04-02,0,2025-04-02 00:00:00,138,2025-04-02 22:50:00,2025-04-02 23:00:00,543.4400536745053,19.882844356857255,19.882844356857255,523.557209317648,True,523.557209317648,0.0,0.0,0.0,1206.247702084361,1206.247702084361,0.0,0.0
2025-04-02,0,2025-04-02 00:00:00,139,2025-04-02 23:00:00,2025-04-02 23:10:00,519.6920033741793,23.33467787469224,23.33467787469224,496.35732549948705,True,496.35732549948705,0.0,0.0,0.0,1206.247702084361,1206.247702084361,0.0,0.0
2025-04-02,0,2025-04-02 00:00:00,140,2025-04-02 23:10:00,2025-04-02 23:20:00,543.1580766504959,26.254458911541818,26.254458911541818,516.903617738954,True,516.903617738954,0.0,0.0,0.0,1206.247702084361,1206.247702084361,0.0,0.0
2025-04-02,0,2025-04-02 00:00:00,141,2025-04-02 23:20:00,2025-04-02 23:30:00,585.0790615109908,28.600606919794824,28.600606919794824,556.4784545911959,True,556.4784545911959,0.0,0.0,0.0,1206.247702084361,1206.247702084361,0.0,0.0
2025-04-02,0,2025-04-02 00:00:00,142,2025-04-02 23:30:00,2025-04-02 23:40:00,567.7098537927648,30.339880943750284,30.339880943750284,537.3699728490145,True,537.3699728490145,0.0,0.0,0.0,1206.247702084361,1206.247702084361,0.0,0.0
2025-04-02,0,2025-04-02 00:00:00,143,2025-04-02 23:40:00,2025-04-02 23:50:00,560.3372011503207,31.44751785173291,31.44751785173291,528.8896832985878,True,528.8896832985878,0.0,0.0,0.0,1206.247702084361,1206.247702084361,0.0,0.0
2025-04-02,0,2025-04-02 00:00:00,144,2025-04-02 23:50:00,2025-04-03 00:00:00,575.8013881578119,31.907350397828193,31.907350397828193,543.8940377599837,True,543.8940377599837,0.0,0.0,0.0,1206.247702084361,1206.247702084361,0.0,0.0
