date,grid_plan_kwh,planned_cost_yuan,emergency_kwh,emergency_cost_yuan,total_cost_yuan,charge_actual_kwh,discharge_actual_kwh,surplus_kwh,unused_grid_kwh,pv_curtailment_kwh,energy_start_actual_kwh,energy_end_actual_kwh,selected_tau,selected_terminal
2025-02-01,38746.43130586164,20795.620290031104,0.0,0.0,20795.620290031104,13012.658027946714,14999.33485401695,6354.932198598542,2583.5976985985412,3771.3345,7268.4231640740745,2313.8877736517325,0.7,1200.0
2025-02-02,90432.82457488368,57298.30159377861,0.0,0.0,57298.30159377861,22007.773513830696,17702.267151479347,7771.040262532335,7711.8661958656685,59.174066666666704,2313.8877736517325,2451.698212233418,0.7,1200.0
2025-02-03,88343.39387966238,55928.36387021499,0.0,0.0,55928.36387021499,22445.239889969867,18477.201180638687,4158.438670331199,4158.438670331199,0.0,2451.698212233418,2122.1905791633203,0.7,1200.0
2025-02-04,91424.05594851486,58028.68344968599,0.0,0.0,58028.68344968599,23520.015158270446,18782.82763912551,5492.004479369914,5492.004479369914,0.0,2122.1905791633203,2420.3957336894955,0.8,1200.0
2025-02-05,89408.55363283842,56613.526417840585,0.0,0.0,56613.526417840585,22927.91990698442,18834.173006338173,4566.379748858835,4566.379748858835,0.0,2420.3957336894955,2128.6647540441736,0.8,1200.0
2025-02-06,90771.02575218819,57770.542169822824,6.410854759157814,37.44900807562037,57807.99117789844,22278.187325085466,17905.879334209123,6134.071399404343,6132.670582737675,1.400816666666742,2128.6647540441736,2283.611864166518,0.8,1200.0
2025-02-07,41880.24120826146,21897.346811696218,0.0,0.0,21897.346811696218,18918.7454688369,16034.398737384305,7190.2148101422,2494.905400059894,4695.309410082306,2283.611864166518,1494.4841890260611,0.7,1200.0
2025-02-08,37918.24226268957,19716.719923023342,57.273818969003514,350.1148553575185,20066.83477838086,19460.60011675577,15516.732115217705,2454.4853634538426,383.629949170582,2070.8554142832604,1494.4841890260611,1768.2108327532446,0.7,equal_initial
2025-02-09,85170.37449399842,53351.53849381944,11.61712559737066,81.04106816725772,53432.5795619867,24245.986806541856,19841.348350607346,1221.9371969946048,1221.9371969946048,0.0,1768.2108327532446,1543.6563468549718,0.8,1200.0
2025-02-10,86996.2192871192,54777.448199189144,0.0,0.0,54777.448199189144,20826.018912626496,16835.457784062688,8679.020575222052,8179.357541888718,499.6630333333334,1543.6563468549718,1581.0091637047221,0.8,1200.0
2025-02-11,84992.24546711663,53244.41824446088,0.0,0.0,53244.41824446088,22566.025988792917,18320.122981045566,5525.745326035949,5346.90211468264,178.8432113533088,1581.0091637047221,1534.740352456612,0.8,1200.0
2025-02-12,84628.5750352241,53026.27534195866,0.0,0.0,53026.27534195866,22407.217893438105,18085.471933275774,5040.092941728436,4876.708658395103,163.38428333333331,1534.740352456612,1606.2676418000447,0.8,1200.0
2025-02-13,83862.30526009864,52550.98027172883,0.0,0.0,52550.98027172883,20036.6156380149,16157.24834867775,8653.458954094825,8094.821170761492,558.6377833333339,1606.2676418000447,1686.7235508159565,0.8,1200.0
2025-02-14,35180.98103862187,18521.548869148017,301.55673576740577,1438.5503539968845,19960.0992231449,18209.115338301028,15187.434619758196,2659.0552391797755,518.4215891797769,2140.6336499999984,1686.7235508159565,1200.0,0.7,1200.0
2025-02-15,35391.695426428065,18475.50543662176,347.23809903527473,1120.967489085129,19596.472925706887,18569.198734332378,15041.050974809224,2930.6946659401915,241.55879927352518,2689.135866666666,1200.0,1200.0,0.7,equal_initial
2025-02-16,81832.61029778955,50745.31649003101,51.84298032315712,235.85963898020333,50981.17612901121,23835.835925143645,18957.39543061303,1628.6336835820862,1628.6336835820862,0.0,1200.0,1588.4796319481381,0.8,equal_initial
2025-02-17,80665.51186923742,50049.21237522818,18.91428938728461,86.05055956745134,50135.26293479563,20666.079012685186,16811.741452658953,5646.225431931812,4851.744231931811,794.4812000000005,1588.4796319481381,1508.2380181881929,0.8,1200.0
2025-02-18,80238.7405786662,49836.1884858114,44.999999999999886,202.89263333333284,50039.08111914473,21621.02312013391,17273.99719299557,3845.326868194523,3589.130470520023,256.1963976744998,1508.2380181881929,1773.828611869191,0.8,1200.0
2025-02-19,79573.92033020695,49444.92745312364,103.53882420665059,458.03828061302625,49902.965733736666,22587.105866141355,18790.5434039232,3001.5693088621156,2865.6369588621155,135.93235000000004,1773.828611869191,1223.84233148175,0.8,1200.0
2025-02-20,79817.8281896335,49301.50104999489,39.31574272402145,182.5581997526498,49484.059249747545,22424.340637565296,17816.343186904032,4256.01274836292,3864.1982650295868,391.81448333333344,1223.84233148175,1609.8120309527083,0.8,equal_initial
2025-02-21,34535.507949966974,18018.133578050278,143.22866316072498,818.2238598774044,18836.35743792768,18222.159414659574,14816.161696500905,5712.476861635696,467.1545283023626,5245.3223333333335,1609.8120309527083,1547.3536191453186,0.7,equal_initial
2025-02-22,34650.888767825,18040.486715528394,69.3070496643933,390.22376563955345,18430.710481167946,18239.95375210666,14675.353907499411,3310.8330895488193,187.62793954881795,3123.2051500000016,1547.3536191453186,1657.363209930854,0.7,equal_initial
2025-02-23,78602.19251849466,48477.03618025259,30.2356847067299,136.42752224079982,48613.46370249339,22852.91704305445,18392.92924247648,2640.5867192900832,2640.5867192900832,0.0,1657.363209930854,1788.4005014837755,0.8,1200.0
2025-02-24,77345.66493182672,47666.991374625344,47.33587531348621,213.73214621836945,47880.72352084371,21224.196770708655,17319.259849090588,5285.030268855471,4317.528368855471,967.5018999999999,1788.4005014837755,1646.5555405764658,0.8,1200.0
2025-02-25,77713.34549448702,47985.96023132604,91.74812004817215,410.1045604758259,48396.064791801866,20142.221029577635,16380.210814293887,8221.760165918104,6614.124724700378,1607.6354412177257,1646.5555405764658,1574.3202290920244,0.8,1200.0
2025-02-26,77048.10229441733,47521.71884542453,12.319999999999936,56.04983999999971,47577.76868542453,21885.871458930127,17211.192573485336,3570.895375639212,2808.973813934156,761.9215617050562,1574.3202290920244,2148.0572382565438,0.8,1200.0
2025-02-27,75342.97948212276,46472.58459606736,63.74118577430083,298.8464703236308,46771.43106639099,22636.37094436831,18638.530978733943,4452.296502262685,3945.732902262687,506.5635999999984,2148.0572382565438,1811.312222928087,0.8,1200.0
2025-02-28,33049.943168582126,17232.576244054864,88.00420863019362,512.6790074784797,17745.255251533345,17076.864745032948,14303.777851424686,7072.266933604057,569.0765836040546,6503.190350000003,1811.312222928087,1287.4039918747608,0.7,1200.0
2025-03-01,33800.34086132673,17563.126513502353,0.0,0.0,17563.126513502353,16815.93602676752,13408.239492237353,6733.878393463232,135.3134713804263,6598.564922082805,1287.4039918747608,1523.702535701804,0.7,equal_initial
2025-03-02,75267.83337056768,46142.34005064431,3024.226879922932,20487.276716674623,66629.61676731893,21169.647124454357,17055.13402826303,1819.2400876326114,1819.2400876326114,0.0,1523.702535701804,1626.2360274184705,0.8,1200.0
2025-03-03,73810.30713880675,45284.878417077074,2993.6479882342287,18232.53696916123,63517.4153862383,21855.743719526774,17939.658230202826,870.7230043836995,870.7230043836995,0.0,1626.2360274184705,1363.4517858783165,0.7,1200.0
2025-03-04,75945.16791331465,46572.099295736516,0.0,0.0,46572.099295736516,23308.879690114933,18555.846233537202,1992.67652340359,1768.9128857249134,223.76363767867662,1363.4517858783165,1723.836580829305,0.7,equal_initial
2025-03-05,76530.37322696736,47052.037437333,3.2866666666666333,14.95268999999985,47066.990127332996,20831.604380765093,17017.53753986769,6589.12103606997,6127.968555474151,461.15248059581916,1723.836580829305,1563.9054792204458,0.7,1200.0
2025-03-06,75968.76449866411,46813.83909143052,0.0,0.0,46813.83909143052,20717.807991630776,16848.513332867948,6158.815706567945,5144.617139901278,1014.1985666666665,1563.9054792204458,1489.3623018348815,0.7,1200.0
2025-03-07,32894.56420530578,17218.818195183332,0.0,0.0,17218.818195183332,15729.436969598559,12723.22874403837,8966.070446412255,651.4416542881053,8314.62879212415,1489.3623018348815,1508.9347477642827,0.7,1200.0
2025-03-08,31719.688194640283,16755.45151426073,127.95793594312632,520.6046527191473,17276.056166979877,16085.205978226708,12822.602988326722,9521.903624016757,775.7961406834245,8746.107483333333,1508.9347477642827,1738.2834744719603,0.7,1200.0
2025-03-09,73126.2954431369,44699.57805535729,0.0,0.0,44699.57805535729,21641.05408579662,17362.729392606874,5514.4456999471495,4520.476033280483,993.9696666666671,1738.2834744719603,1923.310604347949,0.7,1200.0
2025-03-10,71266.74448684786,43638.838807166496,615.887303520957,3462.3802342179206,47101.21904138442,21504.532079950906,17773.89332129762,109.92158171552887,109.92158171552887,0.0,1923.310604347949,1528.619119306402,0.7,1200.0
2025-03-11,71793.35987319442,43634.31695476269,0.0,0.0,43634.31695476269,21327.780086410385,16944.473306643795,3471.13429342783,2619.6949934278296,851.4393000000005,1528.619119306402,1896.4286341381946,0.7,1200.0
2025-03-12,70604.39737295914,43033.888909598114,0.0,0.0,43033.888909598114,20633.58928509783,17156.527463669223,4691.800868197198,3321.9533061751545,1369.8475620220433,1896.4286341381946,1403.850697760442,0.7,1200.0
2025-03-13,70132.80781590287,42562.08346698189,1925.823430809352,11748.873704167432,54310.95717114932,20978.395333503606,16896.64417767017,431.26207421212087,431.26207421212087,0.0,1403.850697760442,1510.3574116134982,0.7,1200.0
2025-03-14,29089.721391984785,15203.011884171849,668.6556303567749,2616.0834087835224,17819.09529295537,15241.34370128809,12624.810068495506,11112.417406215642,383.8739395489728,10728.54346666667,1510.3574116134982,1200.0,0.6,1200.0
2025-03-15,30299.974696661102,15710.100652778057,651.2297870357133,2518.3065332752776,18228.407186053333,15401.138084138265,12474.921848151995,7100.863097710545,484.0194477105434,6616.843650000002,1200.0,1200.0,0.6,equal_initial
2025-03-16,70526.98555677872,42624.10878636267,1.6399999999999864,7.461179999999938,42631.569966362666,22357.139712408843,17490.592719742097,2311.0316307786397,2138.969895020662,172.06173575797737,1200.0,1887.4338303434051,0.7,equal_initial
2025-03-17,69799.91931084378,42285.16642387926,0.0,0.0,42285.16642387926,19405.7660401493,15680.275825496677,8216.297662857822,6003.204829524489,2213.0928333333336,1887.4338303434051,1930.0945714814698,0.7,1200.0
2025-03-18,67810.18619787174,41024.91494575779,521.5689373870844,2563.4116138750396,43588.32655963283,21505.5204880761,17795.825862007947,3496.102142523997,2493.5762403871518,1002.525902136845,1930.0945714814698,1511.9231640744642,0.7,1200.0
2025-03-19,68552.98644059959,41440.87822979897,0.0,0.0,41440.87822979897,22065.699212578333,17397.909199983642,4419.725978004895,2917.0130936207975,1502.7128843840974,1511.9231640744642,2040.042233190918,0.7,1200.0
2025-03-20,67686.66539609167,41165.82703381063,0.0,0.0,41165.82703381063,21236.71877563124,17483.608476777204,1724.5932805709674,937.0519646659086,787.5413159050588,2040.042233190918,1726.8574903954677,0.7,1200.0
2025-03-21,28971.778535568792,15148.363524196957,558.7558954319271,1997.832481429091,17146.196005626047,14632.640816182497,12326.61080246374,15191.039900615297,922.2211339486308,14268.818766666665,1726.8574903954677,1200.0,0.7,1200.0
2025-03-22,30665.196338400237,15972.61127660458,0.0,0.0,15972.61127660458,15449.759012146058,11817.57525964952,11151.812852570367,524.5093389133073,10627.30351365706,1200.0,1974.1439335430944,0.7,equal_initial
2025-03-23,65383.87435320234,39388.29858738105,24.78904372467298,172.9283690233187,39561.22695640436,21312.838831302644,17524.4369370353,2850.5413859930045,2397.260587126937,453.28079886606736,1974.1439335430944,1684.1022850095765,0.7,1200.0
2025-03-24,64802.36506680715,39199.79064252134,0.0,0.0,39199.79064252134,21645.87992504037,17679.863897836112,2837.8519562695537,1203.6243568183872,1634.2275994511663,1684.1022850095765,1521.1009977280037,0.7,1200.0
2025-03-25,64534.56366424168,38870.430734966976,579.4922040282584,3176.34375935545,42046.774494322424,21777.000605194393,17811.620170761937,198.55071717081455,198.55071717081455,0.0,1521.1009977280037,1329.7124637785782,0.7,1200.0
2025-03-26,65002.22001442105,39025.93674819818,0.0,0.0,39025.93674819818,21225.96336190994,17051.680297000195,5235.382082844641,3057.7907417853294,2177.5913410593116,1329.7124637785782,1486.768048386198,0.7,equal_initial
2025-03-27,64594.284020951076,38968.9484067482,0.0,0.0,38968.9484067482,21323.711092305275,17204.70533832,1758.2888669657953,1557.0136617703545,201.27520519544072,1486.768048386198,1561.7687666609468,0.7,1200.0
2025-03-28,28889.56549834019,14917.066999719837,129.1063984981441,500.428959644348,15417.495959364183,14877.381424782316,12127.720826446752,15447.130531836106,718.4570485027702,14728.673483333336,1561.7687666609468,1476.1666862464183,0.7,1200.0
2025-03-29,28987.857319951476,14787.88014546369,0.0,0.0,14787.88014546369,14445.775095399385,11799.293012687252,18634.16605390601,174.3274512001426,18459.838602705866,1476.1666862464183,1367.0387024533634,0.7,1200.0
2025-03-30,62805.06168969163,37799.274491442106,0.0,0.0,37799.274491442106,21414.815591506973,16898.740404638025,2943.3668028226853,1527.9430618805868,1415.4237409420987,1367.0387024533634,1863.9945074340567,0.7,1200.0
2025-03-31,61243.841520679314,36916.63168835274,341.2631050842263,2371.292597414252,39287.924285766996,19519.9165211403,16032.854779063971,1146.6534003538752,503.46160305944903,643.1917972944261,1863.9945074340567,1617.6362886114734,0.7,1200.0
2025-04-01,61860.05991006641,37273.01503676597,1877.1086675421018,12795.364109000671,50068.379145766645,18239.420282182033,14801.608703080838,90.50548184065337,90.50548184065337,0.0,1617.6362886114734,1586.8826502632621,0.7,1200.0
2025-04-02,63932.176832500125,38341.62890882019,1261.7761740899819,6221.720222777773,44563.34913159796,21447.27225588293,17250.29207939195,561.6374300991272,561.6374300991272,0.0,1586.8826502632621,1722.4364812335155,0.8,1200.0
2025-04-03,62911.0639348614,37639.29806648485,16.4285998076911,79.67870906730182,37718.97677555215,21367.216105679967,17532.406127623464,3229.15228994592,1801.0911626301458,1428.0611273157742,1722.4364812335155,1472.4797234305283,0.7,1200.0
2025-04-04,28113.45465396862,14248.665707616467,0.0,0.0,14248.665707616467,14285.859872899573,11723.362470730739,19120.15500179979,551.6015306078134,18568.553471191975,1472.4797234305283,1303.7953082282124,0.7,1200.0
2025-04-05,29264.906324744443,14851.52025966447,0.0,0.0,14851.52025966447,14010.849048804675,11303.905118876542,14513.847411482979,454.5616771586255,14059.285734324352,1303.7953082282124,1353.6648756229297,0.7,1200.0
2025-04-06,63858.36896213534,37989.74797436841,0.0,0.0,37989.74797436841,20716.228696009566,16524.423185913725,5256.487185372835,2341.5407565327046,2914.9464288401305,1353.6648756229297,1637.8004954607338,0.7,1200.0
2025-04-07,62366.27160681677,37163.90176007868,0.0,0.0,37163.90176007868,19576.830604949097,16090.830370217773,5637.552088752113,3212.556744422203,2424.99534432991,1637.8004954607338,1378.247628561845,0.7,1200.0
2025-04-08,62973.76362005163,37537.95779244609,0.0,0.0,37537.95779244609,21486.583441092465,17537.444636210093,4671.431198502588,2852.439022461384,1818.9921760412035,1378.247628561845,1230.1231297560698,0.7,1200.0
2025-04-09,62392.843701832884,37302.41715215445,1629.9692958836392,11145.437650512858,48447.85480266731,19569.205654054073,15766.036428321922,1085.3327553177096,1085.3327553177096,0.0,1230.1231297560698,1324.5899647137114,0.7,equal_initial
2025-04-10,62578.487923879,37365.84788320532,0.0,0.0,37365.84788320532,21482.771539823887,17019.170911495617,3654.249395550728,2375.2012918113533,1279.0481037393747,1324.5899647137114,1748.8944488934096,0.7,1200.0
2025-04-11,27820.34125137392,14113.248807189699,0.0,0.0,14113.248807189699,13510.81811101213,11322.061274029202,20314.934247724326,556.1893053392805,19758.744942385045,1748.8944488934096,1328.5626665496568,0.7,1200.0
2025-04-12,29004.49954383406,14699.92550801092,0.0,0.0,14699.92550801092,13426.864052657394,10451.023631529302,17003.498572705965,508.1208376436676,16495.3777350623,1328.5626665496568,1800.4918344643065,0.7,1200.0
2025-04-13,62334.5299128844,37191.536567520314,0.0,0.0,37191.536567520314,20417.13290096761,16304.539592261803,3945.5781208452618,2302.5566688290537,1643.021452016208,1800.4918344643065,2059.7563428220387,0.8,1200.0
2025-04-14,59311.94864300846,35313.20077265673,18.872207308320867,117.80664445861427,35431.00741711535,19617.06946338313,16366.643614849318,3552.3632017829636,1981.9885566511216,1570.374645131842,2059.7563428220387,1529.9592878120593,0.7,1200.0
2025-04-15,60767.46529866927,36337.680549051314,0.0,0.0,36337.680549051314,19254.430849367553,15268.56349420066,6642.169110169039,3466.28066016904,3175.8884499999995,1529.9592878120593,1893.8765031310138,0.7,1200.0
2025-04-16,59592.644598268125,35646.407088578984,0.0,0.0,35646.407088578984,19494.74190646705,16177.82071393886,496.1314557399314,496.1314557399314,0.0,1893.8765031310138,1463.7878701303998,0.7,1200.0
2025-04-17,59797.232462770044,35716.25759981753,0.0,0.0,35716.25759981753,20120.36687286307,16055.68243940615,2864.205679313122,1450.9540225710025,1413.2516567421196,1463.7878701303998,1732.4709008114387,0.7,1200.0
2025-04-18,27132.461069254303,13587.397443648038,0.0,0.0,13587.397443648038,13491.377607958722,10788.567939203002,18075.53421716525,554.0546488213436,17521.479568343904,1732.4709008114387,1887.4130377487334,0.7,1200.0
2025-04-19,26241.141268676252,13113.631626673288,0.0,0.0,13113.631626673288,12904.443599904725,10692.450391729913,17244.468810501443,496.79665178470054,16747.67215871674,1887.4130377487334,1620.9118424075205,0.7,1200.0
2025-04-20,58684.919614555736,34942.45401152264,0.0,0.0,34942.45401152264,20453.95814417799,16311.518854020282,2584.735441064698,1058.153916750482,1526.5815243142158,1620.9118424075205,1905.5643343673983,0.7,1200.0
2025-04-21,58832.35089888083,35052.35129424278,0.0,0.0,35052.35129424278,18208.638631700916,15122.233753761555,7229.035637608135,3070.909542358665,4158.12609524947,1905.5643343673983,1490.8571542742775,0.7,1200.0
2025-04-22,57820.75961489303,34626.99620774041,0.0,0.0,34626.99620774041,19720.642665361327,15914.739347341547,1861.9269802065814,735.3492070102764,1126.5777731963053,1490.8571542742775,1556.391833831091,0.7,1200.0
2025-04-23,58731.58583303947,34935.91084423418,0.0,0.0,34935.91084423418,18914.477248167936,14965.394383848432,3382.5862520533005,1548.5289783071235,1834.057273746177,1556.391833831091,1951.2053751284193,0.7,1200.0
2025-04-24,57195.57012622802,34208.92926837134,0.0,0.0,34208.92926837134,17972.793096099882,14920.7641297216,7053.43445984974,2215.099226516407,4838.335233333333,1951.2053751284193,1548.0923508165367,0.7,1200.0
2025-04-25,25436.78259431342,12467.642849937729,163.01838808619794,346.30766092513977,12813.95051086287,12621.058321542538,10528.86920811235,21507.25421896943,325.98975059214933,21181.264468377278,1548.0923508165367,1208.3012756355445,0.7,1200.0
2025-04-26,26233.41777725439,12798.926893486303,56.02792991576375,136.09980917098065,12935.026702657284,13182.65411432673,10685.420980676643,23722.018940186736,99.2947509093982,23622.724189277338,1208.3012756355445,1200.0,0.7,equal_initial
2025-04-27,55100.60512220099,32529.358191388375,952.3258454733444,6587.301319403305,39116.65951079168,20343.878955047963,16216.683707744944,3352.2645370379805,1129.1913825112301,2223.0731545267504,1200.0,1490.953606493233,0.7,equal_initial
2025-04-28,55969.70725522558,33419.62945399347,4487.958236401396,30327.205405199322,63746.83485919279,15567.3732207668,12499.08364538073,767.408599574236,767.408599574236,0.0,1490.953606493233,1613.718788093655,0.7,1200.0
2025-04-29,56449.74105644254,33556.851661700166,503.45072891284786,3512.0722848960268,37068.923946596195,18353.138346714593,14696.726248991985,5863.565970966112,1463.7550281677557,4399.810942798357,1613.718788093655,1801.8474679234766,0.7,1200.0
2025-04-30,55661.327270722366,33283.39108580626,0.0,0.0,33283.39108580626,18170.368680812247,15037.740748592732,4271.844905169518,2299.5526484660545,1972.2922567034632,1801.8474679234766,1446.5784488847946,0.7,1200.0
2025-05-01,54702.70270128274,32929.21736742262,2530.973832581678,13418.041477539286,46347.25884496191,19877.407961469467,16319.679926067973,2664.569698462926,573.170417478661,2091.399280984265,1446.5784488847946,1203.2679185762304,0.7,1200.0
2025-05-02,26029.44081951493,13049.199500891169,2609.498549297893,13021.013410276786,26070.212911167953,13107.693082507569,10620.172523549742,11861.098726521663,5.849376521663885,11855.24935,1203.2679185762304,1200.0,0.7,equal_initial
2025-05-03,26941.802741432908,13499.666577504333,1262.1757224819244,6714.064498483865,20213.7310759882,13296.660083808467,10770.29466788486,16810.441397991224,48.955180241998406,16761.486217749225,1200.0,1200.0,0.7,equal_initial
2025-05-04,57838.62634854333,34608.39676416671,1362.1274555449145,7463.487927436727,42071.88469160344,18040.24351327849,14571.389709943027,3997.2326674194455,1349.9734174194464,2647.259249999999,1200.0,1245.7861509028378,0.7,equal_initial
2025-05-05,58766.75916869129,35070.575492462,1402.7348735806686,8259.191094391826,43329.766586853824,20992.558131285747,17040.346606843243,1141.2757178294626,1141.2757178294626,0.0,1245.7861509028378,1205.37001701196,0.7,equal_initial
2025-05-06,57817.88504340809,34673.19735691124,1536.7154025501086,7478.734949036011,42151.93230594725,20942.54935506601,16968.297992914228,2510.266717139747,1515.6894032444684,994.5773138952786,1205.37001701196,1200.0,0.7,equal_initial
2025-05-07,58804.48415122041,35191.29928596099,1833.6175819149805,11256.947723465284,46448.24700942627,19889.070928241057,16035.184335751908,1716.3691906462418,705.4826606884382,1010.8865299578038,1200.0,1283.2923512481484,0.7,equal_initial
2025-05-08,62558.749360882415,38723.692144303786,35.99924999999996,243.22893262499974,38966.92107692878,20313.367839091552,15310.044438701401,1764.912810492262,1723.1057379738754,41.80707251838665,1283.2923512481484,2554.162918984547,0.7,equal_initial
2025-05-09,28392.248802908245,15617.494806971532,0.0,0.0,15617.494806971532,12973.862925479587,10257.97222133496,17176.972248763614,592.9823851292424,16583.98986363437,2554.162918984547,2832.892639321777,0.7,1200.0
2025-05-10,28227.570939890997,15595.795303994197,0.0,0.0,15595.795303994197,11717.809990834918,9839.445102375565,14228.160768098309,471.3636020441354,13756.797166054173,2832.892639321777,2446.204850655905,0.7,1200.0
2025-05-11,62203.42542621403,38370.6169397399,41.18071666666651,277.3610394583323,38647.97797919823,18483.42120618261,14710.045081911,2987.1509352757525,1872.9286540474693,1114.2222812282835,2446.204850655905,2736.7894007635937,0.7,1200.0
2025-05-12,62601.78855631513,38540.991542259464,0.0,0.0,38540.991542259464,16054.289154347907,13019.957161596427,7636.261330230317,4626.579030230317,3009.6823000000004,2736.7894007635937,2719.0305712362333,0.7,1200.0
2025-05-13,62271.18745620124,38316.53604753556,0.0,0.0,38316.53604753556,18009.88929842891,14646.594695441447,5778.680086547105,3358.5466361050635,2420.1334504420415,2719.0305712362333,2653.936833776204,0.7,1200.0
2025-05-14,62636.39987495722,38625.204159699526,0.0,0.0,38625.204159699526,17525.743961960405,14196.57189473858,6293.079024402061,3601.3691216812413,2691.7099027208196,2653.936833776204,2653.137627608812,0.7,1200.0
2025-05-15,61333.19579866935,37844.65369746602,0.0,0.0,37844.65369746602,18278.65352588596,14536.286486513161,4825.770475963224,2500.398409296557,2325.372066666667,2653.137627608812,2952.4963714471055,0.7,1200.0
2025-05-16,26233.417093675875,14521.496875025505,0.0,0.0,14521.496875025505,10900.844687471325,9877.80607712685,22494.87194999807,838.1570447140336,21656.714905284036,2952.4963714471055,1787.9165044747954,0.7,1200.0
2025-05-17,29313.263165778408,15771.003117181035,0.0,0.0,15771.003117181035,13466.47978754321,9892.53947946012,15290.523774361984,238.54679321232805,15051.976981149655,1787.9165044747954,2916.0377805302237,0.7,equal_initial
2025-05-18,59845.24222108852,37148.69734642891,0.0,0.0,37148.69734642891,18392.259082155266,14853.603931500647,2630.4189704338996,2630.4189704338996,0.0,2916.0377805302237,2965.0665861359075,0.7,1200.0
2025-05-19,59239.79779404187,36452.04560974202,67.00333333333333,451.90398166666665,36903.94959140868,16864.81684632243,14405.462894803502,9332.23062585628,4635.938442522948,4696.292183333333,2965.0665861359075,2137.331864711095,0.7,1200.0
2025-05-20,59582.16276289446,36651.06704116778,0.0,0.0,36651.06704116778,18277.409341353614,14844.438513036424,1621.7971179106023,1210.2505168678679,411.5466010427345,2137.331864711095,2093.179701888879,0.7,1200.0
2025-05-21,59979.27853500674,36845.94268139864,0.0,0.0,36845.94268139864,17646.954815567486,14126.82836547678,5096.536801582705,1519.8312164363172,3576.705585146388,2093.179701888879,2278.9630742587533,0.7,1200.0
2025-05-22,58607.02908737182,36038.30961857525,2.5699999999999363,17.33336499999957,36055.64298357525,18280.34898334887,14503.037630250386,4015.6569176066696,1479.8695803161906,2535.7873372904787,2278.9630742587533,2616.7909034389686,0.7,1200.0
2025-05-23,26399.293707800396,14468.88814199171,244.16030398701983,1046.53338617782,15515.42152816953,11806.484157814333,9595.822174048884,18011.843144688635,624.4756113553015,17387.367533333334,2616.7909034389686,2580.6020076397785,0.7,1200.0
2025-05-24,27607.786231031343,15226.013152918495,0.0,0.0,15226.013152918495,11437.643456674788,8995.360521264913,21411.001912288135,947.1661616492645,20463.83575063887,2580.6020076397785,2879.6360950194107,0.7,1200.0
2025-05-25,58696.55767963342,36075.59167634864,0.0,0.0,36075.59167634864,16758.54407520128,13739.598725979535,7132.602147078343,3324.6496104528314,3807.952536625511,2879.6360950194107,2696.1049560566366,0.7,1200.0
2025-05-26,57022.35235481236,35454.59534647116,642.009109685243,4478.655549164255,39933.25089563541,17062.188867128098,14516.12003061075,538.4596779802532,538.4596779802532,0.0,2696.1049560566366,1923.052680237764,0.7,1200.0
2025-05-27,60332.996331143186,37019.792387310365,0.0,0.0,37019.792387310365,18718.72101670602,14052.854425630376,6276.76244006754,3249.7193771045795,3027.043062962961,1923.052680237764,3155.61890012832,0.7,equal_initial
2025-05-28,57367.54944601705,35594.35581720724,0.0,0.0,35594.35581720724,18014.74577270466,15020.879614076242,2099.859187388636,1507.423667002308,592.4355203863283,3155.61890012832,2679.02385770002,0.7,1200.0
2025-05-29,57653.674920168014,35456.864072808465,17.817433333333383,119.77769558333367,35576.6417683918,19139.70525185283,16018.41925942636,440.0828610748739,440.0828610748739,0.0,2679.02385770002,2106.5149627827286,0.7,1200.0
2025-05-30,27736.28388870405,14811.915299477347,0.0,0.0,14811.915299477347,13281.518421779312,9858.416660272924,17716.948860530996,40.87426106000066,17676.074599470994,2106.5149627827286,3106.085253191973,0.7,equal_initial
2025-05-31,26131.50469866008,14143.512356081726,0.0,0.0,14143.512356081726,11888.904645068324,10318.623511682743,16172.0420152745,536.0432858225676,15635.99872945193,3106.085253191973,2340.9621985504145,0.7,1200.0
2025-06-01,59398.14004102261,36258.95682301346,13147.430425789616,78150.23141328662,114409.18823630008,12081.896491920103,10813.202137150656,52.04981204278465,52.04981204278465,0.0,2340.9621985504145,1200.0,0.7,1200.0
2025-06-02,62662.60934330593,37944.30922205892,9781.532489080064,60139.50824246668,98083.81746452561,17872.778926450916,14476.950930425242,407.506386360315,407.506386360315,0.0,1200.0,1200.0,0.7,equal_initial
2025-06-03,64947.10708657744,39289.41201864643,6893.345662202968,41169.78541207898,80459.19743072541,18570.37013743194,15041.999811319873,119.71558933500955,119.71558933500955,0.0,1200.0,1200.0,0.7,equal_initial
2025-06-04,70283.63285216484,42526.585530848475,3374.496114295456,19622.2083104874,62148.79384133588,20281.751432230765,16428.21866010692,159.33537766978407,159.33537766978407,0.0,1200.0,1200.0,0.8,equal_initial
2025-06-05,72194.28395689391,43921.22509181978,3377.6565985742664,18175.988082542954,62097.21317436274,21986.324474207624,17808.922824108173,245.22088870206017,245.22088870206017,0.0,1200.0,1200.0,0.8,equal_initial
2025-06-06,31109.531321508115,17135.84111924722,4418.321509412428,23825.99519673787,40961.836315985085,13191.779460985308,10685.341363398102,2166.419333333338,0.0,2166.419333333338,1200.0,1200.0,0.8,equal_initial
2025-06-07,33632.829013990464,18596.550418396764,1334.901325391419,7755.24878818054,26351.799206577307,13734.24958424931,11023.498496242852,1130.4660847087569,19.45157629906661,1111.0145084096903,1200.0,1312.4929633323222,0.8,equal_initial
2025-06-08,89712.44077445075,56391.81442843272,0.0,0.0,56391.81442843272,18899.052778530757,12656.001035130208,18284.46576438353,16945.826220906612,1338.6395434769174,1312.4929633323222,4259.417091643103,0.8,equal_initial
2025-06-09,84672.97845575305,54123.1367455196,0.0,0.0,54123.1367455196,18119.948463884568,15378.53064598159,10998.847904516731,10329.929071183396,668.9188333333332,4259.417091643103,3480.1144358263396,0.8,1200.0
2025-06-10,85765.5034778764,54712.75293127016,0.0,0.0,54712.75293127016,19282.42934592746,15760.744555341933,10625.374453957531,10287.446437290864,337.92801666666674,3480.1144358263396,3322.3624523366852,0.8,1200.0
2025-06-11,86789.40920779781,55024.9065314814,167.11132549375355,811.7512539032598,55836.65778538466,23024.41199461826,18434.73320088263,6282.3954228892735,6282.3954228892735,0.0,3322.3624523366852,3561.2963576235247,0.8,1200.0
2025-06-12,87874.14334106032,56166.67907889716,0.0,0.0,56166.67907889716,19968.18876689429,15795.560199790796,11249.123340623486,10890.894673956818,358.2286666666671,3561.2963576235247,3982.043803616395,0.8,1200.0
2025-06-13,40056.83954537046,24291.068525562103,0.0,0.0,24291.068525562103,11918.885973621695,9952.186202103825,9744.826073852591,3083.833800112277,6660.992273740315,3982.043803616395,3651.056510871666,0.8,1200.0
2025-06-14,40535.037974648214,24380.36850116264,0.0,0.0,24380.36850116264,11775.225791745088,9402.111120472175,11968.580553375301,2615.5261910784116,9353.054362296889,3651.056510871666,3801.969589584273,0.8,1200.0
2025-06-15,86694.22561367636,55244.89679858769,0.0,0.0,55244.89679858769,20123.829477728767,15666.312452287371,11609.734254901632,11587.2744215683,22.459833333333336,3801.969589584273,4506.402283665306,0.8,1200.0
2025-06-16,86316.10416480577,55522.284909441885,0.0,0.0,55522.284909441885,19617.72760050763,16503.97182168661,10508.29556931808,10473.240092993334,35.055476324745996,4506.402283665306,3824.6106555814918,0.8,1200.0
2025-06-17,86817.03268102002,55430.54363531239,9.955899079002165,67.1176936410931,55497.66132895348,20277.096432043494,16890.330797911658,8803.211729300527,8721.182379300526,82.02934999999991,3824.6106555814918,3306.9632245188027,0.8,1200.0
2025-06-18,88585.66253630923,56578.17884410423,0.0,0.0,56578.17884410423,18272.49031020113,14380.490928801697,13765.272254909803,13676.599354909804,88.67289999999957,3306.9632245188027,3773.8812494757176,0.8,1200.0
2025-06-19,86905.54448750915,55620.19028895168,40.3742382516275,271.77522103965345,55891.965509991336,18648.012116458918,15318.364380302164,15356.76678960403,13799.79703960403,1556.9697500000009,3773.8812494757176,3536.687287286338,0.8,1200.0
2025-06-20,38653.6375110075,23351.798586506706,0.0,0.0,23351.798586506706,11071.769024277559,9107.393124542752,14288.680761272695,3231.572814768453,11057.107946504242,3536.687287286338,3381.953715199753,0.8,1200.0
2025-06-21,38154.776208272335,22886.336599771388,0.0,0.0,22886.336599771388,12602.258289885584,9385.419136792396,15603.196655179147,3007.623950996768,12595.572704182377,3381.953715199753,4295.742690771895,0.8,1200.0
2025-06-22,83732.60570824798,53124.756260601585,0.0,0.0,53124.756260601585,18022.64990560605,14959.568017836304,13212.182720478235,12545.862934132403,666.3197863458321,4295.742690771895,3894.3853637770035,0.8,1200.0
2025-06-23,83875.553503096,53333.321340468145,0.0,0.0,53333.321340468145,18657.04968381107,15536.819095702673,13694.036914987597,12568.04599832093,1125.990916666667,3894.3853637770035,3422.597750648443,0.8,1200.0
2025-06-24,83154.96589267111,52775.699077231715,1259.6335534783564,6108.842819986861,58884.54189721857,22450.518738700965,17975.655136726902,3670.9435941754077,3670.9435941754077,0.0,3422.597750648443,3655.1144635605297,0.8,1200.0
2025-06-25,83215.77699272736,52865.0331549774,0.0,0.0,52865.0331549774,20025.46782994331,16345.425823974487,9098.313620091874,9011.670920091874,86.6427000000001,3655.1144635605297,3516.45126164897,0.8,1200.0
2025-06-26,83687.42349588331,53367.00858611007,3.1512310298597868,21.307048608396947,53388.31563471846,19099.32891403399,15630.369404809919,12674.23138435577,12371.569817689104,302.66156666666654,3516.45126164897,3338.7701678241015,0.8,1200.0
2025-06-27,35421.66701053013,21246.395880829255,0.0,0.0,21246.395880829255,12218.410018900737,9869.94299758121,13301.554122543941,2513.2770018094593,10788.277120734483,3338.7701678241015,3368.7358541889735,0.8,1200.0
2025-06-28,35585.30556187999,21140.800034056374,0.0,0.0,21140.800034056374,11793.909848050485,9377.797292959993,11392.26689012283,1477.6466132228084,9914.620276900023,3368.7358541889735,3563.479947478866,0.8,1200.0
2025-06-29,83290.98376271766,52446.80117999542,0.0,0.0,52446.80117999542,19645.43635437609,15303.8700466215,9681.648921629736,9624.168521629736,57.480400000000145,3563.479947478866,4240.072614615682,0.8,1200.0
2025-06-30,81837.43305870358,52089.83833627926,18.96112412044306,127.66524870294313,52217.5035849822,18227.703011802856,15770.073257787015,9521.080445474852,9366.345378808186,154.73506666666697,4240.072614615682,3122.701705474904,0.8,1200.0
2025-07-01,82598.27859450376,52062.21805230253,1948.6620707531604,9923.674842640927,61985.892894943456,20327.25225275119,18195.505859655877,3548.6502388282784,3363.2231054949452,185.4271333333329,3122.701705474904,1200.0,0.8,1200.0
2025-07-02,83210.70071691985,51938.06953132007,1735.7058764765325,9403.389968410569,61341.45949973064,19206.571269773303,15557.322728516374,8392.391685472783,6927.300039411054,1465.0916460617295,1200.0,1200.0,0.8,equal_initial
2025-07-03,81902.02671117734,51161.15814444915,2609.8021064080363,15410.333544096968,66571.49168854611,22165.0714316982,17923.102768663794,509.4412212176404,509.4412212176404,0.0,1200.0,1234.0056566797189,0.8,equal_initial
2025-07-04,39724.91224330008,23562.063250597355,2511.2470015829126,10758.031646334157,34320.094896931514,13758.410490373806,11174.917588214534,10771.798876057052,1010.809342723715,9760.989533333337,1234.0056566797189,1200.0,0.9,equal_initial
2025-07-05,42136.555929390895,24477.359598234492,464.2619828750587,3238.6915925364096,27716.051190770904,14106.333493338561,11342.176777990046,11046.581230250773,118.68683403381996,10927.894396216952,1200.0,1293.2815017935472,0.9,equal_initial
2025-07-06,83182.63800178858,51392.009091633474,3858.198360429237,26166.796364685233,77558.8054563187,21838.834388756,17373.675948556454,2781.6963720182766,2754.340051594234,27.356320424042906,1293.2815017935472,1644.1480643890004,0.9,equal_initial
2025-07-07,83740.63387995733,52398.064495836705,218.33721285490577,1430.297510741675,53828.362006578376,19196.38774444568,15464.707720781407,6817.808302481291,5763.827068158905,1053.9812343223873,1644.1480643890004,1737.8884557441065,0.9,equal_initial
2025-07-08,93493.51754350316,59452.25122161632,23.009494983319655,154.92292972269124,59607.174151339015,21966.49317229363,15362.577446509657,11341.224296035829,9393.41581305753,1947.8084829782995,1737.8884557441065,4438.201814686533,0.8,equal_initial
2025-07-09,87584.17378076266,56387.65765649309,0.0,0.0,56387.65765649309,17921.635913502847,14977.440163127041,10581.253013720188,9436.318704482577,1144.9343092376112,4438.201814686533,3926.073955586828,0.8,1200.0
2025-07-10,93359.37403526102,60470.00130157437,0.0,0.0,60470.00130157437,18098.665610724216,14164.325140388799,16571.410181592277,14664.370738129468,1907.0394434628074,3926.073955586828,4476.733960362178,0.9,1200.0
2025-07-11,46620.814579561746,29680.75000506778,0.0,0.0,29680.75000506778,11783.444372760678,10104.015301750127,12422.60835855119,3540.593203683098,8882.015154868091,4476.733960362178,3855.1502272355388,0.9,1200.0
2025-07-12,48907.626721085166,30362.103518727065,0.0,0.0,30362.103518727065,12557.253370637869,9678.0829845375,14944.213001651464,2165.2003874667357,12779.012614184729,3855.1502272355388,4403.252722434619,0.9,1200.0
2025-07-13,92318.26540366057,59163.21411761426,0.0,0.0,59163.21411761426,18135.849895696956,13719.511450462285,18634.206558425896,14558.1618834704,4076.044674955497,4403.252722434619,5481.616016937113,0.9,1200.0
2025-07-14,89641.53314016141,58138.75229000631,0.0,0.0,58138.75229000631,14840.555558855887,12878.974235209536,15872.272599848397,13704.21685807885,2168.055741769547,5481.616016937113,4528.14464745237,0.9,1200.0
2025-07-15,91927.88506083324,59699.30503871612,0.0,0.0,59699.30503871612,16299.701920288158,12446.172843845012,15325.305401056765,14648.6272343901,676.6781666666666,4528.14464745237,5368.795438106143,0.9,1200.0
2025-07-16,88215.12646459139,56998.30819023354,0.0,0.0,56998.30819023354,15659.006090397144,13500.697880610755,13922.25487147167,12332.892124855316,1589.3627466163546,5368.795438106143,4461.12549656273,0.9,1200.0
2025-07-17,89390.21703136769,57601.293094952634,0.0,0.0,57601.293094952634,18595.60151833917,14885.21517313721,12959.414619499068,11067.772269499068,1891.6423499999994,4461.12549656273,4658.03889291553,0.9,1200.0
2025-07-18,44707.5405284417,28279.735436550218,0.0,0.0,28279.735436550218,11091.65314570081,9820.154490472421,12161.79377321331,2543.773890623125,9618.019882590186,4658.03889291553,3729.2439568546824,0.9,1200.0
2025-07-19,47409.108590507094,29387.70599164643,0.0,0.0,29387.70599164643,11694.37806445379,8982.242930740822,17514.15440679413,1723.9167374798492,15790.23766931428,3729.2439568546824,4273.914291817736,0.9,1200.0
2025-07-20,88451.61872792276,56525.515881484534,0.0,0.0,56525.515881484534,19402.778401788142,14623.868834737157,11582.730944205117,10280.24779673823,1302.4831474668883,4273.914291817736,5487.671703719107,0.9,1200.0
2025-07-21,83435.7172543598,53827.39272291239,0.0,0.0,53827.39272291239,17567.7714178058,15535.047500048582,7413.243986602586,6672.616224535108,740.6277620674778,5487.671703719107,4037.502090801458,0.8,1200.0
2025-07-22,85694.4230313485,54891.95520144452,0.0,0.0,54891.95520144452,18645.92891266955,15414.762838875053,8668.112340887332,8109.445255636577,558.6670852507549,4037.502090801458,3691.323846787327,0.8,1200.0
2025-07-23,90493.86327285887,58069.22994981148,0.0,0.0,58069.22994981148,19897.71312101813,15234.281466943856,11613.884502117922,9889.12441383479,1724.7600882831325,3691.323846787327,4672.286247988244,0.9,1200.0
2025-07-24,89069.19070745226,57493.24375267273,0.0,0.0,57493.24375267273,17980.359574937695,14186.731987102978,11659.091119617544,10676.31928628421,982.7718333333337,4672.286247988244,5091.574324206638,0.9,1200.0
2025-07-25,43873.750402480095,27854.00682051052,0.0,0.0,27854.00682051052,11005.416567688813,10172.987850707932,16536.002118832548,3058.647350524431,13477.354768308116,5091.574324206638,3693.129401006645,0.9,1200.0
2025-07-26,47072.63855564985,29409.828511337386,0.0,0.0,29409.828511337386,12477.953591505238,9523.050920520962,15648.644317998904,2737.599156986827,12911.045161012078,3693.129401006645,4342.119943893626,0.9,1200.0
2025-07-27,88550.28471376136,56433.201007971256,223.93785042793525,1112.4185847711294,57545.61959274239,21734.47187696627,16633.621762755898,9988.182649978922,9423.562797116125,564.6198528627966,4342.119943893626,5421.342674545601,0.9,1200.0
2025-07-28,82684.4483025333,53030.67301524411,133.24482416641698,646.5374317158886,53677.21044696,18983.22019501684,17279.518649965812,3159.1143483153655,3159.1143483153655,0.0,5421.342674545601,3306.77568343208,0.8,1200.0
2025-07-29,88235.24350524273,56209.82900235552,0.0,0.0,56209.82900235552,20847.108304456622,16065.254784430885,7384.144035216989,7179.775735216989,204.3683000000001,3306.77568343208,4218.890063630943,0.8,1200.0
2025-07-30,86449.00459578676,55360.543295279625,0.0,0.0,55360.543295279625,18819.621338764067,15426.253383142866,8952.382590165558,7321.094706832225,1631.2878833333332,4218.890063630943,4016.267731693195,0.8,1200.0
2025-07-31,85537.23326403399,54452.58695751683,0.0,0.0,54452.58695751683,19141.22325090793,16335.233880718666,8036.247627178056,7469.786893844723,566.4607333333336,4016.267731693195,3093.1087900451453,0.8,1200.0
2025-08-01,44828.96226558557,27903.526056791543,0.0,0.0,27903.526056791543,12134.733155199727,9333.922030504786,20776.791474223966,2837.441596718916,17939.34987750505,3093.1087900451453,3643.344151386244,0.9,1200.0
2025-08-02,41855.887106868475,25491.004387667268,0.0,0.0,25491.004387667268,11265.774572680477,10018.728448363094,19681.81604921776,1604.6737363113884,18077.14231290637,3643.344151386244,2650.6207686174594,0.8,1200.0
2025-08-03,85082.52020090797,53085.137197431824,19.679494346606134,132.60604242068865,53217.74323985251,18542.941757680244,14158.054165127667,17877.832119368653,11789.172493714486,6088.659625654169,2650.6207686174594,3608.0970559433854,0.8,equal_initial
2025-08-04,80613.55793878216,51052.42843299232,7.436315291529468,50.06871085786791,51102.49714385018,16201.449219348495,14136.681672017823,13140.571623409693,8895.85250722164,4244.719116188054,3608.0970559433854,2481.9772733372283,0.8,1200.0
2025-08-05,77766.1622554361,48595.99891302961,30.478064880582906,205.6113021294465,48801.61021515905,19256.543281154787,15345.234425890314,8733.021731718869,5042.816081718868,3690.20565,2481.9772733372283,2762.6057531650745,0.8,equal_initial
2025-08-06,76367.04981042421,47763.694382796566,986.4866912732247,6686.20116056777,54449.895543364335,19201.14776114959,15603.727399444113,5641.716873325289,3516.2015314699474,2125.5153418553423,2762.6057531650745,2706.1638499284736,0.8,equal_initial
2025-08-07,74611.63932414021,47036.34291783321,27.15986839854679,183.5056508347814,47219.84856866799,19559.463780330938,15653.714095002342,7345.064257210163,3825.6539905434965,3519.410266666667,2706.1638499284736,2916.665591112597,0.8,equal_initial
2025-08-08,39882.86407143467,23430.434521920804,44.03211359405409,92.66558305868682,23523.10010497949,13772.589935833375,11101.314183785802,21480.44918298115,921.3895176626296,20559.05966531852,2916.665591112597,2977.202995822857,0.8,equal_initial
2025-08-09,39331.20228631767,23028.0660447835,16.97045599604362,35.71432464367379,23063.780369427175,13709.41544015256,11097.49358144954,17814.32188361069,399.05850343344184,17415.26338017725,2977.202995822857,2985.1284681273382,0.8,equal_initial
2025-08-10,70856.1534078162,45313.931134808736,35.472385785580286,242.57699882357178,45556.50813363231,17931.76950134765,15251.942675652152,2907.1799179062755,1730.4929720531363,1176.6869458531392,2985.1284681273382,2177.1180463933924,0.8,1200.0
2025-08-11,74003.8418183486,46622.53830061277,191.04984356988723,1288.3745385942966,47910.91283920706,20322.87583986019,16015.985445725031,5326.747934450002,2413.5642511166684,2913.183683333333,2177.1180463933924,2672.166918128637,0.8,equal_initial
2025-08-12,72329.76736164233,45475.794373843804,1340.8638659850108,9142.960398794703,54618.75477263851,19180.725382592693,15024.197002880579,1753.5591979152287,850.1050165124343,903.4541814027943,2672.166918128637,3241.267537039202,0.8,equal_initial
2025-08-13,71317.45018156846,45465.69210136048,142.12667358161332,963.2845674445927,46428.97666880507,17286.750553663052,15074.491436506916,3126.3382879939427,2610.1757540509325,516.1625339430104,3241.267537039202,2049.908105883823,0.8,1200.0
2025-08-14,73466.30383414424,46157.79373228185,417.38912683700994,2652.814207761714,48810.607940043556,21140.90553899136,16760.16903403273,3576.6654726892975,1976.4297679424913,1600.2357047468058,2049.908105883823,2454.313053161899,0.8,equal_initial
2025-08-15,39025.6606173323,22907.837827024538,434.057104743266,1792.0027960379923,24699.84062306253,14017.21574097537,11403.869161783728,19686.64425955059,630.0619595505935,19056.5823,2454.313053161899,2398.8414847244803,0.8,equal_initial
2025-08-16,39572.782196196,23066.322300998712,257.8599396712338,1798.830939146527,24865.15324014524,14093.884965161853,11084.79613745841,19892.27294149713,525.0819632755049,19367.190978221624,2398.8414847244803,2766.897800638581,0.8,equal_initial
2025-08-17,73649.02019004585,46423.06281371557,150.79712720084297,1016.3752329507937,47439.43804666637,19936.944272287736,15556.367924228623,6253.84735252092,2865.8626025209205,3387.9847499999996,2766.897800638581,3425.2943965546274,0.8,equal_initial
2025-08-18,70581.88688509622,45086.91785755636,177.91637958542572,1208.9237859489576,46295.841643505315,18099.907960355053,16040.654379218637,4306.43406687856,2261.792083545226,2044.6419833333337,3425.2943965546274,1892.2622506312441,0.8,1200.0
2025-08-19,73949.9679601175,46889.473045247505,109.99763550609953,742.2484571020813,47631.72150234959,19079.708253265533,14784.401107945654,5446.998400303728,2644.991066970395,2802.007333333333,1892.2622506312441,2636.8873364083825,0.8,equal_initial
2025-08-20,73318.59231246302,46411.8184997719,2596.3705006265973,16863.744930176577,63275.563429948474,19837.77075009493,15809.261868878639,1235.7628652066578,1235.7628652066578,0.0,2636.8873364083825,2925.034490517555,0.8,equal_initial
2025-08-21,72425.18717441974,46412.06728424456,2.220571105292038,14.97664181964215,46427.0439260642,17402.738106805045,14974.749912578522,4155.001067965175,2567.4761679651747,1587.5249000000001,2925.034490517555,1948.8877726659666,0.8,1200.0
2025-08-22,40285.607016679154,23610.822378361823,160.7301571270023,1082.1568432212107,24692.979221583035,14255.313227852808,11460.705804255535,16421.16035020888,119.26574722826093,16301.89460298062,1948.8877726659666,2044.5521174495702,0.8,equal_initial
2025-08-23,41007.53934293665,24129.380850726156,0.0,0.0,24129.380850726156,13772.918017342856,10734.176442719028,15438.791618312827,383.118408153018,15055.67321015981,2044.5521174495702,2513.3156189258825,0.8,equal_initial
2025-08-24,75845.9055764579,47939.99825354972,0.0,0.0,47939.99825354972,20751.271420515415,15963.468122634556,7324.512795243694,3698.526107861771,3625.986687381923,2513.3156189258825,3452.2730944624673,0.8,equal_initial
2025-08-25,74068.64375754377,47429.30122764852,261.6873865977236,1817.5557581419523,49246.85698579047,18715.81199717322,16651.65890942936,1493.0910397309722,1356.4360394626844,136.65500026828767,3452.2730944624673,1794.6606592190817,0.8,1200.0
2025-08-26,77028.90696098442,48640.50036471007,19.635086509134567,135.730135346262,48776.23050005633,20972.046293971838,15898.221980267126,6445.899350455503,4312.54806712217,2133.351283333333,1794.6606592190817,3004.811234608041,0.8,equal_initial
2025-08-27,74797.19833396892,47942.470634487334,0.0,0.0,47942.470634487334,19892.14553980974,16797.773461924735,3788.6773894172484,2528.10007435219,1260.5773150650584,3004.811234608041,2243.5494849648753,0.8,1200.0
2025-08-28,76606.56813804261,48708.97574880042,212.3069640224079,1473.060953728192,50182.03670252861,21530.119802334328,16905.337038672093,1426.2973550694446,1426.2973550694446,0.0,2243.5494849648753,2836.9494863189993,0.8,equal_initial
2025-08-29,39345.45291411908,23921.904835888927,0.0,0.0,23921.904835888927,13362.194711452947,11734.607107097365,15162.644959763498,728.5843793573551,14434.060580406142,2836.9494863189993,1824.4723854073588,0.7,1200.0
2025-08-30,41098.51813607024,24367.05390582035,0.0,0.0,24367.05390582035,13963.317015372431,11088.420099406016,19710.901386770493,444.1436024034291,19266.757784367066,1824.4723854073588,2070.9909221247544,0.7,equal_initial
2025-08-31,74677.24947598172,47705.789395272564,67.68673438461553,457.78518779757377,48163.57458307014,20514.996148720038,16215.089601396481,3798.406579709447,2513.6213744257793,1284.7852052836681,2070.9909221247544,2517.7212321989186,0.7,1200.0
2025-09-01,74310.99006456399,47429.25208887766,0.0,0.0,47429.25208887766,19567.594085893666,12902.882095682717,14072.143541019697,9763.215141019697,4308.9284,2517.7212321989186,5792.020247633536,0.7,1200.0
2025-09-02,68846.13773006473,44649.144220637914,0.0,0.0,44649.144220637914,17660.521396480624,14846.606235946982,11974.46671953109,8809.030585108017,3165.436134423073,5792.020247633536,5190.260353413898,0.7,1200.0
2025-09-03,68373.59540307445,44120.29433022545,0.0,0.0,44120.29433022545,15815.094260683149,13124.972200563909,10135.7560929552,6620.931792955201,3514.8243,5190.260353413898,4840.542742957719,0.7,1200.0
2025-09-04,69131.61617382526,44526.819372124075,0.0,0.0,44526.819372124075,17738.281309881266,14438.920392801892,11906.689706745885,7615.6695734125515,4291.020133333333,4840.542742957719,4761.751040959872,0.7,1200.0
2025-09-05,33278.84377108924,20254.522262355833,0.0,0.0,20254.522262355833,11758.087797489547,10064.796265551753,24761.29057248478,1878.9957207759162,22882.294851708866,4761.751040959872,4160.923096976297,0.7,1200.0
2025-09-06,35543.20016826441,21291.203950631454,0.0,0.0,21291.203950631454,13155.091590596752,9732.137392032993,24399.162269700657,1428.185985293835,22970.976284406825,4160.923096976297,5187.019537365607,0.7,1200.0
2025-09-07,65294.771703157545,42043.93355248886,0.0,0.0,42043.93355248886,18004.637396780578,15004.650875145198,7333.801564855503,6169.068996213902,1164.732568641601,5187.019537365607,4719.358888751243,0.7,1200.0
2025-09-08,52734.514155403296,33084.48125972081,6160.921264934651,38018.76324029655,71103.24450001735,14036.219274786083,14536.760612452848,0.4072246713799359,0.4072246713799359,0.0,4719.358888751243,1200.0,0.7,1200.0
2025-09-09,59968.062301153404,36960.23955147699,1587.9933926390377,9265.618870392653,46225.85842186964,20370.70697994082,16500.272653752065,4582.787100937018,1215.7245948984332,3367.0625060385846,1200.0,1200.0,0.7,equal_initial
2025-09-10,59674.32500746397,37014.88811378344,5208.1247403350735,32511.49885165462,69526.38696543805,17865.052435506404,14470.692472760187,172.09113505282812,172.09113505282812,0.0,1200.0,1200.0,0.7,equal_initial
2025-09-11,60864.70957583199,37551.51545205387,852.7395558314232,4635.695896605295,42187.21134865916,20862.051091919308,16736.09053490451,4095.4027913152822,1188.9372435496766,2906.465547765606,1200.0,1380.1898328334798,0.7,equal_initial
2025-09-12,28397.785119669134,15537.746474885489,2971.7292402033195,12355.798219281698,27893.544694167187,13682.222689514225,11244.771228056652,17380.40669841488,308.07839841488385,17072.328299999997,1380.1898328334798,1200.0,0.7,equal_initial
2025-09-13,31030.59261692377,16786.46801720726,625.5785572330748,3579.4710875440596,20365.939104751316,14690.211425221747,11794.880074112876,20753.738339714637,20.104950787562757,20733.633388927075,1200.0,1315.7679781297095,0.7,equal_initial
2025-09-14,64667.12312519391,39749.748534328355,1603.9230246177235,10914.842343942331,50664.59087827069,20420.835071206886,16065.774853620977,1816.6611822257205,1816.6611822257205,0.0,1315.7679781297095,1843.6585937481564,0.8,equal_initial
2025-09-15,63233.80567801421,39001.24045660896,351.9063976689411,2444.4554018075505,41445.69585841651,22145.58049004874,17799.937781723296,4173.038734024372,1501.1643673577055,2671.874366666667,1843.6585937481564,1996.9723884328048,0.7,equal_initial
2025-09-16,62223.819140216474,38831.44349036122,545.5848344175594,2845.89065268245,41677.33414304367,20240.20807151509,17111.84368751675,149.26960730235953,149.26960730235953,0.0,1996.9723884328048,1200.0,0.7,1200.0
2025-09-17,64678.820617244055,39992.04214600792,293.6748310320308,1550.6236022414387,41542.66574824936,21721.291234168,17587.684759448788,878.7705735568724,878.7705735568724,0.0,1200.0,1207.2901558081032,0.7,equal_initial
2025-09-18,63908.103221051286,39634.51220087718,275.6269890921571,1649.8427379334096,41284.35493881059,21905.712346502172,17594.67308257049,916.639829545098,916.639829545098,0.0,1207.2901558081032,1372.7945092484044,0.7,equal_initial
2025-09-19,30797.05267423767,17172.055057951016,1213.3996659931913,4734.567891596487,21906.6229495475,14866.49132235186,12197.37302942857,13239.981730640908,315.22691397423887,12924.75481666667,1372.7945092484044,1200.0,0.7,equal_initial
2025-09-20,32084.507042900103,17614.98519022869,529.3060375420589,2474.192996039405,20089.178186268095,15655.911628704444,12414.34859434227,13726.816312746652,176.25561274665108,13550.560700000002,1200.0,1496.5998054537026,0.7,equal_initial
2025-09-21,67460.11491998502,41477.43919894626,150.3423625435816,998.361782903556,42475.80098184982,21070.978989107105,16314.70990833588,4566.700718424041,2803.0952428799583,1763.6054755440825,1496.5998054537026,2333.025441943562,0.7,equal_initial
2025-09-22,64827.59611618117,40377.753488532064,626.1732348828416,3670.1759024702087,44047.929391002275,19894.335263883037,17056.999277073213,2002.4134809208533,374.7019250213323,1627.711555899521,2333.025441943562,1285.7057604680576,0.7,1200.0
2025-09-23,68491.4730714095,42404.672725254,614.4314573385726,4067.3883623010256,46472.06108755503,21883.97769656945,17280.24210616381,2385.5533550091036,1860.9709975030385,524.5823575060651,1285.7057604680576,1781.0166805318847,0.7,equal_initial
2025-09-24,68262.65548010389,42283.53754791525,91.56852476054591,446.7134521704016,42730.25100008565,22282.070822552105,17411.385562766405,2420.3136450787397,1168.4800603277429,1251.8335847509968,1781.0166805318847,2488.896462199436,0.7,equal_initial
2025-09-25,66981.77921072498,41940.268507408386,0.0,0.0,41940.268507408386,20002.01949575073,17057.630585000807,3701.941399975059,1389.7878999750594,2312.1534999999994,2488.896462199436,1537.7911361519732,0.7,1200.0
2025-09-26,31937.74218138019,17869.023126585293,308.40028960882324,1187.280942447436,19056.30406903273,15336.867144243208,12577.91969078726,11792.951517533062,803.6782508663933,10989.273266666669,1537.7911361519732,1365.5052428739116,0.7,equal_initial
2025-09-27,33123.81851278355,18413.020115342508,352.7992759781765,1359.3341267252792,19772.354242067788,16067.130985519396,13163.330816857237,12771.515370099569,71.11962009956505,12700.395750000003,1365.5052428739116,1200.0,0.7,equal_initial
2025-09-28,70088.33234759117,43321.53963369897,565.3607916330434,2822.7683914008317,46144.3080250998,22526.027349767577,17633.25296134233,2273.289584132306,2273.289584132306,0.0,1200.0,1880.9213244104537,0.7,equal_initial
2025-09-29,70543.79509421827,43684.664091551625,26.015016666666725,134.7362566666671,43819.400348218296,22237.553780573824,17496.092653812775,3068.4573841238775,2364.568168033979,703.8892160898988,1880.9213244104537,2454.61677824604,0.7,equal_initial
2025-09-30,70155.04700558144,44109.26325741915,171.96404910183085,905.4863389502752,45014.74959636943,21396.880409793506,18022.88105165091,1530.8369298740074,1530.8369298740074,0.0,2454.61677824604,1686.3857563369552,0.7,1200.0
2025-10-01,72264.30822371089,44864.55916198998,0.0,0.0,44864.55916198998,20113.484754661597,13994.777010821139,16484.078946537094,9571.131973327652,6912.946973209442,1686.3857563369552,4238.769801286679,0.7,equal_initial
2025-10-02,66822.96844552559,42080.51893720532,0.0,0.0,42080.51893720532,18233.36386110645,15198.877756242237,12057.699223994705,6898.187023994706,5159.512199999999,4238.769801286679,3761.1553249022177,0.7,1200.0
2025-10-03,29388.614342841385,16491.219122066308,0.0,0.0,16491.219122066308,13671.061386443069,11642.452518648919,19542.851775047235,1326.2138661139115,18216.637908933324,3761.1553249022177,3129.0522186466246,0.7,1200.0
2025-10-04,32143.06362828041,18032.78668962336,0.0,0.0,18032.78668962336,14540.507408432213,11389.514307943458,15896.088094458326,1161.0219179749529,14735.066176483371,3129.0522186466246,3560.4929885206584,0.7,1200.0
2025-10-05,65397.98154147714,40910.367584430605,0.0,0.0,40910.367584430605,19298.442775108764,15559.60563518857,6923.18333489028,3871.6034348902795,3051.5799,3560.4929885206584,3640.640780353469,0.7,1200.0
2025-10-06,67817.14823307244,43054.74171483375,0.0,0.0,43054.74171483375,18881.95312012261,15241.73491860419,6443.820781554027,4353.7304815540265,2090.0903,3640.640780353469,3699.137567792495,0.7,1200.0
2025-10-07,66702.68299836035,42257.60938384784,0.0,0.0,42257.60938384784,19827.022506943373,15928.368864059114,5032.466355476089,3922.2223138270947,1110.2440416489947,3699.137567792495,3845.2701973091825,0.7,1200.0
2025-10-08,61371.06426541053,37783.03171296681,0.0,0.0,37783.03171296681,18727.00169323508,17122.49233188701,3288.059237395796,2210.8745293246893,1077.184708071107,3845.2701973091825,1674.5802413462966,0.7,1200.0
2025-10-09,65022.40407711473,39509.47127552489,0.0,0.0,39509.47127552489,21417.67393945141,17038.265997626742,4883.014451956728,2275.586336818268,2607.4281151384603,1674.5802413462966,2019.0801228228545,0.7,equal_initial
2025-10-10,30150.015369956927,15781.273295629762,1.7848367424108673,3.7811766387974224,15785.054472268559,15081.141923429137,12922.159231579588,18649.206598183122,75.53771181953572,18573.668886363586,2019.0801228228545,1234.1531521539805,0.7,1200.0
2025-10-11,32757.76743468391,16996.50837505235,0.0,0.0,16996.50837505235,16443.226745425476,12789.595805491443,14997.82291141654,241.56443381119692,14756.258477605345,1234.1531521539805,1822.395216935307,0.7,equal_initial
2025-10-12,66301.31161120858,40384.15641028736,20.929933333333338,98.03580773333336,40482.1922180207,21259.614473307323,16844.46095574402,3392.132043645274,2596.020899549638,796.1111440956354,1822.395216935307,2239.9805143074377,0.7,equal_initial
2025-10-13,68129.90354761537,42048.702418334884,0.0,0.0,42048.702418334884,19905.97304763943,16183.209065389645,7379.744265365576,4514.677882032242,2865.0663833333333,2239.9805143074377,2174.012851194429,0.8,1200.0
2025-10-14,67422.02763667302,41553.46597799699,0.0,0.0,41553.46597799699,20771.56030481513,17145.912924031032,3022.550972555587,2241.1531899984925,781.3977825570944,2174.012851194429,1817.4027654935733,0.8,1200.0
2025-10-15,68003.59702253714,41974.21725907306,0.0,0.0,41974.21725907306,20883.09356066725,16716.642793656047,1917.1226055259392,1826.504328977875,90.61827654806423,1817.4027654935733,2038.1394215873704,0.8,1200.0
2025-10-16,68790.30975011487,42634.77877906075,458.6846744132845,3199.7842887070724,45834.56306776782,21171.949018188938,17356.76295300593,2467.3354093451567,1507.9012423815943,959.4341669635625,2038.1394215873704,1807.6013679508276,0.8,1200.0
2025-10-17,32787.3433260586,17261.15639988428,0.0,0.0,17261.15639988428,16034.077853682973,12792.616962861608,13541.683118570576,712.9833470649071,12828.699771505668,1807.6013679508276,2024.252588641491,0.7,equal_initial
2025-10-18,33058.436625388094,17402.88487150743,0.0,0.0,17402.88487150743,16230.203200735523,12471.867124892298,13223.507282878205,218.71445910766184,13004.792823770544,2024.252588641491,2773.805330534242,0.7,equal_initial
2025-10-19,70072.26935468541,43261.07336798121,250.14761720045487,1739.2204670340734,45000.29383501528,21104.62111174504,17824.219848839275,3156.293175646775,2385.4951239563093,770.7980516904659,2773.805330534242,1963.2756101722487,0.8,1200.0
2025-10-20,72064.55217268548,44661.27782584731,399.6610505870325,1913.4456046721075,46574.72343051942,21406.8460531727,17391.11287840534,4007.6976818384815,3909.7358362267782,97.96184561170342,1963.2756101722487,1905.9783042439733,0.8,1200.0
2025-10-21,74122.5233338124,45663.18405811588,0.0,0.0,45663.18405811588,22771.087267808463,17603.934013430295,2492.7887294342186,2492.7887294342186,0.0,1905.9783042439733,2840.030163682377,0.8,equal_initial
2025-10-22,72535.71674479615,44926.20741309787,760.4187419946179,3663.80483938223,48590.012252480105,20495.58524020176,17494.81217085794,4740.465717446947,3769.0053957651785,971.4603216817677,2840.030163682377,1847.376690021807,0.8,1200.0
2025-10-23,75538.0229883277,46666.418683562886,0.0,0.0,46666.418683562886,22394.196262333266,17352.39660587439,7116.7262985354955,5784.279031868829,1332.447266666666,1847.376690021807,2721.7126529279813,0.8,equal_initial
2025-10-24,32553.43583965186,17494.280669538413,0.0,0.0,17494.280669538413,15487.141236861935,13444.204733175353,12090.44861929861,409.82251654077646,11680.626102757833,2721.7126529279813,1722.134507019998,0.8,1200.0
2025-10-25,34889.676045630506,18425.963009998213,0.0,0.0,18425.963009998213,16674.650104290555,13032.902873669495,11849.496081676114,691.0485141620397,11158.447567514075,1722.134507019998,2248.3164079153953,0.8,equal_initial
2025-10-26,75074.56534035229,46672.58758306311,0.0,0.0,46672.58758306311,20832.12989106477,16648.14708492954,6346.270517550383,4977.029217736299,1369.2412998140846,2248.3164079153953,2499.292104396422,0.8,1200.0
2025-10-27,74491.61865316755,46376.90257133325,0.0,0.0,46376.90257133325,20664.7485316099,17156.155697143768,7430.44415203475,5648.420486103357,1782.0236659313932,2499.292104396422,2035.1705637966948,0.8,1200.0
2025-10-28,75729.6123125636,46720.28579752618,0.0,0.0,46720.28579752618,22633.756030330114,17636.74006404339,4760.1746462768715,4277.2724915443605,482.9021547325109,2035.1705637966948,2809.173142156701,0.8,equal_initial
2025-10-29,73355.56692399985,45831.30782909774,258.6840564047668,1270.7326867001793,47102.04051579792,22030.61902123115,18868.15941607568,1139.5345752491494,1139.5345752491494,0.0,2809.173142156701,1672.108687847314,0.8,1200.0
2025-10-30,75781.3644503967,46938.07449269143,0.0,0.0,46938.07449269143,22283.12844007616,17401.04954795725,6111.467908277781,4715.206741049773,1396.2611672280082,1672.108687847314,2392.424786185585,0.8,equal_initial
2025-10-31,34454.63118801649,18819.402782501,0.0,0.0,18819.402782501,16174.276738940858,13275.254640304438,7651.317022713399,749.0507903903892,6902.26623232301,2392.424786185585,2198.990917560766,0.8,1200.0
2025-11-01,35654.475618501136,19194.74170905448,0.0,0.0,19194.74170905448,17652.755348288578,13145.093356424106,8602.775193303332,706.7156662202447,7896.059527083087,2198.990917560766,3480.811446104817,0.8,equal_initial
2025-11-02,75227.1492404381,47233.854789919526,0.0,0.0,47233.854789919526,21263.81472138564,18609.03374298057,3775.984328699701,3505.531538423867,270.4527902758342,3480.811446104817,1941.5405364845972,0.8,1200.0
2025-11-03,78686.39094601618,49194.756355551996,0.0,0.0,49194.756355551996,22074.722695640372,16835.914601283395,3942.652568325869,3315.1050183258694,627.54755,1941.5405364845972,3102.2191833571587,0.8,equal_initial
2025-11-04,77231.4979032733,48700.08185547757,9.464144817599845,43.057126847670496,48743.13898232524,19498.875328830643,16864.322008147454,7026.336694074374,5676.712282467595,1349.6244116067778,3102.2191833571587,1913.0714146964553,0.8,1200.0
2025-11-05,80580.8634478114,50676.9881982416,0.0,0.0,50676.9881982416,22404.299405051872,16886.902803194196,5385.446779287061,4543.268979287061,842.1778000000005,1913.0714146964553,3313.715542360694,0.8,equal_initial
2025-11-06,77226.20981473992,48954.54783912463,194.85082061944388,935.5577219829472,49890.10556110757,21108.014558031908,18124.38087227351,3067.8423996009637,3067.8423996009637,0.0,3313.715542360694,2172.727675396625,0.8,1200.0
2025-11-07,35692.40139578951,19553.344462323443,0.0,0.0,19553.344462323443,17603.68691177243,14010.579139531581,8780.831840215327,1076.5045033422653,7704.3273368730615,2172.727675396625,2448.735740956729,0.8,1200.0
2025-11-08,35395.12634986013,19149.78186982383,0.0,0.0,19149.78186982383,16396.085710223564,13340.618146348537,8548.45168598511,808.3892838116842,7740.062402173426,2448.735740956729,2382.3038286595583,0.8,1200.0
2025-11-09,80044.56840763627,50608.492004506385,0.0,0.0,50608.492004506385,21140.736284141425,17152.81889414235,4709.833834303862,3924.540117637195,785.2937166666666,2382.3038286595583,2350.278824228672,0.8,1200.0
2025-11-10,79817.58308903984,49984.37128318462,0.0,0.0,49984.37128318462,23419.21252839676,18538.753485869096,1078.6809465121687,1078.6809465121687,0.0,2350.278824228672,2828.9551154867627,0.7,equal_initial
2025-11-11,78436.77060443156,49770.29610688479,0.0,0.0,49770.29610688479,20835.18633998504,17619.979006551726,3662.5436043315735,3235.827504331574,426.71609999999976,2828.9551154867627,2002.8683697491572,0.7,1200.0
2025-11-12,81053.58899440762,50933.92220618724,0.0,0.0,50933.92220618724,22527.001151427943,17702.885380245032,5273.485473224707,4809.952273224707,463.5332000000003,2002.8683697491572,2607.296761317603,0.7,equal_initial
2025-11-13,81112.74213015301,51580.12794992829,0.0,0.0,51580.12794992829,20021.360634900928,16640.434828889935,5335.945007475353,5069.057674142019,266.88733333333334,2607.296761317603,2137.1493006285095,0.8,1200.0
2025-11-14,36810.407270398195,20069.507243100703,0.0,0.0,20069.507243100703,17176.81393013227,13719.81939223094,5754.957432496865,746.5216234054257,5008.435809091439,2137.1493006285095,2352.038068602068,0.8,1200.0
2025-11-15,36353.30189950293,19782.333458234138,0.0,0.0,19782.333458234138,17468.79182098631,14274.317235028333,4946.940396878285,1049.102775424889,3897.8376214533964,2352.038068602068,2213.5982241249335,0.8,1200.0
2025-11-16,81219.29052622926,51479.95432722025,0.0,0.0,51479.95432722025,22642.012388930812,18589.05437827372,2731.7881322388403,2642.449670463361,89.33846177547912,2213.5982241249335,1936.9045094140824,0.7,1200.0
2025-11-17,85248.33365060885,54102.09870655696,0.0,0.0,54102.09870655696,22459.35414993661,17172.397168475174,7265.62233581408,6960.327492903733,305.2948429103469,1936.9045094140824,3069.8819460512796,0.8,equal_initial
2025-11-18,82202.59126388324,52485.82744164121,0.0,0.0,52485.82744164121,20605.666386815603,17536.3250505072,4242.698094241504,4171.558910908171,71.13918333333322,3069.8819460512796,2130.1760825106576,0.8,1200.0
2025-11-19,83228.99363766098,52937.21975810455,1.384999999999991,6.301057499999959,52943.52081560455,22574.536728054045,18515.137458638157,3802.6677682450977,3697.588234911764,105.0795333333333,2130.1760825106576,1874.884183716899,0.8,1200.0
2025-11-20,85030.12591137813,53920.15184005227,0.0,0.0,53920.15184005227,22694.982623203126,17621.1489546059,5163.216209447568,5068.778476114235,94.43773333333331,1874.884183716899,2721.314150593159,0.8,equal_initial
2025-11-21,35203.8421195179,19232.212925299176,0.0,0.0,19232.212925299176,17201.413856035455,14638.49675500101,3776.5409518167935,698.2546592543299,3078.286292562464,2721.314150593159,1937.5902265795032,0.7,1200.0
2025-11-22,37670.32956701708,20194.530427199577,0.0,0.0,20194.530427199577,18934.16919436998,14683.298384817497,3199.62927413126,578.035696979947,2621.593577151313,1937.5902265795032,2663.5665183819337,0.7,equal_initial
2025-11-23,84747.11121884901,54062.261266028494,0.0,0.0,54062.261266028494,22373.198587936466,18568.63776568668,5710.454113265882,5255.686025546823,454.76808771905985,2663.5665183819337,2167.6255078728796,0.8,1200.0
2025-11-24,84281.30086948362,53516.65381708721,0.0,0.0,53516.65381708721,21071.96654273403,17679.501753946337,6726.8923806959265,6416.190247362593,310.70213333333345,2167.6255078728796,1488.5045586153594,0.8,1200.0
2025-11-25,86142.98850355808,54573.71343595088,0.0,0.0,54573.71343595088,23458.72629675138,18377.672695514902,4893.274435654938,4793.267852321605,100.00658333333354,1488.5045586153594,2181.7218973417084,0.8,equal_initial
2025-11-26,85705.88362285338,54562.1306924829,0.0,0.0,54562.1306924829,23161.52433594769,18649.35304132095,4436.045444893297,4433.097111559964,2.948333333333153,2181.7218973417084,2305.5904204491353,0.8,1200.0
2025-11-27,85389.75290942137,54503.099522221055,0.0,0.0,54503.099522221055,21890.911395832507,17835.60084331845,5553.549623573979,5339.536806907312,214.0128166666666,2305.5904204491353,2190.076406344565,0.8,1200.0
2025-11-28,38689.497523451886,20747.893146438106,0.0,0.0,20747.893146438106,18391.251605510515,15109.164990898063,4486.172358839436,821.5249274531753,3664.647431386261,2190.076406344565,1954.2417503061827,0.8,1200.0
2025-11-29,39745.021443382924,21344.06587169263,0.0,0.0,21344.06587169263,18586.37008316536,14989.774023936508,1218.9752841540694,890.4681099883758,328.50717416569375,1954.2417503061827,2026.6703541144418,0.8,1200.0
2025-11-30,86693.19979890082,55155.52454382307,0.0,0.0,55155.52454382307,24387.741915535025,19885.379815926593,1946.0095826257323,1946.0095826257323,0.0,2026.6703541144418,1880.7716159553047,0.8,1200.0
2025-12-01,87824.06052794533,55958.144130636385,3434.7781831982816,16748.77051878113,72706.91464941751,24761.144354132113,20302.251521678594,501.0181453567601,501.0181453567601,0.0,1880.7716159553047,1607.7442883646518,0.8,1200.0
2025-12-02,89000.45260124998,56621.803678904755,4125.119038738827,20963.064541910335,77584.86822081509,24147.264320300503,19712.924014459953,53.42138414825945,53.42138414825945,0.0,1607.7442883646518,1437.0332716795992,0.8,1200.0
2025-12-03,90719.88783330258,57872.05664940019,1503.7778618001225,7494.233832904554,65366.29048230474,24895.189302895622,20116.647974484204,282.37580002461914,282.37580002461914,0.0,1437.0332716795992,1490.872561525429,0.8,equal_initial
2025-12-04,91202.95641360404,58231.76434098566,2489.4823549657776,12218.316067270422,70450.08040825608,24977.450212845986,20093.866616992225,2037.6464227160598,2037.6464227160598,0.0,1490.872561525429,1644.059289762119,0.8,equal_initial
2025-12-05,45678.348966150406,24320.740379362524,813.735754777626,4185.5978757662315,28506.338255128758,20789.706875535892,17142.88714161628,1533.6373036750856,1533.6373036750856,0.0,1644.059289762119,1307.1430981707822,0.8,1200.0
2025-12-06,46915.04348212547,24592.04814436206,1072.4384785436234,5837.871583423418,30429.919727785476,20849.042079964576,16663.472186171504,137.28125020935147,137.28125020935147,0.0,1307.1430981707822,1556.311874392782,0.8,equal_initial
2025-12-07,94043.86426185178,59979.77818879952,105.38956656999255,612.1899308063714,60591.96811960589,25278.863098764843,20330.21262581246,1547.9221054693908,1547.9221054693908,0.0,1556.311874392782,1718.1635234895164,0.8,1200.0
2025-12-08,102529.29418751392,66349.13255578715,0.0,0.0,66349.13255578715,22715.472212335288,17980.162026304333,9946.7728848163,9946.7728848163,0.0,1718.1635234895164,2184.1307075864584,0.8,1200.0
2025-12-09,102081.13701022958,66297.41313512591,0.0,0.0,66297.41313512591,22866.23751022036,18564.376389906964,10390.821623249516,10390.821623249516,0.0,2184.1307075864584,2136.6595891103793,0.8,1200.0
2025-12-10,101008.91309250568,65296.816222343004,0.0,0.0,65296.816222343004,22338.72708141934,18294.410242210837,8576.977786630508,8576.977786630508,0.0,2136.6595891103793,1914.3914710424065,0.8,1200.0
2025-12-11,102197.98413865364,66300.99305031855,0.0,0.0,66300.99305031855,22221.211888039168,17737.194988916726,11752.712539531196,11752.712539531196,0.0,1914.3914710424065,2205.4877381479655,0.8,1200.0
2025-12-12,54421.28375410814,29457.368261178974,0.0,0.0,29457.368261178974,17959.79506173674,14880.58169642865,7627.656905466718,5615.673255466718,2011.9836500000004,2205.4877381479655,1835.3236310125271,0.8,1200.0
2025-12-13,56102.47024081611,30086.628131929825,0.0,0.0,30086.628131929825,19245.542678553236,15069.033101464667,8127.427280394207,6713.440128809498,1413.987151584709,1835.3236310125271,2412.941928971919,0.8,1200.0
2025-12-14,101720.98971774151,65647.83980078626,0.0,0.0,65647.83980078626,23461.22126621988,18918.57300148477,8399.619653006406,8399.619653006406,0.0,2412.941928971919,2507.4044002534,0.8,1200.0
2025-12-15,101067.42492001544,65468.62913229112,0.0,0.0,65468.62913229112,22700.67021725829,18767.232521684997,7664.42925777548,7664.42925777548,0.0,2507.4044002534,2085.5270161358576,0.8,1200.0
2025-12-16,101975.73291493158,66193.5371362099,0.0,0.0,66193.5371362099,22881.724894884905,18566.91042814374,8242.827114857088,8242.827114857088,0.0,2085.5270161358576,2049.1789458170088,0.8,1200.0
2025-12-17,101922.10361597536,65848.50429368702,0.0,0.0,65848.50429368702,22581.827709913578,18224.62337034265,9373.052209737756,9373.052209737756,0.0,2049.1789458170088,2123.2423621362814,0.8,1200.0
2025-12-18,100952.35296435647,65386.6302613201,0.0,0.0,65386.6302613201,23134.089566352675,18858.375642430892,9310.37207376802,9310.37207376802,0.0,2123.2423621362814,1990.1722580415849,0.8,1200.0
2025-12-19,55439.259915213006,29979.848891003156,0.0,0.0,29979.848891003156,17840.298109509677,14866.255246665347,9556.825752368675,7218.555769652626,2338.26998271605,1990.1722580415849,1528.3791714165768,0.8,1200.0
2025-12-20,55840.43079909566,29956.136088211042,0.0,0.0,29956.136088211042,19177.071655599368,15124.14325153888,8931.150145035172,6445.03369503517,2486.1164500000004,1528.3791714165768,1983.1400486350262,0.8,1200.0
2025-12-21,101514.80178274661,65455.48323550542,0.0,0.0,65455.48323550542,23697.869278991737,18775.151220143543,7554.301857231757,7554.301857231757,0.0,1983.1400486350262,2449.943266234763,0.8,1200.0
2025-12-22,101267.40696635231,65585.05691192491,0.0,0.0,65585.05691192491,22731.398466066385,18898.246587569134,8496.828004521733,8496.828004521733,0.0,2449.943266234763,1910.1501217288019,0.8,1200.0
2025-12-23,101771.29759119704,65840.37938270095,0.0,0.0,65840.37938270095,22948.404980384894,18352.278733551535,9917.078811030355,9917.078811030355,0.0,1910.1501217288019,2172.29378901795,0.8,1200.0
2025-12-24,100809.74093807771,65147.07829074157,0.0,0.0,65147.07829074157,23145.968440514036,19002.062215945167,8811.275396842177,8811.275396842177,0.0,2172.29378901795,1890.2629233192827,0.8,1200.0
2025-12-25,100998.7113103556,65217.70281859114,0.0,0.0,65217.70281859114,22997.319224279767,18491.01329630061,8679.956849043114,8679.956849043114,0.0,1890.2629233192827,2042.279895948169,0.8,1200.0
2025-12-26,54535.981198492766,29557.841521926293,0.0,0.0,29557.841521926293,18690.585864124823,15022.71340264503,7860.486303679637,6136.562420346304,1723.923883333333,2042.279895948169,2171.903392943808,0.8,1200.0
2025-12-27,54420.14300605532,29147.188226705963,0.0,0.0,29147.188226705963,18641.556485339035,15109.079740033985,7548.857194083596,5709.105403653883,1839.7517904297135,2171.903392943808,2161.4378519333995,0.8,1200.0
2025-12-28,100766.72082176623,64956.80649176696,25.853384801554625,151.02254731828134,65107.82903908524,22875.556405437324,18127.456944510042,9235.219995640498,9235.219995640498,0.0,2161.4378519333995,2607.819789593609,0.8,1200.0
2025-12-29,100267.56017900186,64913.829281782964,0.0,0.0,64913.829281782964,21919.799951446377,18185.777277161247,9009.771238050056,9009.771238050056,0.0,2607.819789593609,2129.2205490495235,0.8,1200.0
2025-12-30,99135.18111476145,63922.233454080706,32.86526327265585,191.98243540721916,64114.215889487925,23059.20811367753,18611.21278203762,8495.648446394187,8495.648446394187,0.0,2129.2205490495235,2203.38253798417,0.8,1200.0
2025-12-31,98098.88361586424,63234.09240441365,0.0,0.0,63234.09240441365,23894.00088438253,19556.489222862107,5114.949021010484,5114.949021010484,0.0,2203.38253798417,1978.550864081664,0.8,1200.0
