date,interval_start,interval_end,intervals,emergency_kwh
2025-02-03,2025-02-03T20:30:00,2025-02-03T20:40:00,1,334.99782619443687
2025-02-05,2025-02-05T20:30:00,2025-02-05T20:40:00,1,494.33479002208435
2025-02-06,2025-02-06T20:30:00,2025-02-06T20:40:00,1,113.70866511657766
2025-02-06,2025-02-06T21:10:00,2025-02-06T21:20:00,1,20.360230948731303
2025-02-07,2025-02-07T20:50:00,2025-02-07T21:10:00,2,44.89061695173494
2025-02-07,2025-02-07T21:30:00,2025-02-07T21:40:00,1,58.817917827456654
2025-02-08,2025-02-08T08:10:00,2025-02-08T08:40:00,3,106.23465248239236
2025-02-08,2025-02-08T20:30:00,2025-02-08T20:50:00,2,642.4009287032835
2025-02-08,2025-02-08T21:30:00,2025-02-08T21:40:00,1,172.0710277717765
2025-02-09,2025-02-09T20:30:00,2025-02-09T21:10:00,4,628.3318035771548
2025-02-09,2025-02-09T21:20:00,2025-02-09T21:40:00,2,36.95229875694115
2025-02-10,2025-02-10T05:50:00,2025-02-10T06:00:00,1,23.44464797936098
2025-02-10,2025-02-10T20:30:00,2025-02-10T21:00:00,3,542.633876023024
2025-02-10,2025-02-10T21:20:00,2025-02-10T21:50:00,3,59.713406366986604
2025-02-11,2025-02-11T06:00:00,2025-02-11T06:10:00,1,24.43077145049267
2025-02-11,2025-02-11T10:20:00,2025-02-11T10:40:00,2,70.82517119773327
2025-02-11,2025-02-11T20:20:00,2025-02-11T21:40:00,8,1401.1651462498248
2025-02-12,2025-02-12T06:00:00,2025-02-12T06:10:00,1,5.3520333848880455
2025-02-12,2025-02-12T20:10:00,2025-02-12T21:50:00,10,1743.9738142458966
2025-02-13,2025-02-13T06:20:00,2025-02-13T06:30:00,1,45.156666666666524
2025-02-13,2025-02-13T20:30:00,2025-02-13T21:10:00,4,479.07819212726514
2025-02-13,2025-02-13T21:30:00,2025-02-13T21:40:00,1,17.91392187443855
2025-02-14,2025-02-14T07:50:00,2025-02-14T08:30:00,4,218.40785842624652
2025-02-14,2025-02-14T20:40:00,2025-02-14T20:50:00,1,243.18170989862207
2025-02-14,2025-02-14T21:20:00,2025-02-14T21:40:00,2,198.59445310030634
2025-02-15,2025-02-15T07:30:00,2025-02-15T08:20:00,5,709.6027832731602
2025-02-15,2025-02-15T20:30:00,2025-02-15T21:50:00,8,868.0708253017923
2025-02-16,2025-02-16T05:50:00,2025-02-16T06:10:00,2,62.646638581022216
2025-02-16,2025-02-16T20:00:00,2025-02-16T20:40:00,4,2275.8512172018754
2025-02-16,2025-02-16T21:40:00,2025-02-16T21:50:00,1,14.131259721542415
2025-02-17,2025-02-17T05:50:00,2025-02-17T06:10:00,2,27.79534979245102
2025-02-17,2025-02-17T20:10:00,2025-02-17T20:40:00,3,1827.0536080093348
2025-02-17,2025-02-17T21:30:00,2025-02-17T21:40:00,1,12.904839922944621
2025-02-18,2025-02-18T05:50:00,2025-02-18T06:10:00,2,49.377838244163854
2025-02-18,2025-02-18T06:20:00,2025-02-18T06:30:00,1,10.793333333333294
2025-02-18,2025-02-18T20:10:00,2025-02-18T20:40:00,3,1884.504291251626
2025-02-19,2025-02-19T05:50:00,2025-02-19T06:10:00,2,36.80268304140941
2025-02-19,2025-02-19T06:20:00,2025-02-19T06:30:00,1,77.96624999999995
2025-02-19,2025-02-19T09:50:00,2025-02-19T10:40:00,5,292.2293593243778
2025-02-19,2025-02-19T20:20:00,2025-02-19T21:50:00,9,1109.8189377508324
2025-02-20,2025-02-20T05:50:00,2025-02-20T06:10:00,2,68.22754869606433
2025-02-20,2025-02-20T20:20:00,2025-02-20T21:20:00,6,1079.5428366739518
2025-02-21,2025-02-21T07:40:00,2025-02-21T08:30:00,5,459.66098276660745
2025-02-21,2025-02-21T20:40:00,2025-02-21T21:20:00,4,335.90323721267083
2025-02-21,2025-02-21T21:30:00,2025-02-21T21:50:00,2,173.82933842352898
2025-02-22,2025-02-22T07:30:00,2025-02-22T08:20:00,5,646.8616812721899
2025-02-22,2025-02-22T20:40:00,2025-02-22T20:50:00,1,457.65254195493065
2025-02-22,2025-02-22T21:30:00,2025-02-22T21:50:00,2,97.73141510730184
2025-02-23,2025-02-23T06:00:00,2025-02-23T06:20:00,2,43.78397642080972
2025-02-23,2025-02-23T10:10:00,2025-02-23T10:40:00,3,145.88511051133202
2025-02-23,2025-02-23T20:10:00,2025-02-23T20:40:00,3,1615.4363072149029
2025-02-23,2025-02-23T21:00:00,2025-02-23T21:30:00,3,54.7538902534116
2025-02-23,2025-02-23T21:40:00,2025-02-23T21:50:00,1,4.591248589473503
2025-02-24,2025-02-24T06:00:00,2025-02-24T06:20:00,2,75.6442428956451
2025-02-24,2025-02-24T20:20:00,2025-02-24T21:00:00,4,933.8940654827665
2025-02-24,2025-02-24T21:30:00,2025-02-24T21:50:00,2,26.89558205684145
2025-02-25,2025-02-25T05:50:00,2025-02-25T06:30:00,4,79.34482841014835
2025-02-25,2025-02-25T20:20:00,2025-02-25T21:50:00,9,1127.8149638024024
2025-02-26,2025-02-26T06:00:00,2025-02-26T06:30:00,3,58.493384222386226
2025-02-26,2025-02-26T09:30:00,2025-02-26T10:00:00,3,127.63940454232181
2025-02-26,2025-02-26T20:20:00,2025-02-26T20:50:00,3,847.572545198338
2025-02-27,2025-02-27T05:50:00,2025-02-27T06:20:00,3,46.53028519716554
2025-02-27,2025-02-27T10:00:00,2025-02-27T10:20:00,2,69.71619361870498
2025-02-27,2025-02-27T20:20:00,2025-02-27T20:50:00,3,1374.2320267936839
2025-02-27,2025-02-27T21:20:00,2025-02-27T21:40:00,2,46.16766572718168
2025-02-28,2025-02-28T07:20:00,2025-02-28T08:10:00,5,782.5224741799345
2025-02-28,2025-02-28T20:40:00,2025-02-28T21:50:00,7,603.9643160674682
2025-03-01,2025-03-01T20:30:00,2025-03-01T21:20:00,5,555.62220771182
2025-03-01,2025-03-01T21:30:00,2025-03-01T21:50:00,2,100.78621000305772
2025-03-02,2025-03-02T20:20:00,2025-03-02T21:10:00,5,808.4505742351888
2025-03-02,2025-03-02T21:20:00,2025-03-02T21:40:00,2,69.76767191359743
2025-03-03,2025-03-03T20:20:00,2025-03-03T21:40:00,8,1146.0935290231816
2025-03-04,2025-03-04T06:00:00,2025-03-04T06:10:00,1,0.6247333333333245
2025-03-04,2025-03-04T20:20:00,2025-03-04T21:10:00,5,1305.5205711314434
2025-03-04,2025-03-04T21:20:00,2025-03-04T21:50:00,3,19.222194170148462
2025-03-05,2025-03-05T05:50:00,2025-03-05T06:10:00,2,6.6182999999999765
2025-03-05,2025-03-05T20:10:00,2025-03-05T20:50:00,4,1756.1282869365346
2025-03-05,2025-03-05T21:10:00,2025-03-05T21:30:00,2,16.20895850266497
2025-03-06,2025-03-06T20:20:00,2025-03-06T21:10:00,5,802.8238587260095
2025-03-07,2025-03-07T20:40:00,2025-03-07T21:00:00,2,163.78799747396414
2025-03-07,2025-03-07T21:10:00,2025-03-07T21:50:00,4,256.19406825943076
2025-03-08,2025-03-08T07:00:00,2025-03-08T08:00:00,6,777.7206856554333
2025-03-08,2025-03-08T20:40:00,2025-03-08T20:50:00,1,157.51154908846183
2025-03-08,2025-03-08T21:30:00,2025-03-08T21:50:00,2,132.74753733022055
2025-03-09,2025-03-09T20:20:00,2025-03-09T20:40:00,2,1087.5829261238898
2025-03-09,2025-03-09T20:50:00,2025-03-09T21:00:00,1,2.5946627884567306
2025-03-10,2025-03-10T08:50:00,2025-03-10T10:20:00,9,1489.0032917426051
2025-03-10,2025-03-10T20:20:00,2025-03-10T20:40:00,2,778.9561772263365
2025-03-11,2025-03-11T08:40:00,2025-03-11T09:30:00,5,774.0674964170476
2025-03-11,2025-03-11T20:20:00,2025-03-11T20:40:00,2,1043.862534931734
2025-03-11,2025-03-11T21:20:00,2025-03-11T21:30:00,1,11.47118983954781
2025-03-12,2025-03-12T20:20:00,2025-03-12T20:40:00,2,1030.2084815218402
2025-03-12,2025-03-12T21:00:00,2025-03-12T21:10:00,1,8.93237454455393
2025-03-13,2025-03-13T20:30:00,2025-03-13T20:50:00,2,697.4149068872628
2025-03-14,2025-03-14T06:50:00,2025-03-14T07:50:00,6,719.6867810817173
2025-03-14,2025-03-14T20:40:00,2025-03-14T20:50:00,1,155.74603904807702
2025-03-14,2025-03-14T21:30:00,2025-03-14T21:40:00,1,163.33736148396324
2025-03-15,2025-03-15T07:10:00,2025-03-15T07:50:00,4,327.59776530383886
2025-03-15,2025-03-15T20:40:00,2025-03-15T21:50:00,7,530.5975242644236
2025-03-16,2025-03-16T05:50:00,2025-03-16T06:00:00,1,1.6399999999999864
2025-03-16,2025-03-16T20:30:00,2025-03-16T20:40:00,1,364.0895551179383
2025-03-17,2025-03-17T08:40:00,2025-03-17T09:20:00,4,176.70025686540268
2025-03-17,2025-03-17T20:20:00,2025-03-17T20:40:00,2,1066.6129969937194
2025-03-17,2025-03-17T20:50:00,2025-03-17T21:10:00,2,30.85999119649325
2025-03-18,2025-03-18T20:30:00,2025-03-18T20:50:00,2,651.4681052397187
2025-03-19,2025-03-19T09:00:00,2025-03-19T09:40:00,4,414.2856611332917
2025-03-19,2025-03-19T20:30:00,2025-03-19T20:50:00,2,15.193071303881311
2025-03-19,2025-03-19T21:20:00,2025-03-19T21:50:00,3,50.7546385678049
2025-03-20,2025-03-20T08:30:00,2025-03-20T10:00:00,9,1127.7434176366148
2025-03-20,2025-03-20T20:20:00,2025-03-20T20:40:00,2,1297.6371286366489
2025-03-20,2025-03-20T21:20:00,2025-03-20T21:50:00,3,32.672641931843415
2025-03-21,2025-03-21T06:30:00,2025-03-21T07:40:00,7,1131.2589271200404
2025-03-21,2025-03-21T20:40:00,2025-03-21T20:50:00,1,132.8187958517501
2025-03-21,2025-03-21T21:00:00,2025-03-21T21:50:00,5,275.59393134057444
2025-03-23,2025-03-23T20:20:00,2025-03-23T20:40:00,2,829.1889669216868
2025-03-23,2025-03-23T20:50:00,2025-03-23T21:10:00,2,27.14113948423924
2025-03-24,2025-03-24T20:30:00,2025-03-24T20:50:00,2,117.75074690053975
2025-03-24,2025-03-24T21:20:00,2025-03-24T21:30:00,1,6.047917029018549
2025-03-25,2025-03-25T20:20:00,2025-03-25T20:40:00,2,1060.3263375047184
2025-03-25,2025-03-25T20:50:00,2025-03-25T21:30:00,4,131.46308642859972
2025-03-26,2025-03-26T08:30:00,2025-03-26T09:30:00,6,907.0338363390131
2025-03-26,2025-03-26T20:20:00,2025-03-26T20:40:00,2,836.3715628952559
2025-03-27,2025-03-27T20:20:00,2025-03-27T21:10:00,5,923.191716558926
2025-03-27,2025-03-27T21:30:00,2025-03-27T21:50:00,2,61.7135763370625
2025-03-28,2025-03-28T07:40:00,2025-03-28T07:50:00,1,32.01018635184371
2025-03-28,2025-03-28T21:20:00,2025-03-28T21:40:00,2,126.42294979337419
2025-03-29,2025-03-29T07:00:00,2025-03-29T07:40:00,4,217.5259611465606
2025-03-29,2025-03-29T20:40:00,2025-03-29T21:50:00,7,718.1439622354296
2025-03-30,2025-03-30T20:20:00,2025-03-30T20:40:00,2,1207.0217146018122
2025-03-31,2025-03-31T20:10:00,2025-03-31T20:40:00,3,1516.5952343344893
2025-03-31,2025-03-31T20:50:00,2025-03-31T21:10:00,2,31.724710852835116
2025-03-31,2025-03-31T21:20:00,2025-03-31T21:50:00,3,51.077060144295636
2025-04-01,2025-04-01T20:20:00,2025-04-01T20:50:00,3,897.4070412668334
2025-04-01,2025-04-01T21:40:00,2025-04-01T21:50:00,1,31.096016967467676
2025-04-02,2025-04-02T20:20:00,2025-04-02T21:50:00,9,987.1701539335015
2025-04-03,2025-04-03T20:30:00,2025-04-03T20:40:00,1,647.4247192632319
2025-04-03,2025-04-03T21:00:00,2025-04-03T21:20:00,2,9.27260622324252
2025-04-04,2025-04-04T06:50:00,2025-04-04T07:30:00,4,470.81101699648787
2025-04-04,2025-04-04T20:50:00,2025-04-04T21:00:00,1,31.587586490037243
2025-04-04,2025-04-04T21:30:00,2025-04-04T21:50:00,2,444.3335703016832
2025-04-05,2025-04-05T06:50:00,2025-04-05T07:20:00,3,173.60846823649692
2025-04-05,2025-04-05T20:40:00,2025-04-05T21:10:00,3,334.31427651046306
2025-04-05,2025-04-05T21:30:00,2025-04-05T21:50:00,2,381.13585076877837
2025-04-06,2025-04-06T20:30:00,2025-04-06T21:00:00,3,346.2809275087155
2025-04-06,2025-04-06T21:30:00,2025-04-06T21:50:00,2,40.94132518169581
2025-04-07,2025-04-07T20:30:00,2025-04-07T20:40:00,1,601.6556633816523
2025-04-07,2025-04-07T21:00:00,2025-04-07T21:20:00,2,13.725102354983505
2025-04-08,2025-04-08T20:20:00,2025-04-08T20:40:00,2,921.2884989079165
2025-04-08,2025-04-08T21:00:00,2025-04-08T21:30:00,3,77.22341815095326
2025-04-09,2025-04-09T20:30:00,2025-04-09T21:00:00,3,448.65748170235327
2025-04-10,2025-04-10T20:20:00,2025-04-10T21:00:00,4,971.6193953545127
2025-04-10,2025-04-10T21:30:00,2025-04-10T21:50:00,2,63.86901473036282
2025-04-11,2025-04-11T06:20:00,2025-04-11T07:20:00,6,699.8859872979817
2025-04-11,2025-04-11T20:40:00,2025-04-11T20:50:00,1,319.0294202548864
2025-04-11,2025-04-11T21:20:00,2025-04-11T21:40:00,2,452.38237664241154
2025-04-12,2025-04-12T20:40:00,2025-04-12T20:50:00,1,7.249799990913914
2025-04-12,2025-04-12T21:30:00,2025-04-12T21:40:00,1,341.73503714634916
2025-04-13,2025-04-13T20:20:00,2025-04-13T21:20:00,6,1475.8118441989768
2025-04-14,2025-04-14T20:10:00,2025-04-14T20:50:00,4,1675.154799936371
2025-04-14,2025-04-14T21:30:00,2025-04-14T21:40:00,1,8.000117632303887
2025-04-15,2025-04-15T20:20:00,2025-04-15T21:10:00,5,1174.8146957340991
2025-04-15,2025-04-15T21:40:00,2025-04-15T21:50:00,1,24.67960943008129
2025-04-16,2025-04-16T20:30:00,2025-04-16T20:40:00,1,573.3936364345011
2025-04-16,2025-04-16T21:00:00,2025-04-16T21:50:00,5,108.47056114378918
2025-04-17,2025-04-17T08:30:00,2025-04-17T09:10:00,4,218.3864368002701
2025-04-17,2025-04-17T20:20:00,2025-04-17T20:40:00,2,1382.837769017447
2025-04-17,2025-04-17T21:20:00,2025-04-17T21:30:00,1,9.291219624056158
2025-04-18,2025-04-18T06:40:00,2025-04-18T07:10:00,3,195.52901292820286
2025-04-18,2025-04-18T21:30:00,2025-04-18T21:50:00,2,271.47303830197734
2025-04-19,2025-04-19T07:00:00,2025-04-19T07:30:00,3,109.19042014356069
2025-04-19,2025-04-19T21:30:00,2025-04-19T21:40:00,1,333.6251760782141
2025-04-20,2025-04-20T20:30:00,2025-04-20T20:40:00,1,437.58711385348084
2025-04-21,2025-04-21T20:20:00,2025-04-21T21:30:00,7,936.866454119404
2025-04-22,2025-04-22T20:20:00,2025-04-22T20:40:00,2,1021.3225543513001
2025-04-22,2025-04-22T21:20:00,2025-04-22T21:40:00,2,70.58876877688013
2025-04-23,2025-04-23T08:50:00,2025-04-23T09:00:00,1,13.63553344739714
2025-04-23,2025-04-23T20:20:00,2025-04-23T20:40:00,2,727.5020577882293
2025-04-23,2025-04-23T21:40:00,2025-04-23T21:50:00,1,20.172442287042124
2025-04-24,2025-04-24T20:30:00,2025-04-24T20:40:00,1,271.6220844977459
2025-04-24,2025-04-24T21:10:00,2025-04-24T21:50:00,4,99.67801638367082
2025-04-25,2025-04-25T06:30:00,2025-04-25T07:00:00,3,222.6340128117523
2025-04-25,2025-04-25T20:40:00,2025-04-25T21:50:00,7,724.0169052917422
2025-04-26,2025-04-26T06:40:00,2025-04-26T07:10:00,3,110.81313216683469
2025-04-26,2025-04-26T20:40:00,2025-04-26T21:10:00,3,74.34545944906222
2025-04-26,2025-04-26T21:30:00,2025-04-26T21:50:00,2,463.33763570291154
2025-04-27,2025-04-27T08:40:00,2025-04-27T09:10:00,3,210.24201843002345
2025-04-27,2025-04-27T20:10:00,2025-04-27T20:40:00,3,1676.3617720883503
2025-04-27,2025-04-27T21:00:00,2025-04-27T21:20:00,2,39.88019824902938
2025-04-27,2025-04-27T21:30:00,2025-04-27T21:50:00,2,15.824194170750753
2025-04-28,2025-04-28T20:30:00,2025-04-28T21:00:00,3,326.2995037578781
2025-04-29,2025-04-29T20:20:00,2025-04-29T20:40:00,2,884.3767555197846
2025-04-30,2025-04-30T08:00:00,2025-04-30T08:40:00,4,363.2164231468192
2025-04-30,2025-04-30T20:20:00,2025-04-30T21:20:00,6,1182.9175955701437
2025-05-01,2025-05-01T08:20:00,2025-05-01T09:10:00,5,551.6166089490636
2025-05-01,2025-05-01T20:10:00,2025-05-01T21:50:00,10,2650.8520233235695
2025-05-02,2025-05-02T06:40:00,2025-05-02T07:30:00,5,446.03264879943214
2025-05-02,2025-05-02T20:20:00,2025-05-02T21:50:00,9,2070.0850155843254
2025-05-03,2025-05-03T20:20:00,2025-05-03T22:00:00,10,2358.156710910241
2025-05-04,2025-05-04T20:00:00,2025-05-04T22:00:00,12,3548.3385961108165
2025-05-05,2025-05-05T20:00:00,2025-05-05T22:00:00,12,3151.7862409588774
2025-05-06,2025-05-06T07:40:00,2025-05-06T09:50:00,13,2313.0562549267797
2025-05-06,2025-05-06T20:00:00,2025-05-06T22:00:00,12,2994.116597123631
2025-05-06,2025-05-06T22:40:00,2025-05-06T23:30:00,5,175.8367626069197
2025-05-06,2025-05-06T23:40:00,2025-05-07T00:00:00,2,80.21272425301277
2025-05-07,2025-05-07T08:10:00,2025-05-07T09:20:00,7,843.5308567125667
2025-05-07,2025-05-07T20:10:00,2025-05-07T23:30:00,20,3171.08929621365
2025-05-08,2025-05-08T20:00:00,2025-05-08T20:10:00,1,35.99924999999996
2025-05-08,2025-05-08T20:30:00,2025-05-08T20:40:00,1,709.245064857312
2025-05-09,2025-05-09T06:30:00,2025-05-09T07:30:00,6,445.9341958861995
2025-05-09,2025-05-09T20:40:00,2025-05-09T20:50:00,1,171.65730991037665
2025-05-09,2025-05-09T21:20:00,2025-05-09T21:30:00,1,26.944894584984773
2025-05-10,2025-05-10T20:40:00,2025-05-10T21:00:00,2,106.09995487686339
2025-05-11,2025-05-11T19:10:00,2025-05-11T19:30:00,2,41.18071666666651
2025-05-11,2025-05-11T20:20:00,2025-05-11T20:40:00,2,1067.6544813367475
2025-05-12,2025-05-12T08:40:00,2025-05-12T09:00:00,2,30.18869668759364
2025-05-12,2025-05-12T20:30:00,2025-05-12T21:00:00,3,356.95763613519097
2025-05-13,2025-05-13T20:30:00,2025-05-13T20:40:00,1,289.8587929097892
2025-05-14,2025-05-14T20:30:00,2025-05-14T20:40:00,1,380.9634546989803
2025-05-16,2025-05-16T06:00:00,2025-05-16T07:10:00,7,537.097618149287
2025-05-16,2025-05-16T20:40:00,2025-05-16T20:50:00,1,68.72474070207966
2025-05-16,2025-05-16T21:00:00,2025-05-16T21:50:00,5,149.4638617975369
2025-05-17,2025-05-17T06:10:00,2025-05-17T07:00:00,5,272.9747877178701
2025-05-17,2025-05-17T20:30:00,2025-05-17T20:50:00,2,696.1676176148342
2025-05-18,2025-05-18T20:20:00,2025-05-18T20:30:00,1,3.869818958106407
2025-05-19,2025-05-19T20:20:00,2025-05-19T20:40:00,2,198.69081746869347
2025-05-19,2025-05-19T21:30:00,2025-05-19T21:40:00,1,0.9876008224961197
2025-05-20,2025-05-20T20:30:00,2025-05-20T20:50:00,2,725.6424707720919
2025-05-21,2025-05-21T08:20:00,2025-05-21T09:10:00,5,295.16677508160103
2025-05-21,2025-05-21T20:30:00,2025-05-21T21:10:00,4,419.2189810626317
2025-05-22,2025-05-22T20:20:00,2025-05-22T20:40:00,2,1105.9751170603708
2025-05-23,2025-05-23T06:00:00,2025-05-23T07:00:00,6,579.762943329692
2025-05-23,2025-05-23T20:40:00,2025-05-23T21:00:00,2,245.6643992090066
2025-05-24,2025-05-24T06:10:00,2025-05-24T06:50:00,4,197.71896260312406
2025-05-25,2025-05-25T20:30:00,2025-05-25T21:00:00,3,919.2733338380069
2025-05-26,2025-05-26T08:20:00,2025-05-26T09:10:00,5,600.2760825215302
2025-05-26,2025-05-26T20:30:00,2025-05-26T20:40:00,1,207.018892139768
2025-05-27,2025-05-27T08:00:00,2025-05-27T08:50:00,5,742.341155876973
2025-05-27,2025-05-27T20:30:00,2025-05-27T20:40:00,1,79.29589369430221
2025-05-28,2025-05-28T20:30:00,2025-05-28T20:40:00,1,149.15139518605235
2025-05-29,2025-05-29T19:10:00,2025-05-29T19:20:00,1,17.817433333333383
2025-05-29,2025-05-29T20:20:00,2025-05-29T20:40:00,2,1347.4177858026214
2025-05-29,2025-05-29T21:10:00,2025-05-29T21:40:00,3,96.47487855207558
2025-05-30,2025-05-30T06:20:00,2025-05-30T07:10:00,5,266.70242538197317
2025-05-31,2025-05-31T20:40:00,2025-05-31T20:50:00,1,97.55424656440067
2025-06-01,2025-06-01T09:50:00,2025-06-01T10:50:00,6,617.1326955824338
2025-06-01,2025-06-01T18:50:00,2025-06-01T21:50:00,18,5865.576472355611
2025-06-02,2025-06-02T18:50:00,2025-06-02T21:50:00,18,5243.991644388019
2025-06-03,2025-06-03T18:50:00,2025-06-03T21:50:00,18,4855.575646125131
2025-06-04,2025-06-04T18:50:00,2025-06-04T19:20:00,3,119.05231666666646
2025-06-04,2025-06-04T19:30:00,2025-06-04T22:00:00,15,3560.9880546533195
2025-06-05,2025-06-05T08:50:00,2025-06-05T10:00:00,7,886.2836178848057
2025-06-05,2025-06-05T18:50:00,2025-06-05T22:00:00,19,4577.212455680257
2025-06-05,2025-06-05T22:50:00,2025-06-06T00:00:00,7,605.505898607528
2025-06-06,2025-06-06T02:10:00,2025-06-06T03:30:00,8,276.9213747614723
2025-06-06,2025-06-06T03:50:00,2025-06-06T05:30:00,10,474.64837599667254
2025-06-06,2025-06-06T05:50:00,2025-06-06T07:40:00,11,1401.642298533303
2025-06-06,2025-06-06T19:50:00,2025-06-07T00:00:00,25,5292.021672171478
2025-06-07,2025-06-07T20:00:00,2025-06-07T23:00:00,18,3603.779387875204
2025-06-07,2025-06-07T23:10:00,2025-06-08T00:00:00,5,298.38959156847943
2025-06-08,2025-06-08T20:30:00,2025-06-08T20:40:00,1,58.51543818027449
2025-06-09,2025-06-09T18:50:00,2025-06-09T19:10:00,2,53.24042227313237
2025-06-09,2025-06-09T19:30:00,2025-06-09T19:50:00,2,23.37601548710893
2025-06-09,2025-06-09T20:20:00,2025-06-09T20:40:00,2,71.334898486047
2025-06-10,2025-06-10T19:00:00,2025-06-10T19:20:00,2,27.839930207397515
2025-06-10,2025-06-10T19:50:00,2025-06-10T20:10:00,2,14.324667048082574
2025-06-11,2025-06-11T09:50:00,2025-06-11T10:50:00,6,883.4225226394403
2025-06-11,2025-06-11T18:50:00,2025-06-11T19:00:00,1,18.423418348314726
2025-06-11,2025-06-11T19:20:00,2025-06-11T19:30:00,1,23.414605008473018
2025-06-12,2025-06-12T20:30:00,2025-06-12T20:40:00,1,84.42721543530581
2025-06-12,2025-06-12T21:00:00,2025-06-12T21:20:00,2,14.40249221206966
2025-06-14,2025-06-14T20:30:00,2025-06-14T21:10:00,4,198.3205401976162
2025-06-15,2025-06-15T20:20:00,2025-06-15T20:30:00,1,9.307225618012012
2025-06-16,2025-06-16T09:30:00,2025-06-16T10:20:00,5,514.1283725495941
2025-06-16,2025-06-16T19:10:00,2025-06-16T19:20:00,1,11.353685815013819
2025-06-16,2025-06-16T20:00:00,2025-06-16T20:10:00,1,18.695742189826547
2025-06-16,2025-06-16T20:30:00,2025-06-16T20:50:00,2,205.27292056267527
2025-06-16,2025-06-16T21:00:00,2025-06-16T21:30:00,3,69.5583415166964
2025-06-17,2025-06-17T19:20:00,2025-06-17T19:40:00,2,54.24720530049376
2025-06-17,2025-06-17T20:20:00,2025-06-17T20:40:00,2,134.85017258673906
2025-06-18,2025-06-18T19:50:00,2025-06-18T20:00:00,1,20.617727699650686
2025-06-18,2025-06-18T20:20:00,2025-06-18T20:30:00,1,14.675102699715808
2025-06-19,2025-06-19T19:10:00,2025-06-19T19:30:00,2,107.35947336548713
2025-06-20,2025-06-20T06:40:00,2025-06-20T07:10:00,3,274.77840164606505
2025-06-22,2025-06-22T19:10:00,2025-06-22T19:30:00,2,13.823718147142813
2025-06-22,2025-06-22T19:50:00,2025-06-22T20:00:00,1,7.127385432303868
2025-06-22,2025-06-22T20:30:00,2025-06-22T21:10:00,4,204.0104646659911
2025-06-23,2025-06-23T20:20:00,2025-06-23T20:40:00,2,650.2286684101152
2025-06-24,2025-06-24T10:30:00,2025-06-24T10:50:00,2,85.21170430365973
2025-06-24,2025-06-24T19:00:00,2025-06-24T19:20:00,2,13.618382753061496
2025-06-25,2025-06-25T18:50:00,2025-06-25T19:00:00,1,19.607718294525398
2025-06-25,2025-06-25T20:00:00,2025-06-25T20:10:00,1,3.9252179061259085
2025-06-26,2025-06-26T19:00:00,2025-06-26T19:10:00,1,22.20403886298402
2025-06-26,2025-06-26T19:30:00,2025-06-26T19:50:00,2,30.87402371211192
2025-06-27,2025-06-27T20:30:00,2025-06-27T20:40:00,1,10.324338684521194
2025-06-29,2025-06-29T20:30:00,2025-06-29T20:40:00,1,493.2661615446918
2025-06-30,2025-06-30T18:50:00,2025-06-30T19:00:00,1,62.50329771769259
2025-06-30,2025-06-30T19:30:00,2025-06-30T19:40:00,1,20.926879363046964
2025-07-01,2025-07-01T07:50:00,2025-07-01T10:10:00,14,3874.1717070287677
2025-07-01,2025-07-01T18:50:00,2025-07-01T21:50:00,18,6849.089100241179
2025-07-02,2025-07-02T07:50:00,2025-07-02T09:50:00,12,2217.012143218366
2025-07-02,2025-07-02T18:50:00,2025-07-02T21:50:00,18,5755.413765109068
2025-07-03,2025-07-03T08:00:00,2025-07-03T10:30:00,15,2852.141368166139
2025-07-03,2025-07-03T18:50:00,2025-07-03T21:50:00,18,5740.19623504327
2025-07-04,2025-07-04T04:30:00,2025-07-04T07:20:00,17,4398.633419982353
2025-07-04,2025-07-04T19:50:00,2025-07-04T21:50:00,12,3818.159732130749
2025-07-05,2025-07-05T05:10:00,2025-07-05T07:30:00,14,2731.4290208534385
2025-07-05,2025-07-05T19:50:00,2025-07-05T21:50:00,12,3919.6110185961998
2025-07-06,2025-07-06T08:00:00,2025-07-06T09:40:00,10,2326.3169715398044
2025-07-06,2025-07-06T09:50:00,2025-07-06T10:10:00,2,195.78462166666685
2025-07-06,2025-07-06T18:50:00,2025-07-06T21:50:00,18,5703.302666465537
2025-07-07,2025-07-07T08:00:00,2025-07-07T09:20:00,8,1716.575999751627
2025-07-07,2025-07-07T18:50:00,2025-07-07T22:00:00,19,4159.35139719549
2025-07-08,2025-07-08T18:50:00,2025-07-08T19:00:00,1,62.75368943830483
2025-07-08,2025-07-08T20:30:00,2025-07-08T20:40:00,1,19.744558338746174
2025-07-09,2025-07-09T19:20:00,2025-07-09T19:40:00,2,57.395440172731355
2025-07-10,2025-07-10T18:50:00,2025-07-10T19:30:00,4,101.83894340743234
2025-07-10,2025-07-10T20:20:00,2025-07-10T20:40:00,2,222.6359536337559
2025-07-10,2025-07-10T20:50:00,2025-07-10T21:00:00,1,42.97600342681953
2025-07-11,2025-07-11T06:50:00,2025-07-11T07:40:00,5,562.3315918580824
2025-07-11,2025-07-11T20:50:00,2025-07-11T21:30:00,4,62.91578526377712
2025-07-13,2025-07-13T19:10:00,2025-07-13T19:30:00,2,42.41044996907692
2025-07-13,2025-07-13T19:50:00,2025-07-13T20:00:00,1,29.919971707654327
2025-07-13,2025-07-13T20:10:00,2025-07-13T20:40:00,3,1612.979490706491
2025-07-14,2025-07-14T18:50:00,2025-07-14T19:00:00,1,48.250670011913826
2025-07-14,2025-07-14T19:20:00,2025-07-14T19:40:00,2,14.31789010616717
2025-07-14,2025-07-14T20:30:00,2025-07-14T20:40:00,1,461.25807831887715
2025-07-14,2025-07-14T21:00:00,2025-07-14T21:20:00,2,11.81683848983912
2025-07-15,2025-07-15T19:10:00,2025-07-15T19:20:00,1,10.273711394486213
2025-07-15,2025-07-15T20:30:00,2025-07-15T20:40:00,1,459.0484616040426
2025-07-16,2025-07-16T18:50:00,2025-07-16T19:00:00,1,33.349841286324704
2025-07-16,2025-07-16T20:00:00,2025-07-16T20:10:00,1,50.67523123118701
2025-07-16,2025-07-16T20:30:00,2025-07-16T20:40:00,1,277.99225865445703
2025-07-17,2025-07-17T20:00:00,2025-07-17T20:10:00,1,6.312191563245619
2025-07-17,2025-07-17T20:30:00,2025-07-17T20:50:00,2,44.88955673580995
2025-07-17,2025-07-17T21:10:00,2025-07-17T21:20:00,1,26.8097599439737
2025-07-18,2025-07-18T06:30:00,2025-07-18T07:40:00,7,465.5372768312154
2025-07-18,2025-07-18T20:30:00,2025-07-18T20:40:00,1,125.60567363928271
2025-07-20,2025-07-20T20:30:00,2025-07-20T20:40:00,1,232.90408032936193
2025-07-21,2025-07-21T20:30:00,2025-07-21T20:40:00,1,14.066149855267895
2025-07-22,2025-07-22T19:20:00,2025-07-22T19:30:00,1,2.6082381520016042
2025-07-22,2025-07-22T19:40:00,2025-07-22T20:10:00,3,66.14701108487372
2025-07-22,2025-07-22T20:30:00,2025-07-22T20:40:00,1,232.6606249378101
2025-07-23,2025-07-23T19:00:00,2025-07-23T19:20:00,2,9.458360022597049
2025-07-23,2025-07-23T19:30:00,2025-07-23T19:50:00,2,10.498966643389508
2025-07-24,2025-07-24T19:50:00,2025-07-24T20:00:00,1,7.839027925963592
2025-07-25,2025-07-25T05:50:00,2025-07-25T07:10:00,8,1136.052603917578
2025-07-25,2025-07-25T07:30:00,2025-07-25T07:50:00,2,46.83441316666663
2025-07-25,2025-07-25T20:30:00,2025-07-25T20:40:00,1,154.17199032243946
2025-07-25,2025-07-25T21:20:00,2025-07-25T21:50:00,3,131.1879268900513
2025-07-27,2025-07-27T18:50:00,2025-07-27T19:00:00,1,7.385553789115761
2025-07-27,2025-07-27T20:20:00,2025-07-27T20:40:00,2,1289.1637940879652
2025-07-28,2025-07-28T10:00:00,2025-07-28T10:30:00,3,68.49385440761296
2025-07-28,2025-07-28T20:20:00,2025-07-28T20:40:00,2,477.9592959145356
2025-07-28,2025-07-28T20:50:00,2025-07-28T21:40:00,5,168.04705809750882
2025-07-29,2025-07-29T18:50:00,2025-07-29T19:10:00,2,57.92038091257814
2025-07-29,2025-07-29T20:30:00,2025-07-29T20:40:00,1,7.541042359198627
2025-07-30,2025-07-30T09:20:00,2025-07-30T10:00:00,4,129.76540123191828
2025-07-31,2025-07-31T19:10:00,2025-07-31T19:20:00,1,8.914883537935111
2025-07-31,2025-07-31T20:20:00,2025-07-31T20:50:00,3,658.6428811264743
2025-08-01,2025-08-01T05:50:00,2025-08-01T07:20:00,9,1001.2302407018522
2025-08-01,2025-08-01T20:30:00,2025-08-01T20:50:00,2,170.41062932321313
2025-08-03,2025-08-03T19:10:00,2025-08-03T20:10:00,6,107.4509381537257
2025-08-03,2025-08-03T20:20:00,2025-08-03T20:50:00,3,1169.5584043448594
2025-08-03,2025-08-03T21:30:00,2025-08-03T21:50:00,2,37.216115155171536
2025-08-04,2025-08-04T18:50:00,2025-08-04T19:00:00,1,42.133089189266684
2025-08-04,2025-08-04T20:20:00,2025-08-04T20:40:00,2,1243.0412287826894
2025-08-05,2025-08-05T19:40:00,2025-08-05T20:10:00,3,55.770037676451466
2025-08-05,2025-08-05T20:30:00,2025-08-05T20:40:00,1,337.29373937166923
2025-08-05,2025-08-05T21:10:00,2025-08-05T21:20:00,1,70.05960545608939
2025-08-05,2025-08-05T21:40:00,2025-08-05T21:50:00,1,25.606291262217677
2025-08-06,2025-08-06T20:00:00,2025-08-06T20:10:00,1,14.878682995084546
2025-08-06,2025-08-06T20:30:00,2025-08-06T20:40:00,1,172.91765100965722
2025-08-06,2025-08-06T21:00:00,2025-08-06T21:50:00,5,151.20705820358916
2025-08-07,2025-08-07T18:50:00,2025-08-07T19:00:00,1,18.67204069362583
2025-08-07,2025-08-07T19:20:00,2025-08-07T19:40:00,2,15.587524627865378
2025-08-07,2025-08-07T20:00:00,2025-08-07T20:10:00,1,34.40891557962914
2025-08-07,2025-08-07T20:30:00,2025-08-07T20:40:00,1,68.80491536674299
2025-08-08,2025-08-08T20:30:00,2025-08-08T21:10:00,4,279.8863462122154
2025-08-08,2025-08-08T21:40:00,2025-08-08T21:50:00,1,23.221684577553447
2025-08-09,2025-08-09T06:50:00,2025-08-09T07:20:00,3,229.40586736682053
2025-08-09,2025-08-09T20:30:00,2025-08-09T20:40:00,1,80.16364575930402
2025-08-09,2025-08-09T21:00:00,2025-08-09T21:50:00,5,299.86309417199004
2025-08-10,2025-08-10T20:20:00,2025-08-10T20:50:00,3,1361.7248218906211
2025-08-11,2025-08-11T18:50:00,2025-08-11T19:40:00,5,197.30079711453027
2025-08-11,2025-08-11T20:00:00,2025-08-11T20:10:00,1,27.443909436059812
2025-08-11,2025-08-11T20:20:00,2025-08-11T20:50:00,3,274.0598887142803
2025-08-12,2025-08-12T18:50:00,2025-08-12T20:00:00,7,231.61030121298882
2025-08-12,2025-08-12T20:20:00,2025-08-12T21:00:00,4,1136.4643755550667
2025-08-13,2025-08-13T18:50:00,2025-08-13T19:30:00,4,172.63426537398186
2025-08-13,2025-08-13T20:20:00,2025-08-13T20:50:00,3,913.8582758499762
2025-08-14,2025-08-14T18:50:00,2025-08-14T19:20:00,3,135.3042394294664
2025-08-14,2025-08-14T20:20:00,2025-08-14T21:20:00,6,571.4423971670267
2025-08-14,2025-08-14T21:30:00,2025-08-14T21:50:00,2,32.968427361806405
2025-08-15,2025-08-15T06:10:00,2025-08-15T07:20:00,7,1177.9468784546248
2025-08-15,2025-08-15T20:30:00,2025-08-15T20:50:00,2,440.75404656534056
2025-08-15,2025-08-15T21:10:00,2025-08-15T21:50:00,4,165.51753765780285
2025-08-16,2025-08-16T06:00:00,2025-08-16T07:20:00,8,1030.955650347834
2025-08-16,2025-08-16T20:30:00,2025-08-16T20:40:00,1,647.0790805356363
2025-08-17,2025-08-17T19:00:00,2025-08-17T19:50:00,5,210.0649684263575
2025-08-17,2025-08-17T20:20:00,2025-08-17T20:40:00,2,860.0054959612116
2025-08-18,2025-08-18T19:00:00,2025-08-18T19:20:00,2,65.21398465000357
2025-08-18,2025-08-18T19:40:00,2025-08-18T20:00:00,2,60.028595327639664
2025-08-18,2025-08-18T20:20:00,2025-08-18T21:50:00,9,1143.9408637877289
2025-08-19,2025-08-19T19:20:00,2025-08-19T20:10:00,5,184.22552795530987
2025-08-19,2025-08-19T20:30:00,2025-08-19T20:40:00,1,190.5725752235693
2025-08-19,2025-08-19T20:50:00,2025-08-19T21:00:00,1,4.879464976939062
2025-08-19,2025-08-19T21:10:00,2025-08-19T21:50:00,4,183.20115317614147
2025-08-20,2025-08-20T09:10:00,2025-08-20T09:30:00,2,69.60842920951895
2025-08-20,2025-08-20T19:00:00,2025-08-20T19:20:00,2,15.592162384910694
2025-08-20,2025-08-20T19:30:00,2025-08-20T20:10:00,4,210.36970343026724
2025-08-20,2025-08-20T20:20:00,2025-08-20T20:40:00,2,1536.1789695417551
2025-08-20,2025-08-20T20:50:00,2025-08-20T21:00:00,1,61.84398450598396
2025-08-21,2025-08-21T19:10:00,2025-08-21T20:00:00,5,45.11744803266993
2025-08-21,2025-08-21T20:20:00,2025-08-21T20:40:00,2,501.0264522112065
2025-08-22,2025-08-22T06:00:00,2025-08-22T07:20:00,8,1053.9266470229484
2025-08-22,2025-08-22T20:20:00,2025-08-22T21:30:00,7,1363.4263395298326
2025-08-22,2025-08-22T21:40:00,2025-08-22T21:50:00,1,0.41222085435363165
2025-08-23,2025-08-23T20:30:00,2025-08-23T20:50:00,2,438.38122565384344
2025-08-23,2025-08-23T21:20:00,2025-08-23T21:50:00,3,170.51622287492182
2025-08-24,2025-08-24T18:50:00,2025-08-24T19:00:00,1,14.854521016704894
2025-08-24,2025-08-24T19:40:00,2025-08-24T20:00:00,2,15.961859776901974
2025-08-24,2025-08-24T20:30:00,2025-08-24T21:40:00,7,467.9685795473821
2025-08-25,2025-08-25T19:20:00,2025-08-25T19:40:00,2,95.33134011323432
2025-08-25,2025-08-25T20:00:00,2025-08-25T20:10:00,1,7.468404911111293
2025-08-25,2025-08-25T20:30:00,2025-08-25T20:40:00,1,698.8914597269339
2025-08-25,2025-08-25T20:50:00,2025-08-25T21:00:00,1,2.9055559569491605
2025-08-26,2025-08-26T19:00:00,2025-08-26T19:10:00,1,22.278716508664388
2025-08-26,2025-08-26T19:40:00,2025-08-26T20:00:00,2,9.57953328157464
2025-08-26,2025-08-26T20:30:00,2025-08-26T20:50:00,2,724.3948197006762
2025-08-26,2025-08-26T21:10:00,2025-08-26T21:20:00,1,13.710211182100874
2025-08-27,2025-08-27T18:50:00,2025-08-27T19:00:00,1,41.120215852010574
2025-08-27,2025-08-27T19:20:00,2025-08-27T19:30:00,1,15.992878265183435
2025-08-27,2025-08-27T20:30:00,2025-08-27T20:40:00,1,392.8546522563743
2025-08-27,2025-08-27T21:40:00,2025-08-27T21:50:00,1,24.059212323218933
2025-08-28,2025-08-28T18:50:00,2025-08-28T19:00:00,1,77.31879710418184
2025-08-28,2025-08-28T19:50:00,2025-08-28T20:10:00,2,91.27706176900494
2025-08-28,2025-08-28T20:30:00,2025-08-28T20:40:00,1,425.5831645797531
2025-08-28,2025-08-28T21:30:00,2025-08-28T21:50:00,2,82.41248369804252
2025-08-29,2025-08-29T20:30:00,2025-08-29T21:00:00,3,60.552368457437865
2025-08-30,2025-08-30T20:30:00,2025-08-30T20:50:00,2,612.24006911375
2025-08-31,2025-08-31T19:00:00,2025-08-31T19:30:00,3,84.17209702148432
2025-08-31,2025-08-31T20:00:00,2025-08-31T20:10:00,1,39.955836734977424
2025-08-31,2025-08-31T20:20:00,2025-08-31T20:50:00,3,1488.9234092623944
2025-09-08,2025-09-08T20:10:00,2025-09-08T21:50:00,10,2695.307001094424
2025-09-09,2025-09-09T08:10:00,2025-09-09T08:50:00,4,289.72276597366437
2025-09-09,2025-09-09T19:30:00,2025-09-09T19:40:00,1,2.352616666666563
2025-09-09,2025-09-09T20:10:00,2025-09-09T20:40:00,3,2068.035373961934
2025-09-09,2025-09-09T20:50:00,2025-09-09T21:50:00,6,192.87317156466185
2025-09-10,2025-09-10T08:40:00,2025-09-10T09:40:00,6,628.195747226777
2025-09-10,2025-09-10T20:10:00,2025-09-10T20:40:00,3,2008.601599304705
2025-09-10,2025-09-10T20:50:00,2025-09-10T21:50:00,6,253.76491800973955
2025-09-11,2025-09-11T09:00:00,2025-09-11T09:20:00,2,54.44450653997353
2025-09-11,2025-09-11T19:50:00,2025-09-11T20:00:00,1,6.071666666666715
2025-09-11,2025-09-11T20:20:00,2025-09-11T21:50:00,9,1931.9929832873413
2025-09-12,2025-09-12T05:50:00,2025-09-12T07:40:00,11,2304.0881237189787
2025-09-12,2025-09-12T20:30:00,2025-09-12T21:50:00,8,1086.119561943554
2025-09-13,2025-09-13T06:50:00,2025-09-13T07:30:00,4,398.5485200342304
2025-09-13,2025-09-13T20:10:00,2025-09-13T21:10:00,6,1364.1150684906481
2025-09-13,2025-09-13T21:30:00,2025-09-13T21:50:00,2,65.16353881524628
2025-09-14,2025-09-14T20:00:00,2025-09-14T21:00:00,6,2605.198079078218
2025-09-14,2025-09-14T21:40:00,2025-09-14T21:50:00,1,19.026126692808155
2025-09-15,2025-09-15T08:00:00,2025-09-15T09:20:00,8,1229.924491727791
2025-09-15,2025-09-15T19:40:00,2025-09-15T19:50:00,1,1.1717666666665991
2025-09-15,2025-09-15T20:20:00,2025-09-15T21:40:00,8,1619.483903616585
2025-09-16,2025-09-16T08:50:00,2025-09-16T09:20:00,3,128.59480008315728
2025-09-16,2025-09-16T19:10:00,2025-09-16T19:20:00,1,8.238266666666732
2025-09-16,2025-09-16T20:10:00,2025-09-16T21:20:00,7,1899.3506777565317
2025-09-16,2025-09-16T21:30:00,2025-09-16T21:50:00,2,137.58782321294524
2025-09-17,2025-09-17T05:50:00,2025-09-17T06:00:00,1,7.629166666666606
2025-09-17,2025-09-17T09:00:00,2025-09-17T09:40:00,4,325.5458532429276
2025-09-17,2025-09-17T09:50:00,2025-09-17T10:00:00,1,1.8205906666667717
2025-09-17,2025-09-17T20:10:00,2025-09-17T20:50:00,4,1778.6150581091308
2025-09-17,2025-09-17T21:00:00,2025-09-17T21:50:00,5,151.68231219778173
2025-09-18,2025-09-18T08:30:00,2025-09-18T09:30:00,6,843.979876144163
2025-09-18,2025-09-18T20:20:00,2025-09-18T21:10:00,5,1519.797915243942
2025-09-18,2025-09-18T21:20:00,2025-09-18T21:50:00,3,191.2129787879774
2025-09-19,2025-09-19T06:00:00,2025-09-19T07:50:00,11,2125.7351645539507
2025-09-19,2025-09-19T20:30:00,2025-09-19T21:00:00,3,680.0961551649364
2025-09-19,2025-09-19T21:10:00,2025-09-19T21:50:00,4,98.4647684596622
2025-09-20,2025-09-20T06:40:00,2025-09-20T07:50:00,7,1140.5449102754887
2025-09-20,2025-09-20T20:10:00,2025-09-20T21:00:00,5,1396.9431320630756
2025-09-21,2025-09-21T20:20:00,2025-09-21T20:50:00,3,1562.3260755612966
2025-09-21,2025-09-21T21:00:00,2025-09-21T21:50:00,5,174.5185749108186
2025-09-22,2025-09-22T08:20:00,2025-09-22T09:20:00,6,723.0785683217713
2025-09-22,2025-09-22T19:40:00,2025-09-22T20:00:00,2,19.555899999999838
2025-09-22,2025-09-22T20:10:00,2025-09-22T21:50:00,10,2493.326668349039
2025-09-23,2025-09-23T20:10:00,2025-09-23T21:50:00,10,2145.8887549996443
2025-09-24,2025-09-24T08:50:00,2025-09-24T09:40:00,5,515.2372717574353
2025-09-24,2025-09-24T20:10:00,2025-09-24T21:30:00,8,1864.2027562269368
2025-09-25,2025-09-25T18:50:00,2025-09-25T19:00:00,1,15.371666666666556
2025-09-25,2025-09-25T20:20:00,2025-09-25T21:30:00,7,1165.3891759032015
2025-09-26,2025-09-26T06:20:00,2025-09-26T07:40:00,8,1422.7886123985404
2025-09-26,2025-09-26T20:30:00,2025-09-26T21:20:00,5,614.0200579868649
2025-09-26,2025-09-26T21:30:00,2025-09-26T21:50:00,2,166.65145772311024
2025-09-27,2025-09-27T06:30:00,2025-09-27T07:40:00,7,1285.5004595926894
2025-09-27,2025-09-27T20:20:00,2025-09-27T20:40:00,2,1008.0568342991035
2025-09-27,2025-09-27T21:00:00,2025-09-27T21:50:00,5,415.61747750781205
2025-09-28,2025-09-28T08:50:00,2025-09-28T09:50:00,6,473.9770512706337
2025-09-28,2025-09-28T19:20:00,2025-09-28T19:30:00,1,5.868333333333339
2025-09-28,2025-09-28T20:10:00,2025-09-28T20:50:00,4,2034.4367325049789
2025-09-28,2025-09-28T21:00:00,2025-09-28T21:20:00,2,16.812705315741436
2025-09-28,2025-09-28T21:30:00,2025-09-28T21:50:00,2,14.647724780210046
2025-09-29,2025-09-29T06:00:00,2025-09-29T06:10:00,1,20.39463333333333
2025-09-29,2025-09-29T09:10:00,2025-09-29T09:50:00,4,166.4144599729114
2025-09-29,2025-09-29T20:10:00,2025-09-29T21:00:00,5,2517.0168311545985
2025-09-29,2025-09-29T21:30:00,2025-09-29T21:50:00,2,47.743332431899034
2025-09-30,2025-09-30T08:20:00,2025-09-30T09:40:00,8,1722.0939349257287
2025-09-30,2025-09-30T10:00:00,2025-09-30T10:10:00,1,3.8029134999998853
2025-09-30,2025-09-30T20:00:00,2025-09-30T20:10:00,1,31.41115000000002
2025-09-30,2025-09-30T20:30:00,2025-09-30T20:50:00,2,820.8094771855403
2025-09-30,2025-09-30T21:00:00,2025-09-30T21:20:00,2,59.044461235641506
2025-10-02,2025-10-02T20:30:00,2025-10-02T20:40:00,1,65.78667848534496
2025-10-03,2025-10-03T06:20:00,2025-10-03T07:40:00,8,1545.4877047589848
2025-10-04,2025-10-04T07:00:00,2025-10-04T07:40:00,4,619.0167101171764
2025-10-08,2025-10-08T08:30:00,2025-10-08T09:20:00,5,534.1545891364442
2025-10-08,2025-10-08T20:10:00,2025-10-08T21:50:00,10,1889.5864768383005
2025-10-09,2025-10-09T20:10:00,2025-10-09T21:50:00,10,1907.6968690047388
2025-10-10,2025-10-10T07:00:00,2025-10-10T07:40:00,4,729.9762411980441
2025-10-10,2025-10-10T20:30:00,2025-10-10T21:50:00,8,1323.942432617144
2025-10-11,2025-10-11T20:30:00,2025-10-11T21:00:00,3,768.9673560974059
2025-10-11,2025-10-11T21:20:00,2025-10-11T21:40:00,2,411.58870860268206
2025-10-12,2025-10-12T06:00:00,2025-10-12T06:10:00,1,20.929933333333338
2025-10-12,2025-10-12T20:00:00,2025-10-12T20:40:00,4,2448.3673923934707
2025-10-12,2025-10-12T21:40:00,2025-10-12T21:50:00,1,23.013159233198554
2025-10-13,2025-10-13T08:40:00,2025-10-13T09:30:00,5,642.5685283435348
2025-10-13,2025-10-13T20:10:00,2025-10-13T21:50:00,10,1845.315634275592
2025-10-14,2025-10-14T08:40:00,2025-10-14T09:40:00,6,1031.1177600519472
2025-10-14,2025-10-14T20:10:00,2025-10-14T20:40:00,3,1623.5794681937177
2025-10-14,2025-10-14T21:00:00,2025-10-14T21:50:00,5,126.44174482076615
2025-10-15,2025-10-15T09:20:00,2025-10-15T09:30:00,1,62.716520225802356
2025-10-15,2025-10-15T20:10:00,2025-10-15T21:50:00,10,1900.4920151734877
2025-10-16,2025-10-16T08:50:00,2025-10-16T09:40:00,5,626.1539903403643
2025-10-16,2025-10-16T20:10:00,2025-10-16T21:50:00,10,1939.1241697987684
2025-10-17,2025-10-17T07:00:00,2025-10-17T07:50:00,5,569.3662137879808
2025-10-17,2025-10-17T20:40:00,2025-10-17T21:50:00,7,885.6805880218326
2025-10-18,2025-10-18T07:10:00,2025-10-18T08:00:00,5,406.2984752875598
2025-10-18,2025-10-18T20:40:00,2025-10-18T21:10:00,3,453.8546755962691
2025-10-18,2025-10-18T21:30:00,2025-10-18T21:50:00,2,326.94528414437593
2025-10-19,2025-10-19T09:20:00,2025-10-19T09:40:00,2,101.80247734982159
2025-10-19,2025-10-19T20:00:00,2025-10-19T21:40:00,10,2502.66899904802
2025-10-20,2025-10-20T20:20:00,2025-10-20T21:30:00,7,1162.991252077903
2025-10-21,2025-10-21T09:10:00,2025-10-21T10:10:00,6,548.02434956213
2025-10-21,2025-10-21T20:20:00,2025-10-21T21:40:00,8,1063.0021366272908
2025-10-22,2025-10-22T09:50:00,2025-10-22T10:20:00,3,160.61580820946767
2025-10-22,2025-10-22T20:10:00,2025-10-22T21:00:00,5,1529.0812417733923
2025-10-22,2025-10-22T21:20:00,2025-10-22T21:50:00,3,65.02560569649889
2025-10-23,2025-10-23T20:20:00,2025-10-23T20:40:00,2,1073.8577653769341
2025-10-23,2025-10-23T21:00:00,2025-10-23T21:20:00,2,6.439428205654803
2025-10-24,2025-10-24T07:20:00,2025-10-24T08:10:00,5,679.9419847963999
2025-10-24,2025-10-24T20:30:00,2025-10-24T21:40:00,7,1226.2004663697367
2025-10-25,2025-10-25T07:50:00,2025-10-25T08:00:00,1,46.30030175281662
2025-10-25,2025-10-25T20:30:00,2025-10-25T21:20:00,5,827.6249903974322
2025-10-25,2025-10-25T21:30:00,2025-10-25T21:50:00,2,516.4875436911991
2025-10-26,2025-10-26T20:20:00,2025-10-26T21:10:00,5,1061.499439320511
2025-10-27,2025-10-27T06:00:00,2025-10-27T06:10:00,1,19.74493333333328
2025-10-27,2025-10-27T20:20:00,2025-10-27T21:40:00,8,927.6485239844357
2025-10-28,2025-10-28T20:20:00,2025-10-28T21:50:00,9,1348.0558429425287
2025-10-29,2025-10-29T20:20:00,2025-10-29T21:30:00,7,1372.6366527381947
2025-10-30,2025-10-30T06:00:00,2025-10-30T06:10:00,1,3.6418333333332384
2025-10-30,2025-10-30T20:20:00,2025-10-30T21:00:00,4,1476.1919348280126
2025-10-30,2025-10-30T21:10:00,2025-10-30T21:50:00,4,119.1809309721768
2025-10-31,2025-10-31T07:30:00,2025-10-31T08:20:00,5,375.4891382906229
2025-10-31,2025-10-31T20:40:00,2025-10-31T21:00:00,2,262.4635197766546
2025-10-31,2025-10-31T21:10:00,2025-10-31T21:50:00,4,283.4715044823231
2025-11-01,2025-11-01T07:30:00,2025-11-01T08:10:00,4,488.4055405165386
2025-11-01,2025-11-01T20:40:00,2025-11-01T21:00:00,2,300.9882504400892
2025-11-01,2025-11-01T21:30:00,2025-11-01T21:40:00,1,219.64442927640013
2025-11-02,2025-11-02T09:10:00,2025-11-02T10:10:00,6,862.6063994193296
2025-11-02,2025-11-02T20:20:00,2025-11-02T21:00:00,4,1090.5479296295898
2025-11-02,2025-11-02T21:40:00,2025-11-02T21:50:00,1,1.5843450280013691
2025-11-03,2025-11-03T20:30:00,2025-11-03T21:20:00,5,701.4988384474357
2025-11-04,2025-11-04T05:50:00,2025-11-04T06:10:00,2,33.59954999999991
2025-11-04,2025-11-04T20:20:00,2025-11-04T20:40:00,2,1252.854267623874
2025-11-04,2025-11-04T20:50:00,2025-11-04T21:20:00,3,74.74896550344222
2025-11-05,2025-11-05T20:30:00,2025-11-05T20:40:00,1,569.2424973705807
2025-11-06,2025-11-06T09:20:00,2025-11-06T10:40:00,8,1249.4703353942064
2025-11-06,2025-11-06T20:30:00,2025-11-06T21:50:00,8,505.4293231028928
2025-11-07,2025-11-07T07:50:00,2025-11-07T08:30:00,4,323.27043552604704
2025-11-07,2025-11-07T20:30:00,2025-11-07T20:50:00,2,533.8910500400038
2025-11-08,2025-11-08T20:40:00,2025-11-08T20:50:00,1,162.35002829952322
2025-11-08,2025-11-08T21:20:00,2025-11-08T21:40:00,2,319.25627183252726
2025-11-09,2025-11-09T20:20:00,2025-11-09T20:40:00,2,999.2150625066852
2025-11-09,2025-11-09T20:50:00,2025-11-09T21:20:00,3,96.00963074415321
2025-11-10,2025-11-10T09:40:00,2025-11-10T10:50:00,7,406.0895800798402
2025-11-10,2025-11-10T20:20:00,2025-11-10T21:00:00,4,779.1510058322505
2025-11-10,2025-11-10T21:30:00,2025-11-10T21:50:00,2,89.41062065225557
2025-11-11,2025-11-11T20:30:00,2025-11-11T20:40:00,1,605.5539177963784
2025-11-11,2025-11-11T21:30:00,2025-11-11T21:50:00,2,59.9735090905647
2025-11-12,2025-11-12T06:20:00,2025-11-12T06:30:00,1,11.773333333333312
2025-11-12,2025-11-12T20:20:00,2025-11-12T20:40:00,2,997.258924249273
2025-11-13,2025-11-13T06:00:00,2025-11-13T06:10:00,1,2.0105333333332283
2025-11-13,2025-11-13T20:10:00,2025-11-13T20:40:00,3,1769.3672088790213
2025-11-14,2025-11-14T20:40:00,2025-11-14T20:50:00,1,310.2316711076004
2025-11-14,2025-11-14T21:10:00,2025-11-14T21:50:00,4,117.10595487857977
2025-11-15,2025-11-15T20:40:00,2025-11-15T20:50:00,1,327.8069017378919
2025-11-15,2025-11-15T21:00:00,2025-11-15T21:10:00,1,23.626213415695837
2025-11-15,2025-11-15T21:30:00,2025-11-15T21:50:00,2,132.89160881785236
2025-11-16,2025-11-16T10:20:00,2025-11-16T10:50:00,3,245.80035472413556
2025-11-16,2025-11-16T20:20:00,2025-11-16T20:50:00,3,894.3513320074952
2025-11-17,2025-11-17T10:00:00,2025-11-17T10:50:00,5,223.31049092079985
2025-11-17,2025-11-17T20:30:00,2025-11-17T20:50:00,2,7.4866026111085375
2025-11-18,2025-11-18T09:50:00,2025-11-18T10:50:00,6,376.22781184643685
2025-11-18,2025-11-18T20:20:00,2025-11-18T21:20:00,6,1120.2312192983086
2025-11-19,2025-11-19T05:50:00,2025-11-19T06:00:00,1,1.384999999999991
2025-11-19,2025-11-19T09:30:00,2025-11-19T10:50:00,8,1394.315049983413
2025-11-19,2025-11-19T20:30:00,2025-11-19T21:10:00,4,799.6946900847967
2025-11-20,2025-11-20T20:30:00,2025-11-20T21:30:00,6,767.6032146879777
2025-11-21,2025-11-21T07:40:00,2025-11-21T08:20:00,4,471.35870169822215
2025-11-21,2025-11-21T21:00:00,2025-11-21T21:50:00,5,121.19565753136123
2025-11-22,2025-11-22T20:30:00,2025-11-22T21:00:00,3,558.5161310111412
2025-11-22,2025-11-22T21:20:00,2025-11-22T21:40:00,2,12.885590511727685
2025-11-23,2025-11-23T09:50:00,2025-11-23T10:50:00,6,1093.0066783660673
2025-11-23,2025-11-23T20:30:00,2025-11-23T21:20:00,5,565.0824087477408
2025-11-24,2025-11-24T06:00:00,2025-11-24T06:10:00,1,18.839666666666517
2025-11-24,2025-11-24T10:00:00,2025-11-24T10:20:00,2,62.28338655548082
2025-11-24,2025-11-24T20:20:00,2025-11-24T21:30:00,7,1381.133321935237
2025-11-25,2025-11-25T20:30:00,2025-11-25T20:40:00,1,402.71341090450056
2025-11-25,2025-11-25T21:30:00,2025-11-25T21:50:00,2,27.463443437724912
2025-11-26,2025-11-26T06:00:00,2025-11-26T06:10:00,1,32.99316666666664
2025-11-26,2025-11-26T10:30:00,2025-11-26T10:50:00,2,88.38658888371891
2025-11-26,2025-11-26T20:30:00,2025-11-26T20:40:00,1,457.64398671507865
2025-11-27,2025-11-27T20:30:00,2025-11-27T20:40:00,1,619.6326272101436
2025-11-28,2025-11-28T20:30:00,2025-11-28T20:50:00,2,602.4800428388794
2025-11-28,2025-11-28T21:30:00,2025-11-28T21:40:00,1,161.66254346078222
2025-11-30,2025-11-30T06:00:00,2025-11-30T06:10:00,1,6.062833333333401
2025-11-30,2025-11-30T10:20:00,2025-11-30T10:40:00,2,163.49965757809048
2025-11-30,2025-11-30T20:30:00,2025-11-30T20:40:00,1,738.4848240271627
2025-12-01,2025-12-01T07:50:00,2025-12-01T08:10:00,2,75.73381732695248
2025-12-01,2025-12-01T09:00:00,2025-12-01T10:50:00,11,3921.7188703939037
2025-12-01,2025-12-01T20:10:00,2025-12-01T20:40:00,3,1821.0293736867534
2025-12-01,2025-12-01T21:40:00,2025-12-01T21:50:00,1,1.615587111348054
2025-12-02,2025-12-02T07:50:00,2025-12-02T08:20:00,3,193.5210924222332
2025-12-02,2025-12-02T09:00:00,2025-12-02T10:40:00,10,4087.1290892365873
2025-12-02,2025-12-02T20:10:00,2025-12-02T21:30:00,8,1928.4814192318659
2025-12-03,2025-12-03T05:50:00,2025-12-03T06:10:00,2,80.12992466737057
2025-12-03,2025-12-03T07:50:00,2025-12-03T08:10:00,2,53.39390839297039
2025-12-03,2025-12-03T08:50:00,2025-12-03T10:50:00,12,3968.5575662381225
2025-12-03,2025-12-03T20:20:00,2025-12-03T21:10:00,5,1199.4827482530995
2025-12-03,2025-12-03T21:20:00,2025-12-03T21:50:00,3,106.90334002646766
2025-12-04,2025-12-04T06:00:00,2025-12-04T06:10:00,1,63.1234833333333
2025-12-04,2025-12-04T07:50:00,2025-12-04T08:20:00,3,171.97172659346325
2025-12-04,2025-12-04T08:50:00,2025-12-04T10:50:00,12,4578.884786858682
2025-12-04,2025-12-04T20:10:00,2025-12-04T21:20:00,7,1936.7168653200529
2025-12-05,2025-12-05T07:40:00,2025-12-05T09:30:00,11,2343.98328166874
2025-12-05,2025-12-05T20:30:00,2025-12-05T21:00:00,3,885.2398094865576
2025-12-05,2025-12-05T21:20:00,2025-12-05T21:50:00,3,196.48496971428966
2025-12-06,2025-12-06T07:50:00,2025-12-06T09:50:00,12,1773.0593782166188
2025-12-06,2025-12-06T20:10:00,2025-12-06T21:20:00,7,1684.8400723233433
2025-12-06,2025-12-06T21:30:00,2025-12-06T22:00:00,3,275.0686599161942
2025-12-07,2025-12-07T07:50:00,2025-12-07T08:10:00,2,164.71328333333327
2025-12-07,2025-12-07T09:30:00,2025-12-07T10:40:00,7,1934.3065060319345
2025-12-07,2025-12-07T20:00:00,2025-12-07T21:00:00,6,2545.493276113217
2025-12-08,2025-12-08T20:30:00,2025-12-08T20:50:00,2,227.0400599994041
2025-12-09,2025-12-09T20:30:00,2025-12-09T20:40:00,1,507.05297852756144
2025-12-09,2025-12-09T20:50:00,2025-12-09T21:10:00,2,16.54345821497136
2025-12-10,2025-12-10T10:30:00,2025-12-10T10:50:00,2,313.1328169559631
2025-12-10,2025-12-10T20:30:00,2025-12-10T20:50:00,2,61.18942055730372
2025-12-11,2025-12-11T20:30:00,2025-12-11T20:40:00,1,398.8900183212053
2025-12-11,2025-12-11T21:40:00,2025-12-11T22:00:00,2,20.58006405683159
2025-12-12,2025-12-12T20:40:00,2025-12-12T21:20:00,4,170.80017044310011
2025-12-13,2025-12-13T20:40:00,2025-12-13T21:00:00,2,26.98967037533083
2025-12-13,2025-12-13T21:30:00,2025-12-13T21:50:00,2,25.939615832357525
2025-12-14,2025-12-14T10:10:00,2025-12-14T10:50:00,4,869.7415033128018
2025-12-14,2025-12-14T20:30:00,2025-12-14T20:40:00,1,270.9576082057635
2025-12-14,2025-12-14T21:10:00,2025-12-14T21:20:00,1,16.341347037286983
2025-12-14,2025-12-14T21:40:00,2025-12-14T21:50:00,1,0.009778360108361639
2025-12-15,2025-12-15T10:10:00,2025-12-15T10:50:00,4,691.0005704482907
2025-12-15,2025-12-15T20:30:00,2025-12-15T20:40:00,1,465.0740287615082
2025-12-16,2025-12-16T20:30:00,2025-12-16T21:00:00,3,278.68832460783835
2025-12-16,2025-12-16T21:40:00,2025-12-16T21:50:00,1,20.066280726681974
2025-12-17,2025-12-17T20:30:00,2025-12-17T20:50:00,2,729.4791931054137
2025-12-17,2025-12-17T21:20:00,2025-12-17T21:40:00,2,35.934898070166604
2025-12-18,2025-12-18T20:30:00,2025-12-18T21:10:00,4,519.1883223180819
2025-12-19,2025-12-19T20:40:00,2025-12-19T20:50:00,1,149.89522167644338
2025-12-19,2025-12-19T21:10:00,2025-12-19T21:50:00,4,152.0002470057225
2025-12-20,2025-12-20T20:40:00,2025-12-20T20:50:00,1,356.5429010621301
2025-12-20,2025-12-20T21:00:00,2025-12-20T21:20:00,2,23.248297551930012
2025-12-20,2025-12-20T21:50:00,2025-12-20T22:00:00,1,28.95328277651881
2025-12-21,2025-12-21T07:50:00,2025-12-21T08:10:00,2,54.58293470485046
2025-12-21,2025-12-21T20:30:00,2025-12-21T20:40:00,1,264.5924159513399
2025-12-22,2025-12-22T20:30:00,2025-12-22T21:30:00,6,633.8736297915415
2025-12-23,2025-12-23T20:20:00,2025-12-23T20:40:00,2,884.4349962496549
2025-12-24,2025-12-24T07:50:00,2025-12-24T08:00:00,1,20.78676645283747
2025-12-24,2025-12-24T20:20:00,2025-12-24T20:40:00,2,973.9947825557281
2025-12-25,2025-12-25T20:30:00,2025-12-25T20:50:00,2,428.0908633688099
2025-12-25,2025-12-25T21:20:00,2025-12-25T21:40:00,2,20.288508715936086
2025-12-26,2025-12-26T09:20:00,2025-12-26T09:30:00,1,21.05717904072437
2025-12-27,2025-12-27T20:40:00,2025-12-27T20:50:00,1,269.3063890590562
2025-12-28,2025-12-28T08:00:00,2025-12-28T08:10:00,1,9.165870181873856
2025-12-28,2025-12-28T20:30:00,2025-12-28T20:40:00,1,486.3423697465604
2025-12-28,2025-12-28T20:50:00,2025-12-28T21:40:00,5,97.74018907409118
2025-12-30,2025-12-30T08:00:00,2025-12-30T08:10:00,1,22.332460376738595
2025-12-30,2025-12-30T10:30:00,2025-12-30T10:50:00,2,227.17103057454182
2025-12-30,2025-12-30T20:30:00,2025-12-30T20:40:00,1,150.58004508976967
2025-12-30,2025-12-30T21:00:00,2025-12-30T21:40:00,4,76.5402824075621
2025-12-31,2025-12-31T20:30:00,2025-12-31T21:30:00,6,363.0888233413689
