date,grid_plan_kwh,planned_cost_yuan,emergency_kwh,emergency_cost_yuan,total_cost_yuan,charge_actual_kwh,discharge_actual_kwh,surplus_kwh,unused_grid_kwh,pv_curtailment_kwh,energy_start_actual_kwh,energy_end_actual_kwh,selected_profile,selected_terminal
2025-02-01,39686.93610183661,21341.660230321162,0.0,0.0,21341.660230321162,12940.98652356798,14798.021903051636,7165.795547986933,3209.97500607247,3955.8205419144633,7268.4231640740745,2473.0644763389932,X_uniform75,1200.0
2025-02-02,91230.54898504136,57919.6520938785,0.0,0.0,57919.6520938785,21690.422186699936,17468.06980358766,8651.918651929082,8592.744585262415,59.174066666666704,2473.0644763389932,2585.4779959381985,X_uniform75,1200.0
2025-02-03,89183.3242329267,56583.77424790256,0.0,0.0,56583.77424790256,22048.184860751666,18149.672978918115,5067.895851093148,5067.895851093148,0.0,2585.4779959381985,2262.541060705687,X_uniform75,1200.0
2025-02-04,90372.56178840554,57317.00579015741,0.0,0.0,57317.00579015741,23514.908501492187,19034.572711387817,4697.36204830117,4697.36204830117,0.0,2262.541060705687,2276.433477173303,X_uniform75,1200.0
2025-02-05,88629.39641826191,56029.42357218936,0.0,0.0,56029.42357218936,23199.77158030576,19042.40421457916,3723.6020692019806,3723.6020692019806,0.0,2276.433477173303,1998.0009943605364,X_uniform75,1200.0
2025-02-06,90015.70099751437,57198.47207667442,11.967095639655895,69.9057891790499,57268.377865853465,22506.253052940552,18084.484232604464,5334.842056151269,5333.441239484603,1.400816666666742,1998.0009943605364,2159.7573724465233,X_uniform75,1200.0
2025-02-07,42974.39945468147,22506.492253241602,0.0,0.0,22506.492253241602,18731.121904565334,15602.835229899705,8040.433113349176,2995.071150622326,5045.36196272685,2159.7573724465233,1681.2834977778775,X_uniform75,1200.0
2025-02-08,38372.42835355454,20022.33778352517,0.0,0.0,20022.33778352517,18955.162760582683,15416.417744571061,3256.520620876255,448.14034864734845,2808.380272228907,1681.2834977778775,1611.5769327788898,X_uniform75,1200.0
2025-02-09,84371.91162321041,52745.915632028504,557.319913520113,3564.6209893013684,56310.53662132988,23970.970777236605,19546.688578187986,949.5333710152347,949.5333710152347,0.0,1611.5769327788898,1466.907767638515,X_uniform75,1200.0
2025-02-10,86153.90207424639,54150.338053646796,0.0,0.0,54150.338053646796,21042.242849094833,17060.48690480945,7845.508546627678,7345.8455132943445,499.6630333333336,1466.907767638515,1448.8297709244707,X_uniform75,1200.0
2025-02-11,84184.20930776207,52638.47993996573,53.143808801250245,320.6502178794683,52959.1301578452,22752.491667081737,18435.951131162084,4700.215447310336,4552.177147310335,148.03830000000016,1448.8297709244707,1441.6821255623884,X_uniform75,1200.0
2025-02-12,83762.0532360324,52397.11782572007,0.0,0.0,52397.11782572007,22567.745268010625,18267.44320381104,4195.0150384994795,4031.6307551661457,163.38428333333331,1441.6821255623884,1455.4937514263504,X_uniform75,1200.0
2025-02-13,83113.09405821827,51980.98935939397,0.0,0.0,51980.98935939397,20253.534479377035,16324.243606733296,7854.32416890786,7295.686385574527,558.6377833333337,1455.4937514263504,1545.626330939798,X_uniform75,1200.0
2025-02-14,35873.36149959258,18905.221724794934,0.0,0.0,18905.221724794934,18570.223555711927,15286.109402839727,2787.4455300537156,585.881371627446,2201.56415842627,1545.626330939798,1274.261527925277,X_uniform75,1200.0
2025-02-15,35812.10372007874,18752.57654635507,157.40083295067507,348.2356291391615,19100.81217549423,18458.041097689777,15017.84866426147,3249.2210196011124,298.573244421176,2950.6477751799366,1274.261527925277,1200.0,X_uniform75,1200.0
2025-02-16,80927.63072157394,50099.85836840898,209.0510034696939,1240.7331621225662,51340.59153053155,23970.223954662753,19136.208771254336,925.2874416352106,925.2874416352106,0.0,1200.0,1510.747368913888,X_uniform75,1200.0
2025-02-17,79883.2092370181,49453.51061757304,24.341683595091467,110.74248951586863,49564.25310708891,21061.39254794587,17181.676174750428,4843.971380751088,4049.4901807510873,794.4812000000005,1510.747368913888,1375.2493567869076,X_uniform75,1200.0
2025-02-18,79520.22121446082,49280.424807822004,44.999999999999886,202.89263333333284,49483.317441155334,22012.244699621126,17633.657304153057,3095.2460356594165,2996.5215661930124,98.72446946640403,1375.2493567869076,1593.3170262758538,X_uniform75,1200.0
2025-02-19,78893.74101533207,48898.91252407541,197.0367578751248,659.8363546581758,49558.74887873358,23180.00506363102,19129.789425189396,2161.234751432239,2161.234751432239,0.0,1593.3170262758538,1200.0,X_uniform75,1200.0
2025-02-20,78940.4340290658,48697.71083643177,46.74594334746325,217.36125947285123,48915.07209590462,22680.670100134288,18173.37148585543,3486.7476248010666,3402.483891467733,84.26373333333333,1200.0,1419.9681058370422,X_uniform75,1200.0
2025-02-21,34757.797938628275,18219.475353192378,0.0,0.0,18219.475353192378,18076.91223237339,14758.603255607199,5879.226928528753,536.6265472051134,5342.600381323639,1419.9681058370422,1290.7410531873152,X_uniform75,1200.0
2025-02-22,35020.44270759793,18303.709267280392,0.0,0.0,18303.709267280392,18156.536049879098,14543.673257268303,3562.817031653809,268.7403729812518,3294.076658672557,1290.7410531873152,1471.9865455581653,X_uniform75,1200.0
2025-02-23,77869.29728534078,47907.36238918282,41.23699762081503,187.3417310499898,48094.704120232804,23310.03716127181,18697.245428802606,1765.888867159056,1765.888867159056,0.0,1471.9865455581653,1676.3028475887925,X_uniform75,1200.0
2025-02-24,76481.73458127613,47039.25895203673,51.60330163859885,233.57225429436176,47272.831206331095,21496.14182445737,17605.138247690375,4439.300689481074,3471.798789481075,967.5018999999999,1676.3028475887925,1461.5657699444505,X_uniform75,1200.0
2025-02-25,76904.3968383572,47363.39253513341,93.29536666666661,417.14375896666644,47780.53629410008,20625.222111648698,16730.341031108375,7281.487891150214,5735.64815781688,1545.839733333334,1461.5657699444505,1434.9978580856407,X_uniform75,1200.0
2025-02-26,76299.64760547067,46960.406458083315,12.319999999999936,56.04983999999971,47016.456298083314,22214.204770683707,17524.62513041722,2807.5399318708505,2202.3131652041834,605.226766666667,1434.9978580856407,1955.9764512373936,X_uniform75,1200.0
2025-02-27,74537.45054422288,45860.38706837442,234.38826893100048,1145.2058850045587,47005.592953378975,22766.392172069238,18719.982371788523,3768.844812873173,3262.2812128731744,506.5635999999984,1955.9764512373936,1645.7489930013444,X_uniform75,1200.0
2025-02-28,33677.795584510415,17589.220589331933,0.0,0.0,17589.220589331933,17327.064479859993,14225.729970939245,7283.867525589667,663.502375275875,6620.365150313793,1645.7489930013444,1433.7403904984103,X_uniform75,1200.0
2025-03-01,33975.66433636989,17729.042541954008,0.0,0.0,17729.042541954008,16575.522791875002,13296.582987555854,7037.958598717406,221.816931288799,6816.1416674286065,1433.7403904984103,1577.729805901628,X_uniform75,1200.0
2025-03-02,74080.04611357128,45339.640941682876,3771.338612376076,25509.648367470672,70849.28930915355,20544.152520501364,16672.84456422088,1621.7697030002087,1621.7697030002087,0.0,1577.729805901628,1542.084225218546,X_uniform75,1200.0
2025-03-03,74775.46308371708,45928.97073600418,2393.345948596375,14583.701922880371,60512.67265888455,22445.569194475032,18302.887241331886,1008.9804458369832,1008.9804458369832,0.0,1542.084225218546,1406.5551209884325,X_uniform75,1200.0
2025-03-04,76757.32849671115,47216.00443184382,0.0,0.0,47216.00443184382,22866.53405156544,18285.004048831757,2976.340560644137,2526.2456106441364,450.0949500000004,1406.5551209884325,1669.764602028704,X_uniform75,1200.0
2025-03-05,77505.15425636577,47733.92921917517,3.2866666666666333,14.95268999999985,47748.881909175165,20650.768001964487,16728.892695967977,7456.093600369265,6830.095933702598,625.9976666666671,1669.764602028704,1667.7972527212119,X_uniform75,1200.0
2025-03-06,76857.996673744,47504.629541155125,0.0,0.0,47504.629541155125,20135.495312205967,16343.26256991339,7125.109798118087,5888.553498118087,1236.5562999999997,1667.7972527212119,1630.5624004694932,X_uniform75,1200.0
2025-03-07,33190.03553111497,17435.79826782732,0.0,0.0,17435.79826782732,15582.919473620665,12589.461390395278,9274.29191455625,740.3039746210867,8533.987939935165,1630.5624004694932,1666.89949295556,X_uniform75,1200.0
2025-03-08,31988.504427158805,16960.989366605583,0.0,0.0,16960.989366605583,16049.627335330086,12793.341375162412,9669.078950324463,857.1124663290946,8811.96648399537,1666.89949295556,1896.7403445721789,X_uniform75,1200.0
2025-03-09,73956.08339432445,45327.82600642762,0.0,0.0,45327.82600642762,21165.998120623266,17019.074039314437,6475.634263015623,5443.749366337081,1031.884896678543,1896.7403445721789,2036.0563872281868,X_uniform75,1200.0
2025-03-10,72104.63165158074,44257.77883127455,89.28886372200158,443.68913520220485,44701.467966476754,21757.911587481776,17913.597205993752,307.5346838147183,307.5346838147183,0.0,2036.0563872281868,1714.1799204131735,X_uniform75,1200.0
2025-03-11,72557.76919890432,44214.1033640353,0.0,0.0,44214.1033640353,20836.42217822307,16576.127064102446,4358.5552847837,3375.5146977961945,983.0405869875053,1714.1799204131735,2049.0409207001035,X_uniform75,1200.0
2025-03-12,71373.9269299829,43607.74754529521,0.0,0.0,43607.74754529521,20194.696847384963,16806.949468831725,5550.644868096333,4017.4983514296664,1533.1465166666665,2049.0409207001035,1549.8797846446528,X_uniform75,1200.0
2025-03-13,70910.70221045347,43113.32072150504,1314.3196478270359,7964.992649398003,51078.313370903044,21316.75059354894,17253.306329684598,615.9595777494969,615.9595777494969,0.0,1549.8797846446528,1564.6149525224705,X_uniform75,1200.0
2025-03-14,30233.963616892815,15922.268112861895,127.75022927793113,475.753416058586,16398.021528920483,15683.007863086292,12679.377350282328,11328.657350033447,600.1138833667778,10728.54346666667,1564.6149525224705,1591.1249734308826,X_uniform75,1200.0
2025-03-15,31040.324400100206,16263.608991423713,0.0,0.0,16263.608991423713,15325.696605471283,12745.011184474592,7535.513829103515,693.2876674295574,6842.226161673958,1591.1249734308826,1223.1283800499352,X_uniform75,1200.0
2025-03-16,71463.71907293033,43265.92054444039,1.6399999999999864,7.461179999999938,43273.3817244404,22055.83525842379,17152.115597483236,3210.5924786564415,3030.3351953231077,180.2572833333336,1223.1283800499352,2015.4738932055325,X_uniform75,1200.0
2025-03-17,70676.09577894199,42920.51722438274,0.0,0.0,42920.51722438274,19006.057356360085,15383.449946227573,9195.35693547615,6982.264102142816,2213.0928333333336,2015.4738932055325,2028.2033514545317,X_uniform75,1200.0
2025-03-18,68751.58624648047,41679.96253730948,289.1892080622623,1402.2418493635498,43082.20438667304,21399.951862485712,17693.496469014415,4208.361694404774,3103.1359777381076,1105.225716666667,2028.2033514545317,1628.7195065645342,X_uniform75,1200.0
2025-03-19,69621.5438150877,42166.83504036218,0.0,0.0,42166.83504036218,21733.634117403082,17141.2066804494,5563.645928134021,4046.1322281340213,1517.5136999999997,1628.7195065645342,2143.2050117279787,X_uniform75,1200.0
2025-03-20,68776.91377950103,41913.95158242685,0.0,0.0,41913.95158242685,20891.35865399791,17099.33544228483,2775.928751121287,1892.4677197369906,883.4610313842965,2143.2050117279787,1946.1661977873944,X_uniform75,1200.0
2025-03-21,29214.808096220866,15349.242951507122,180.48644158139564,647.8550800793272,15997.098031586449,14600.529148048283,12497.978187927762,15259.279061015077,990.4602943484113,14268.818766666665,1946.1661977873944,1200.0,X_uniform75,1200.0
2025-03-22,31100.115778432624,16248.131269880641,0.0,0.0,16248.131269880641,15443.691299093647,11676.345983909561,11451.570729915204,599.8011915075949,10851.769538407609,1200.0,2125.6044092847674,X_uniform75,1200.0
2025-03-23,66292.33392250355,40013.1473603514,0.0,0.0,40013.1473603514,20962.421282780855,17275.558453618036,3835.7509766740513,2821.804098689442,1013.946877984609,2125.6044092847674,1796.718615323059,X_uniform75,1200.0
2025-03-24,65865.15498769317,39876.20315614231,0.0,0.0,39876.20315614231,21329.119051446523,17373.128072585427,3910.6669254987355,1806.5061052332842,2104.1608202654515,1796.718615323059,1689.4501254189022,X_uniform75,1200.0
2025-03-25,65548.08286657685,39543.388110440224,141.2120483103559,681.7877927197493,40225.17590315998,21766.51663630594,17900.55352590361,873.2070878182013,786.0900472349028,87.11704058329852,1689.4501254189022,1389.8111804235634,X_uniform75,1200.0
2025-03-26,65935.77370540798,39657.28964206,0.0,0.0,39657.28964206,20820.448561855468,16760.716386161934,6283.486663047774,3755.7480130477734,2527.7386500000002,1389.8111804235634,1505.1966792468954,X_uniform75,1200.0
2025-03-27,65754.0120805836,39699.131293724866,0.0,0.0,39699.131293724866,21002.220430881058,16855.810386648212,2890.6126363507688,2254.9399288637424,635.6727074870261,1505.1966792468954,1678.5168596529425,X_uniform75,1200.0
2025-03-28,29270.24605776603,15179.95233592195,0.0,0.0,15179.95233592195,14850.923246429236,12072.96741532529,15670.409459995422,799.8348191876335,14870.574640807788,1678.5168596529425,1629.9395421889308,X_uniform75,1200.0
2025-03-29,29313.450898100156,15021.220472779642,0.0,0.0,15021.220472779642,14236.962974688344,11617.52043763411,18986.79917771259,254.83623545829442,18731.962942254293,1629.9395421889308,1534.8501775927684,X_uniform75,1200.0
2025-03-30,63749.19013287544,38419.20032385964,0.0,0.0,38419.20032385964,21057.03242855717,16621.764103136175,3968.302107454445,2003.705989769784,1964.5961176846608,1534.8501775927684,2017.5525820318117,X_uniform75,1200.0
2025-03-31,62230.128861652294,37553.282609233924,150.81145909583756,1052.0607386525628,38605.34334788648,19279.044971826825,15922.537391206488,2073.043256794461,1126.924240127794,946.1190166666668,2017.5525820318117,1676.9848442243062,X_uniform75,1200.0
2025-04-01,62829.34376989903,37878.610977919874,1123.8179267032615,7734.947756982627,45613.5587349025,18917.696682957,15351.32971852918,177.94321550780478,177.94321550780478,0.0,1676.9848442243062,1645.8788382976286,X_uniform75,1200.0
2025-04-02,62637.598698292866,37568.529842033335,1950.9265316583298,10651.202897343002,48219.73273937633,20673.822348464048,16857.768596862912,337.1360783500603,337.1360783500603,0.0,1645.8788382976286,1521.4649554009234,X_uniform75,1200.0
2025-04-03,64302.95206468074,38426.00288139884,0.0,0.0,38426.00288139884,21422.18015555904,17276.239125910062,4293.480768365103,2394.821127067378,1898.6596412977256,1521.4649554009234,1605.6058443928732,X_uniform75,1200.0
2025-04-04,28399.132835795957,14434.844529809236,0.0,0.0,14434.844529809236,14130.110748204495,11585.769034027593,19423.988871619054,595.1917720973456,18828.797099521707,1605.6058443928732,1449.6288133018197,X_uniform75,1200.0
2025-04-05,29553.135020891063,15048.129044486066,0.0,0.0,15048.129044486066,13838.456966788914,11153.72473719937,14824.287807968183,490.5207424736213,14333.767065494561,1449.6288133018197,1511.2125976347688,X_uniform75,1200.0
2025-04-06,64865.19907343201,38624.19297463546,0.0,0.0,38624.19297463546,20349.038630458315,16263.54574329452,6369.629919601549,3184.5764196015493,3185.0534999999995,1511.2125976347688,1754.7409836088887,X_uniform75,1200.0
2025-04-07,63418.97644111695,37819.8985235971,0.0,0.0,37819.8985235971,19253.450001172492,15790.393321639405,6713.200478250527,4150.266911583861,2562.9335666666675,1754.7409836088887,1537.9645161759038,X_uniform75,1200.0
2025-04-08,64066.87931771404,38208.30954067896,0.0,0.0,38208.30954067896,21101.50071204302,17196.19123025101,5808.37621925536,3471.0475907904056,2337.328628464955,1537.9645161759038,1422.436012291278,X_uniform75,1200.0
2025-04-09,63451.169263674594,37963.796469914014,700.2598607624143,4881.87335980824,42845.669829722254,20179.594210315223,16389.284379588546,1226.8082770436617,1226.8082770436617,0.0,1422.436012291278,1373.7548242543646,X_uniform75,1200.0
2025-04-10,63616.22726054373,37990.84580242385,0.0,0.0,37990.84580242385,21319.448747862767,16802.210554242116,4638.351166923079,3032.4556782804557,1605.8954886426234,1373.7548242543646,1892.135859284052,X_uniform75,1200.0
2025-04-11,28089.38108612367,14311.221044772723,0.0,0.0,14311.221044772723,13369.726895570235,11199.125546031853,20602.129569918623,642.0665403389677,19960.063029579655,1892.135859284052,1481.417236372982,X_uniform75,1200.0
2025-04-12,29270.373240138462,14907.88463795483,0.0,0.0,14907.88463795483,13314.886815415744,10356.821713713125,17287.147588435844,572.7730695666314,16714.374518869212,1481.417236372982,1957.2356883436812,X_uniform75,1200.0
2025-04-13,60966.354825450464,36429.3531873102,0.0,0.0,36429.3531873102,20154.648967931356,16434.19816972495,2969.545543910725,1972.8720523320962,996.6734915786287,1957.2356883436812,1836.1995708986262,X_uniform75,1200.0
2025-04-14,60736.03388007,36085.72994957957,0.0,0.0,36085.72994957957,19927.592088641122,16309.874386982689,4590.284378411561,2378.821518187647,2211.4628602239136,1836.1995708986262,1648.949798472647,X_uniform75,1200.0
2025-04-15,61795.74376766081,36937.942890234786,0.0,0.0,36937.942890234786,19154.988007079104,15178.645418113978,7679.972345362349,4357.781309148356,3322.1910362139934,1648.949798472647,2023.2774291616502,X_uniform75,1200.0
2025-04-16,60574.55796481887,36226.401481978915,0.0,0.0,36226.401481978915,19534.097971777257,16055.208839029608,1316.076882071225,1110.5020014718827,205.57488059934224,2023.2774291616502,1764.844671506064,X_uniform75,1200.0
2025-04-17,60521.34000574609,36172.073028375205,0.0,0.0,36172.073028375205,19815.5866541112,15942.335163103067,3779.746164737958,1835.521264737958,1944.2249000000002,1764.844671506064,1885.1669234249537,X_uniform75,1200.0
2025-04-18,27361.365003541727,13762.19992894166,0.0,0.0,13762.19992894166,13354.699073718724,10659.568900942311,18312.11764743198,598.7459775411141,17713.371669890865,1885.1669234249537,2060.4306442803527,X_uniform75,1200.0
2025-04-19,26507.85829811282,13326.796538368835,0.0,0.0,13326.796538368835,12733.115406161456,10514.811146880491,17504.874788831854,544.5460818083179,16960.328707023535,2060.4306442803527,1837.1110132917793,X_uniform75,1200.0
2025-04-20,59625.90345967467,35523.171196453484,0.0,0.0,35523.171196453484,20253.6358011536,16154.711656625637,3569.2344318133755,1503.503910002675,2065.730521810701,1837.1110132917793,2115.7036158570836,X_uniform75,1200.0
2025-04-21,59756.62083206832,35627.374570486994,0.0,0.0,35627.374570486994,18049.10495068073,14995.064738238943,8185.670236293202,3530.887150248653,4654.783086044548,2115.7036158570836,1698.7150289820233,X_uniform75,1200.0
2025-04-22,58669.84144176248,35187.29989400005,0.0,0.0,35187.29989400005,19167.15002253297,15499.425130807134,2849.1872333699766,1044.9977609568298,1804.1894724131469,1698.7150289820233,1727.5665705871083,X_uniform75,1200.0
2025-04-23,59721.8488041582,35519.442694776364,0.0,0.0,35519.442694776364,18793.802410738637,14891.696171598325,4419.825848351227,2346.2656369597735,2073.560211391454,1727.5665705871083,2095.6596606981875,X_uniform75,1200.0
2025-04-24,58199.908539242584,34797.90378019047,0.0,0.0,34797.90378019047,17806.572545306757,14755.392579959274,8058.621873895101,2772.821013812795,5285.800860082305,2095.6596606981875,1726.694307075079,X_uniform75,1200.0
2025-04-25,25626.96018856527,12622.280741523608,15.400825195835374,32.88846220570644,12655.169203729314,12416.14165594698,10520.484390990428,21746.34609880455,373.2515179321547,21373.0945808724,1726.694307075079,1211.7946963268882,X_uniform75,1200.0
2025-04-26,26627.375297740997,13040.433211693962,0.0,0.0,13040.433211693962,13158.520149613307,10527.968250223083,23926.62976501744,109.88668646236863,23816.743078555068,1211.7946963268882,1356.720330731,X_uniform75,1200.0
2025-04-27,56022.18329947114,33057.33195225213,757.7240089481168,5274.809232958907,38332.14118521103,20259.495336894804,16197.222379893034,4144.163168084151,1671.5716802240659,2472.5914878600847,1356.720330731,1593.3523784996198,X_uniform75,1200.0
2025-04-28,56928.95233796658,33960.448778479826,3770.6968113256844,25504.278800111235,59464.72757859106,16199.595795128602,13031.228756618788,909.314794115778,909.314794115778,0.0,1593.3523784996198,1693.8455312055999,X_uniform75,1200.0
2025-04-29,57570.764067564036,34181.59034665478,332.13522473765886,2316.9753277699083,36498.56567442469,18369.42809865085,14701.282599931106,6801.540076915284,2401.7291341169266,4399.810942798357,1693.8455312055999,1891.5723756234627,X_uniform75,1200.0
2025-04-30,56706.83584511398,33854.83931116238,0.0,0.0,33854.83931116238,18121.00562889613,14949.722188328336,5278.697971212851,2616.3905480679123,2662.307423144939,1891.5723756234627,1589.6750101540515,X_uniform75,1200.0
2025-05-01,55636.3056386997,33444.95827263811,2310.11736213722,12302.070671867541,45747.02894450565,19680.36799343702,16285.760204327866,3540.436411727765,871.2972646849296,2669.1391470428352,1589.6750101540515,1206.7170883275112,X_uniform75,1200.0
2025-05-02,26396.321701380424,13286.307492537611,2265.942224258399,11408.083054013412,24694.39054655102,13225.502183486858,10718.702148119119,11865.14380693775,9.894456937749396,11855.24935,1206.7170883275112,1200.0,X_uniform75,1200.0
2025-05-03,27349.4332713893,13759.746070827126,1116.930297818207,5945.081025166071,19704.827095993198,13245.199776452608,10728.611818926614,17082.603961681518,99.26571466592321,16983.338247015592,1200.0,1200.0,X_uniform75,1200.0
2025-05-04,58985.01782976864,35289.64431513728,1159.701224380308,6379.692453625809,41669.33676876309,17963.91068122712,14507.14465319574,4953.285692784235,2000.562242784236,2952.7234499999995,1200.0,1248.46999844248,X_uniform75,1200.0
2025-05-05,59874.50760903481,35797.11629438545,1155.472608743921,6860.278898664568,42657.39519305002,20440.061894369243,16589.374617766185,2103.286141175666,2103.286141175666,0.0,1248.46999844248,1211.8872391901518,X_uniform75,1200.0
2025-05-06,58988.37089331007,35369.520930430044,1291.582540322552,6230.761261174358,41600.2821916044,20613.873884853874,16707.936362002776,3503.9335441148633,1903.3594333748492,1600.5741107400136,1211.8872391901518,1200.0,X_uniform75,1200.0
2025-05-07,59970.309693549185,35904.55340434915,1507.8351386782995,9301.594985407011,45206.14838975616,19620.564823910227,15793.692185394872,2583.4262437121297,829.9978012674766,1753.428442444653,1200.0,1309.9614688582258,X_uniform75,1200.0
2025-05-08,63612.25464894329,39394.50229960654,35.99924999999996,243.22893262499974,39637.731232231534,20064.847377656788,15073.613895198027,2830.508016484536,2132.552096236975,697.9559202475607,1309.9614688582258,2619.864225195976,X_uniform75,1200.0
2025-05-09,28850.99460154752,15965.96382067135,0.0,0.0,15965.96382067135,12891.695976552444,10152.40771459885,17612.320489593927,761.0097462286499,16851.310743365277,2619.864225195976,2941.937587872234,X_uniform75,1200.0
2025-05-10,28694.224374025292,15959.502111536774,0.0,0.0,15959.502111536774,11578.013443674437,9599.471589211404,14594.637236228922,564.0534433045807,14030.583792924343,2941.937587872234,2696.070143611,X_uniform75,1200.0
2025-05-11,63170.638483031296,38978.855469049144,39.06051620074743,263.10799182619127,39241.96346087534,18242.481678741868,14576.871506199255,4060.0097433561027,2350.807770095387,1709.201973260716,2696.070143611,2917.779758701733,X_uniform75,1200.0
2025-05-12,63744.01522927879,39246.51577890386,0.0,0.0,39246.51577890386,15899.880581457366,12873.909468642736,8786.848883130824,5476.214916464157,3310.633966666667,2917.779758701733,2923.3284279658733,X_uniform75,1200.0
2025-05-13,63435.23733639141,39030.412828867855,0.0,0.0,39030.412828867855,17900.799775557098,14551.40616660542,6956.630960773061,4341.166507347409,2615.4644534256518,2923.3284279658733,2865.8191519612424,X_uniform75,1200.0
2025-05-14,63730.01629741974,39314.635671912416,0.0,0.0,39314.635671912416,17356.34087877633,14059.328731743666,7418.855367053745,4580.221105588552,2838.6342614651935,2865.8191519612424,2865.049574255868,X_uniform75,1200.0
2025-05-15,62474.092608648054,38553.41455766759,0.0,0.0,38553.41455766759,18038.886824489487,14359.24272933002,6029.390230155252,3534.7164209397383,2494.673809215513,2865.049574255868,3145.333572596384,X_uniform75,1200.0
2025-05-16,26597.33382193782,14827.481133745883,0.0,0.0,14827.481133745883,10761.31608067032,9785.194430038846,22905.705637973013,976.2652661982888,21929.440371774726,3145.333572596384,1958.079789600954,X_uniform75,1200.0
2025-05-17,29002.921534614703,15812.243363983403,0.0,0.0,15812.243363983403,12601.398315952241,9739.647782197575,15692.371917526703,389.97857688367134,15302.393340643031,1958.079789600954,2477.507404849557,X_uniform75,1200.0
2025-05-18,61645.38516719583,38134.49712176861,0.0,0.0,38134.49712176861,18964.69006685709,14746.325853270293,3750.8528536090353,3241.597218047958,509.2556355610774,2477.507404849557,3160.921961387281,X_uniform75,1200.0
2025-05-19,60125.83221696724,37106.10135192819,67.00333333333333,451.90398166666665,37558.005333594854,16172.390995637943,13842.478287604128,10347.70629226676,5182.299885426143,5165.406406840617,3160.921961387281,2335.542426790174,X_uniform75,1200.0
2025-05-20,60475.29179038957,37300.332157430654,0.0,0.0,37300.332157430654,17642.301962614478,14318.691624039719,2624.2866351481466,1796.1949435843596,828.091691563787,2335.542426790174,2303.956833099078,X_uniform75,1200.0
2025-05-21,61042.00318833798,37561.302176064884,0.0,0.0,37561.302176064884,17137.368469719255,13721.503559682755,6263.522994968145,2594.4996035933145,3669.02339137483,2303.956833099078,2481.473389532244,X_uniform75,1200.0
2025-05-22,59727.75620798567,36744.55059809663,2.5699999999999363,17.33336499999957,36761.88396309663,18091.868802620167,14360.817760982234,5182.644349681074,2372.4931830144074,2810.1511666666665,2481.473389532244,2807.6911330212506,X_uniform75,1200.0
2025-05-23,26708.402563982916,14766.280472786377,70.54268365009402,294.3614351870469,15060.641907973424,11898.450430896199,9626.098235785234,18085.644169188712,698.2766358553779,17387.367533333334,2807.6911330212506,2820.631814399795,X_uniform75,1200.0
2025-05-24,27841.90929266879,15496.42559609406,0.0,0.0,15496.42559609406,11219.736263505054,8843.418099457529,21711.089745287936,1041.7279748940318,20669.361770393905,2820.631814399795,3092.37434104598,X_uniform75,1200.0
2025-05-25,59761.886420571616,36732.68936668816,0.0,0.0,36732.68936668816,16586.339173477845,13626.562476401197,8257.099540161635,4230.285740664066,4026.8137994975687,3092.37434104598,2879.454623396926,X_uniform75,1200.0
2025-05-26,58203.706894013565,36171.3617100132,0.0,0.0,36171.3617100132,17870.26187286109,15029.02109372814,782.6331648806147,782.6331648806147,0.0,2879.454623396926,2263.7779826073092,X_uniform75,1200.0
2025-05-27,60338.04364285218,37263.67590703298,0.0,0.0,37263.67590703298,17655.64953522903,13924.488885417471,7216.51569304062,3948.85939304062,3267.6562999999996,2263.7779826073092,2682.2082471829153,X_uniform75,1200.0
2025-05-28,58992.26121482836,36496.53969419105,0.0,0.0,36496.53969419105,18599.26540841718,14894.586294634439,3013.7580010456145,1865.438447753299,1148.3195532923153,2682.2082471829153,2872.006787386785,X_uniform75,1200.0
2025-05-29,58630.91122258074,36124.34173090164,17.817433333333383,119.77769558333367,36244.11942648497,18929.493086970386,15659.411047470252,1268.523116413937,1129.5290754819005,138.99404093203654,2872.006787386785,2509.20495735986,X_uniform75,1200.0
2025-05-30,26796.263657204978,14631.285894684059,0.0,0.0,14631.285894684059,12001.93927148169,9685.02762156062,17883.118740617243,0.0,17883.118740617243,2509.20495735986,2549.808499959363,X_uniform75,1200.0
2025-05-31,27176.966161838624,14745.025256444045,0.0,0.0,14745.025256444045,12163.138208828697,9809.82555479532,16434.471957805246,616.1550356885118,15818.316922116735,2549.808499959363,2596.8267159103916,X_uniform75,1200.0
2025-06-01,60253.00612457231,36851.740358642164,12126.484087436962,73407.98965970919,110259.73001835136,12371.806245862206,11278.307103467741,61.164769614806346,61.164769614806346,0.0,2596.8267159103916,1200.0,X_uniform75,1200.0
2025-06-02,63955.0004234454,38699.22658090054,8804.796657149127,54129.662468959505,92828.88904986004,18562.276684966182,15035.444114822605,592.157060450951,592.157060450951,0.0,1200.0,1200.0,X_uniform75,1200.0
2025-06-03,66514.25450460355,40235.229706313505,5630.838509364839,33292.85712881192,73528.08683512543,19533.659326775913,15822.264054688492,241.33090854763293,241.33090854763293,0.0,1200.0,1200.0,X_uniform75,1200.0
2025-06-04,68503.00113757743,41347.546196862706,4867.128586489628,29235.033770605787,70582.57996746848,19260.16376307323,15600.732648089313,65.43779241648201,65.43779241648201,0.0,1200.0,1200.0,X_uniform75,1200.0
2025-06-05,70440.29223278332,42757.06194576369,4821.542833812392,26931.29673281502,69688.3586785787,21031.80364657589,17035.76095372646,116.47435707962711,116.47435707962711,0.0,1200.0,1200.0,X_uniform75,1200.0
2025-06-06,30140.204295142674,16458.788551959355,5363.866180469842,28428.429120243985,44887.21767220334,13066.60916989044,10583.953427611263,2166.419333333338,0.0,2166.419333333338,1200.0,1200.0,X_uniform75,1200.0
2025-06-07,32671.352427906095,17951.959579987026,1819.5447604190338,10346.50868767834,28298.468267665365,13735.98155143062,11092.075896438819,720.4783666666632,0.0,720.4783666666632,1200.0,1237.8546224666418,X_uniform75,1200.0
2025-06-08,87502.38570730708,54796.438520235264,0.0,0.0,54796.438520235264,18979.60133667166,13082.476632347698,16420.33773631645,15274.759419649787,1145.578316666666,1237.8546224666418,3783.4106784181417,X_uniform75,1200.0
2025-06-09,82961.0449536042,52731.546396487734,4.209563978784672,28.391404254913223,52759.93780074264,18789.49617191004,15802.891398812038,9045.937011151647,8377.018177818314,668.9188333333332,3783.4106784181417,3135.1890122349155,X_uniform75,1200.0
2025-06-10,83890.12335062012,53258.07798695258,3.0638551403850443,20.716256531713476,53278.79424348429,19827.23194061463,16200.649509695992,8648.160541508534,8356.9508581752,291.2096833333334,3135.1890122349155,2978.976081348094,X_uniform75,1200.0
2025-06-11,84987.98866719344,53628.199124955536,498.9045328417235,2408.056401970194,56036.25552692573,23159.389460216502,18545.556522745963,4788.613945897953,4788.613945897953,0.0,2978.976081348094,3216.2526813807617,X_uniform75,1200.0
2025-06-12,86019.73742878991,54781.455985091205,0.0,0.0,54781.455985091205,20085.74943589407,15890.784341680619,9372.380901243128,9126.589851243129,245.79105000000004,3216.2526813807617,3637.0001273736275,X_uniform75,1200.0
2025-06-13,38336.21980223922,23239.93884854434,0.0,0.0,23239.93884854434,11984.8593757213,10028.745916072961,8034.792642590882,2602.6140256215585,5432.178616969323,3637.0001273736275,3280.3225476639527,X_uniform75,1200.0
2025-06-14,38820.43907663891,23329.412082585917,0.0,0.0,23329.412082585917,11878.864184707318,9514.371900911003,10262.6040428426,2170.494023901272,8092.110018941328,3280.3225476639527,3399.775979554978,X_uniform75,1200.0
2025-06-15,84918.60147367806,53842.88063875233,0.0,0.0,53842.88063875233,20538.908294804092,16013.003888339004,9765.722733879637,9744.33170679346,21.391027086176223,3399.775979554978,4092.566902279776,X_uniform75,1200.0
2025-06-16,84487.49528706566,54133.11449672893,0.0,0.0,54133.11449672893,19759.410359344336,16612.89851386348,8646.93062491814,8646.93062491814,0.0,4092.566902279776,3417.2600991746967,X_uniform75,1200.0
2025-06-17,85062.08959292244,54084.74923548914,16.320981057668632,110.02789380027309,54194.77712928941,20609.206464057257,17145.187878310146,6977.3807715663315,6965.531604899665,11.849166666666747,3417.2600991746967,2915.337163148288,X_uniform75,1200.0
2025-06-18,86769.60755542754,55158.84117393905,0.0,0.0,55158.84117393905,18512.49430766725,14589.874626957113,11918.596974717402,11829.924074717403,88.67289999999969,2915.337163148288,3365.61023231869,X_uniform75,1200.0
2025-06-19,85046.51828100542,54180.33436857238,53.10440220896044,357.4746848004188,54537.8090533728,18786.490140330832,15428.893365841306,13482.521708724864,12105.115145729675,1377.4065629951892,3365.61023231869,3130.2365076816504,X_uniform75,1200.0
2025-06-20,36914.22776746277,22257.442775067157,0.0,0.0,22257.442775067157,11246.785815788375,9335.710500577816,12602.571602252207,2810.1321760574574,9792.43942619475,3130.2365076816504,2879.3320745824994,X_uniform75,1200.0
2025-06-21,36536.52819636865,21835.627126014035,0.0,0.0,21835.627126014035,12757.742282171626,9481.009742675424,13925.055256872449,2201.068339388378,11723.986917484071,2879.3320745824994,3826.8448588976016,X_uniform75,1200.0
2025-06-22,82084.60347928277,51740.04444494446,0.0,0.0,51740.04444494446,18390.202764903188,15202.739214591675,11439.798828971261,10824.177395637927,615.6214333333329,3826.8448588976016,3486.0948866530575,X_uniform75,1200.0
2025-06-23,82150.07437070888,51889.097597185355,0.0,0.0,51889.097597185355,19061.122497095897,15899.844076773601,11927.50995038658,11042.818417053246,884.6915333333336,3486.0948866530575,2974.611715402032,X_uniform75,1200.0
2025-06-24,81287.38787580462,51231.51510887576,1641.1056729785278,7924.388104955052,59155.90321383081,22661.58025926644,18135.596473201473,2133.7175127181754,2133.7175127181754,0.0,2974.611715402032,3219.3712007401946,X_uniform75,1200.0
2025-06-25,81470.40194230065,51398.92255964046,0.0,0.0,51398.92255964046,20541.190063854687,16777.96870572592,7269.75921750522,7225.371450838553,44.38776666666672,3219.3712007401946,3064.25480740284,X_uniform75,1200.0
2025-06-26,81978.36827233547,51929.49019410108,11.781312687331138,79.65934573538948,52009.14953983647,19621.75540670172,16038.02019612585,10859.030541113594,10556.368974446927,302.66156666666654,3064.25480740284,2903.812233294552,X_uniform75,1200.0
2025-06-27,33664.10045349127,20107.607963330356,0.0,0.0,20107.607963330356,12438.688356095206,10155.132559738044,11608.898790467443,1752.7323790995595,9856.166411367883,2903.812233294552,2815.151131849076,X_uniform75,1200.0
2025-06-28,34952.12927585751,20439.879700681275,0.0,0.0,20439.879700681275,12113.392206839633,9652.58988753369,10714.400839884898,1201.8872711867002,9512.513568698198,2815.151131849076,2992.104242967314,X_uniform75,1200.0
2025-06-29,81449.01964565503,50889.239723333914,0.0,0.0,50889.239723333914,20360.40199933636,15765.179829981143,7586.028942966483,7528.548542966482,57.480400000000145,2992.104242967314,3799.5995646132174,X_uniform75,1200.0
2025-06-30,79819.75480243452,50478.78632965385,41.872510097682266,281.9276104876947,50760.71394014155,18566.05935393383,16038.859075733924,7456.743050998964,7333.779884332297,122.96316666666701,3799.5995646132174,2688.0984545604156,X_uniform75,1200.0
2025-07-01,80997.1992066466,50753.00751884166,2705.121552483006,13726.927280908973,64479.934799750634,20860.570192060935,18236.350464673735,2211.556998409078,2211.556998409078,0.0,2688.0984545604156,1200.0,X_uniform75,1200.0
2025-07-02,81338.67108404658,50588.28768886016,2398.3070722210678,12589.438263632092,63177.72595249225,19483.294883939925,15781.468855991334,7130.385761652401,5902.369688521494,1228.0160731309074,1200.0,1200.0,X_uniform75,1200.0
2025-07-03,80084.15797520892,49833.425991140866,4139.354490688143,23334.821363955496,73168.24735509636,21665.10809603393,17548.737557787474,346.72299431727504,346.72299431727504,0.0,1200.0,1200.0,X_uniform75,1200.0
2025-07-04,35186.405229763826,20365.775200000768,6193.389201452124,24228.838450493346,44594.61365049411,13290.09342243007,10764.97567216836,9973.80921428757,212.8196809542338,9760.989533333337,1200.0,1200.0,X_uniform75,1200.0
2025-07-05,37403.905214306025,21225.962638953977,4261.412918362928,21775.668711188213,43001.63135014219,13218.674733345382,10707.12653400976,10363.689966666665,0.0,10363.689966666665,1200.0,1200.0,X_uniform75,1200.0
2025-07-06,76015.01552141602,46521.05735704156,7961.7162762857115,50768.80719897858,97289.86455602014,20375.791420533926,16504.391050632472,311.34987780028564,311.34987780028564,0.0,1200.0,1200.0,X_uniform75,1200.0
2025-07-07,76581.17335156778,47290.70117417272,2264.3483038316763,12248.617746159687,59539.3189203324,21110.597102125026,17051.28113141411,1376.7229180218783,1376.7229180218783,0.0,1200.0,1253.6694681190666,X_uniform75,1200.0
2025-07-08,91320.26353093403,57904.095429072346,41.906425470380555,282.1559626920723,58186.25139176442,21932.861837909775,15890.803948017736,9748.725049845705,7980.095416512371,1768.6296333333341,1253.6694681190666,3336.7962911070454,X_uniform75,1200.0
2025-07-09,86751.37709478759,55428.31568224036,0.0,0.0,55428.31568224036,19122.16915979806,15480.956872886994,9051.439791209861,8125.482424543195,925.9573666666668,3336.7962911070454,3345.685342828639,X_uniform75,1200.0
2025-07-10,86819.6996095569,55553.33261889309,36.08935589645455,243.49047300116584,55796.82309189425,19099.013515320545,15763.831084795194,10666.98315159467,9354.07065159467,1312.9125000000004,3345.685342828639,3019.429634622471,X_uniform75,1200.0
2025-07-11,43392.79584720632,26976.704390305516,0.0,0.0,26976.704390305516,12792.514816469278,10842.192999880706,8923.696880617743,2322.6228915864963,6601.073989031246,3019.429634622471,2485.811858466265,X_uniform75,1200.0
2025-07-12,45646.832633769845,27654.906382076973,0.0,0.0,27654.906382076973,13219.688169807609,10290.307602902318,11633.208733531219,1108.055073583714,10525.153659947506,2485.811858466265,2949.8560969572054,X_uniform75,1200.0
2025-07-13,86796.57366804994,54805.49845452445,0.0,0.0,54805.49845452445,19983.153323245173,15224.164717843705,12769.864662648471,9649.910468959548,3119.954193688922,2949.8560969572054,4018.9555124959616,X_uniform75,1200.0
2025-07-14,84020.14563197222,53716.30020918042,8.357338007427757,56.26995680401109,53772.570165984434,16672.56637394891,14367.726446176293,9915.983825540372,8320.21744834922,1595.7663771911523,4018.9555124959616,3060.1247532985412,X_uniform75,1200.0
2025-07-15,86070.23955984965,55098.632291204936,0.0,0.0,55098.632291204936,18446.43504374793,14194.817285774474,9069.571218542866,8735.10350405328,334.4677144895852,3060.1247532985412,3889.897086255597,X_uniform75,1200.0
2025-07-16,82351.5378229696,52471.74972870412,3.326259030790766,22.473869141537808,52494.22359784566,17779.061837590143,15252.241584085867,7693.480445162785,6432.727748015254,1260.7526971475309,3889.897086255597,2944.1176466579864,X_uniform75,1200.0
2025-07-17,83713.8707755232,53283.801474842214,0.0,0.0,53283.801474842214,20748.843721123052,16555.95266104752,6800.563648781003,5530.095455107025,1270.468193673978,2944.1176466579864,3222.5740389492694,X_uniform75,1200.0
2025-07-18,41602.0378963301,25725.632445158317,0.0,0.0,25725.632445158317,11530.260040768424,10107.614168602235,8905.143924163911,1474.854309403567,7430.289614760343,3222.5740389492694,2369.1256660828103,X_uniform75,1200.0
2025-07-19,44331.815671549615,26859.425792095382,0.0,0.0,26859.425792095382,12464.625913804839,9651.980359616313,14336.351067361085,813.9331638625471,13522.417903498539,2369.1256660828103,2862.866366711263,X_uniform75,1200.0
2025-07-20,82729.23501224993,52457.67166347073,0.0,0.0,52457.67166347073,20554.49121403545,15584.427049162347,5669.192630710167,5179.943264754379,489.2493659557873,2862.866366711263,4045.87840471834,X_uniform75,1200.0
2025-07-21,82774.46408668546,53016.33632376136,0.0,0.0,53016.33632376136,19010.041057738013,15902.128296486208,5676.8019754336565,4975.145908766989,701.656066666667,4045.87840471834,3485.8839161423184,X_uniform75,1200.0
2025-07-22,84038.42170651648,53578.28000548356,0.0,0.0,53578.28000548356,19382.86817494639,16013.260030061563,6873.668944964993,6427.1074116316595,446.5615333333337,3485.8839161423184,3137.9541290812213,X_uniform75,1200.0
2025-07-23,84217.80791819617,53528.12751492903,0.0,0.0,53528.12751492903,20788.345138200748,16771.80221661938,5984.717879948128,4930.322693734135,1054.3951862139927,3137.9541290812213,3212.1289572181413,X_uniform75,1200.0
2025-07-24,83830.82800059063,53371.786404837425,0.0,0.0,53371.786404837425,19689.273847388,15567.99714616469,6093.079299367317,5468.996691873395,624.0826074939214,3212.1289572181413,3634.700813017688,X_uniform75,1200.0
2025-07-25,40585.84352459286,25217.277768721964,0.0,0.0,25217.277768721964,11315.271324678753,10477.68307349131,13242.935706738754,2095.6130597349943,11147.322647003759,3634.700813017688,2176.574923571553,X_uniform75,1200.0
2025-07-26,44166.10311699902,26914.380282629747,0.0,0.0,26914.380282629747,13346.003130390323,10114.22839442384,12465.23681436587,1799.2898130104343,10665.947001355435,2176.574923571553,2949.9461915630227,X_uniform75,1200.0
2025-07-27,82903.71823620335,52321.982295462636,495.8826833333355,2496.4404211416777,54818.42271660431,22389.422494361716,17262.39864196736,4587.387267142326,4587.387267142326,0.0,2949.9461915630227,3919.983500969273,X_uniform75,1200.0
2025-07-28,82102.23838502442,52200.975583178304,546.7702696317195,3512.8104788442856,55713.78606202259,19348.844014654103,17278.595443798375,2623.8828504670782,2623.8828504670782,0.0,3919.983500969273,2135.503732159771,X_uniform75,1200.0
2025-07-29,87300.98773357278,55147.66304693175,11.38429858189852,76.65048235192275,55224.313529283674,22237.72491735896,16629.36159599142,5634.762760787138,5634.762760787138,0.0,2135.503732159771,3672.387717792367,X_uniform75,1200.0
2025-07-30,84969.25001137445,54022.21795632515,0.0,0.0,54022.21795632515,19533.327361769025,16016.321673518625,7348.990273124044,5913.940323124043,1435.04995,3672.387717792367,3456.4693728082366,X_uniform75,1200.0
2025-07-31,84343.0598774287,53453.4206616812,0.0,0.0,53453.4206616812,19716.21967939626,16635.165835857697,6567.009767223475,6000.549033890142,566.4607333333336,3456.4693728082366,2717.5494888674248,X_uniform75,1200.0
2025-08-01,40702.86265828616,24818.83344076986,0.0,0.0,24818.83344076986,12302.663889291367,10671.475484012262,17820.31458634039,1851.9811573783072,15968.333428962085,2717.5494888674248,1932.7520069938057,X_uniform75,1200.0
2025-08-02,42803.71700417578,25654.47066131785,0.0,0.0,25654.47066131785,13049.591312482791,10191.846994113565,19018.94775247322,1466.3298730414458,17552.617879431775,1932.7520069938057,2353.1097503243545,X_uniform75,1200.0
2025-08-03,82143.92536886531,51424.464035229495,63.84106213270786,430.3872874416276,51854.85132267112,17495.789097191133,14535.041711470685,16407.539061944244,10685.345845277578,5722.193216666667,2353.1097503243545,1949.2735917178313,X_uniform75,1200.0
2025-08-04,80970.95433480162,50850.11846774783,14.06801764796785,94.71996282376753,50944.8384305716,18250.879339035437,14482.420342218014,11800.908272298826,7924.319105632159,3876.5891666666676,1949.2735917178313,2283.4868388297105,X_uniform75,1200.0
2025-08-05,74835.25120559456,47132.41063737721,40.7269473069008,274.7713158061324,47407.181953183346,18082.864365224345,15543.709332397613,7184.513386741389,3872.7242574215775,3311.7891293198113,2283.4868388297105,1287.2766204231616,X_uniform75,1200.0
2025-08-06,74528.44903591728,46799.30156526393,1388.5336211105125,8835.226624252971,55634.528189516896,19124.252935295786,15569.193835970433,4247.52429103577,2477.7422760596596,1769.7820149761105,1287.2766204231616,1200.0,X_uniform75,1200.0
2025-08-07,72886.46346455847,46125.14864506088,110.87651269259894,403.69310802190404,46528.84175308279,19652.2213880042,15819.668772767864,5776.802112014743,2602.0291843780597,3174.7729276366836,1200.0,1309.589501683935,X_uniform75,1200.0
2025-08-08,39009.8578583598,22946.537565037423,251.8639702505754,726.8847915669139,23673.422356604337,13742.981296726304,11174.450611580605,20918.019893464672,799.5441711389691,20118.475722325704,1309.589501683935,1262.216433648046,X_uniform75,1200.0
2025-08-09,38578.46897861822,22604.222067467075,419.37571931345826,1145.6384228651143,23749.86049033219,13729.45228389004,11060.068803381688,17406.53221742333,285.7075007566617,17120.824716666666,1262.216433648046,1329.7581520583183,X_uniform75,1200.0
2025-08-10,71090.09860678157,45215.16593056868,41.90256024668827,286.68960317038784,45501.855533739064,19649.948750929772,15440.050633411305,1617.4839995097934,1355.4239520714486,262.0600474383448,1329.7581520583183,1859.1002129936505,X_uniform75,1200.0
2025-08-11,71760.38754955387,45436.05780228701,236.68802365301758,1596.7518468193373,47032.80964910635,19778.370198951612,16339.452674698521,3996.904715620461,1622.6963508100619,2374.208364810399,1859.1002129936505,1504.6859757184147,X_uniform75,1200.0
2025-08-12,70507.42893525983,44457.159584876325,1680.9052950067467,11424.345894401007,55881.50547927733,19279.14895499352,15459.836850075835,608.4784753488857,491.48637226569303,116.99210308319266,1504.6859757184147,1678.3235351283322,X_uniform75,1200.0
2025-08-13,71534.00527049163,45233.68148850867,173.2812789195757,1174.73826442702,46408.41975293569,19628.2724701752,15786.798984146322,1744.8336133823277,1744.8336133823277,0.0,1678.3235351283322,1802.8809981234363,X_uniform75,1200.0
2025-08-14,71132.26210151153,44956.89178403348,645.6406540303498,4171.433695823575,49128.325479857056,20579.227804356324,16823.662258814278,2096.046226666497,1243.8131924367613,852.233034229736,1802.8809981234363,1631.2279566949342,X_uniform75,1200.0
2025-08-15,37824.93374047211,22295.38946469725,1027.309562980532,3919.668469528307,26215.05793422556,13255.978208811584,11125.447510162827,19561.985721470544,505.40342147054605,19056.5823,1631.2279566949342,1200.0,X_uniform75,1200.0
2025-08-16,38860.7241981725,22651.21549815678,466.2949800710716,2851.2648445335926,25502.48034269037,13935.313825931757,11072.888360376868,19535.313346022016,398.16691268868254,19137.146433333335,1200.0,1438.57315403095,X_uniform75,1200.0
2025-08-17,71888.86124076658,45423.63310371934,207.09231757783334,1400.9442516488746,46824.577355368216,20491.23682318411,16298.743928626345,4738.067047119986,1702.4267971199858,3035.64025,1438.57315403095,1770.9708186451476,X_uniform75,1200.0
2025-08-18,70988.4013911298,45000.64357860845,257.25052789645815,1658.7573174617955,46659.40089607025,20476.282601266314,16664.75016022426,3040.0038613175357,1549.1344182106466,1490.8694431068893,1770.9708186451476,1683.2360928689775,X_uniform75,1200.0
2025-08-19,71798.27075160477,45714.756396096476,127.94549612079766,863.3389292965686,46578.09532539304,18872.047096044116,15230.282244514172,3966.791346195615,1510.0134994213886,2456.7778467742264,1683.2360928689775,1745.542652070715,X_uniform75,1200.0
2025-08-20,71141.46518425061,45207.8528106792,3713.7013163120837,23509.824839543126,68717.67765022232,18765.54966152343,15498.51940253179,937.445174904396,937.445174904396,0.0,1745.542652070715,1413.9602335175914,X_uniform75,1200.0
2025-08-21,72430.66928501196,46122.15852918938,9.725114285802533,65.59103330059519,46187.749562489975,19019.990791909615,15176.462524025314,2752.447648080129,1502.0865752349896,1250.3610728451395,1413.9602335175914,1669.2158084303414,X_uniform75,1200.0
2025-08-22,39009.34249867192,22891.87648488617,543.6727595855914,2848.6279558579386,25740.504440744106,13790.396454932465,11419.828632125811,15951.878035450856,20.18478804707331,15931.693247403784,1669.2158084303414,1391.8741377297697,X_uniform75,1200.0
2025-08-23,40055.052859597745,23524.9517912754,0.0,0.0,23524.9517912754,13642.648956771893,11023.29942278523,14905.697175611078,177.9980287996266,14727.699146811452,1391.8741377297697,1422.1477290631021,X_uniform75,1200.0
2025-08-24,74076.97271025465,46943.42230996452,0.0,0.0,46943.42230996452,20396.004604864862,16231.305574091657,6178.684196148106,3030.7499128147733,3147.934283333333,1422.1477290631021,1743.767902228525,X_uniform75,1200.0
2025-08-25,74430.96425308158,47298.81013734983,1121.4291371218508,7745.859192321232,55044.669329671065,19732.928952382317,16068.321537912003,1114.6989590664516,1114.6989590664516,0.0,1743.767902228525,1649.7133616926092,X_uniform75,1200.0
2025-08-26,74929.03434550455,47490.008491355344,36.81681653921191,253.5946485702641,47743.6031399256,20333.8771703141,16096.318571033618,5199.4741794299425,3284.997421857384,1914.4767575725587,1649.7133616926092,2065.4044027157256,X_uniform75,1200.0
2025-08-27,74263.4711665597,47437.72540216612,0.0,0.0,47437.72540216612,20898.614042965888,17001.788252102506,2452.496509029651,1870.1522691199523,582.3442399096987,2065.4044027157256,1983.2812057155716,X_uniform75,1200.0
2025-08-28,74237.9688974999,47473.30399380477,1152.9441054736508,7959.829817396084,55433.13381120085,19618.46694922884,16151.877919512777,1156.5289899241534,1156.5289899241534,0.0,1983.2812057155716,1693.3704383406669,X_uniform75,1200.0
2025-08-29,41183.15907441392,24857.46709076765,0.0,0.0,24857.46709076765,14647.102985744277,11541.498326000217,15522.334064669856,828.5496956496311,14693.784369020224,1693.3704383406669,2051.876096621388,X_uniform75,1200.0
2025-08-30,40741.10544863463,24401.908934309195,0.0,0.0,24401.908934309195,12998.853674976523,10851.924337705434,20081.45627803021,521.1841187670764,19560.272159263135,2051.876096621388,1693.1506955386683,X_uniform75,1200.0
2025-08-31,76505.30112392888,48703.040725922256,40.03825248045803,269.9058583857105,48972.94658430797,21003.750037726913,16119.117158271205,5014.0834136202975,3006.053371988489,2008.0300416318082,1693.1506955386683,2686.3955536359995,X_uniform75,1200.0
2025-09-01,75528.9874414349,48179.86002170105,0.0,0.0,48179.86002170105,19496.65939059466,12826.149267808882,15284.342785315786,10551.618935315788,4732.723849999999,2686.3955536359995,5982.11204093911,X_uniform75,1200.0
2025-09-02,70039.97645497216,45388.70808682456,0.0,0.0,45388.70808682456,17561.55027126868,14765.05276098816,13185.723094691633,9939.714024795985,3246.009069895649,5982.11204093911,5381.893106205191,X_uniform75,1200.0
2025-09-03,69555.20550934432,44872.246671211724,0.0,0.0,44872.246671211724,15730.555947004857,13027.444104850774,11304.376417190235,7466.679997351659,3837.696419838576,5381.893106205191,5064.455564230922,X_uniform75,1200.0
2025-09-04,70270.2605099105,45276.323166588954,0.0,0.0,45276.323166588954,17624.455409159506,14340.045623127644,13060.285173878636,8487.539001883331,4572.746171995304,5064.455564230922,4993.081406777099,X_uniform75,1200.0
2025-09-05,33668.13844483522,20592.549398748088,0.0,0.0,20592.549398748088,11774.73643341898,10061.300978742236,25130.44132349181,1976.0017344081275,23154.439589083682,4993.081406777099,4411.120887140588,X_uniform75,1200.0
2025-09-06,35859.48088051555,21578.182883415946,0.0,0.0,21578.182883415946,13253.104128592187,9861.822054029773,24747.115105953133,1513.6571979869075,23233.457907966225,4411.120887140588,5381.334542840474,X_uniform75,1200.0
2025-09-07,66333.02640428858,42742.37580969994,0.0,0.0,42742.37580969994,17588.33526877503,14670.20805275281,8453.915571599706,6670.035948103699,1783.8796234960068,5381.334542840474,4910.605115012655,X_uniform75,1200.0
2025-09-08,53810.86598364135,33746.120477486285,5028.171504680775,30852.122190507624,64598.24266799391,14617.930777652311,15180.068533409763,5.605710746240675,5.605710746240675,0.0,4910.605115012655,1200.0,X_uniform75,1200.0
2025-09-09,61111.96949743138,37716.03157155949,1187.1635375898634,7114.452652214595,44830.48422377408,19802.283818624837,16039.849893086122,5433.864842815868,1462.916964476888,3970.9478783389795,1200.0,1200.0,X_uniform75,1200.0
2025-09-10,60905.108181410884,37761.49871066291,4197.354171041416,26281.665293273327,64043.16400393624,18817.578817204143,15242.238841935363,211.12372718352026,211.12372718352026,0.0,1200.0,1200.0,X_uniform75,1200.0
2025-09-11,62106.39655599038,38323.37288029869,589.5366511982515,3014.7422075416425,41338.115087840335,20831.759536524954,16680.36112901539,5048.449016345735,1479.3526185902197,3569.0963977555157,1200.0,1414.8489950775834,X_uniform75,1200.0
2025-09-12,28703.270828051096,15834.887072946607,2716.960531194864,10634.993224530566,26469.880297477175,13628.96544586714,11232.826106722205,17472.43582010102,400.1075201010268,17072.328299999997,1414.8489950775834,1200.0,X_uniform75,1200.0
2025-09-13,31625.30611716361,17201.08787085115,329.6656530252204,1893.9152187689017,19095.00308962005,14713.361959616415,11788.995257592287,21023.50358483137,29.578974402976428,20993.924610428396,1200.0,1343.1421441077855,X_uniform75,1200.0
2025-09-14,62957.65150507871,38706.80665195871,2697.998520518986,17814.0320649509,56520.83871690961,19673.567581087427,15729.984168653453,1612.741863163722,1612.741863163722,0.0,1343.1421441077855,1571.5927796937387,X_uniform75,1200.0
2025-09-15,64286.54458138204,39774.90036133288,200.56123998241264,1392.9542557707066,41167.854617103585,21591.731285816386,17556.339260487814,5384.6831627025485,2417.679298628198,2967.00386407435,1571.5927796937387,1497.1073141642466,X_uniform75,1200.0
2025-09-16,64261.036647705696,40003.565519685064,133.55603602136466,579.4788059589056,40583.04432564397,20603.423235838814,16956.16940377726,1255.5688683321778,673.8339627638668,581.7349055683111,1497.1073141642466,1200.0,X_uniform75,1200.0
2025-09-17,66071.38721047559,40884.27309656381,7.629166666666606,34.708893749999724,40918.98199031381,21804.06358077861,17432.436405618166,1747.270801981812,1747.270801981812,0.0,1200.0,1454.2834386805682,X_uniform75,1200.0
2025-09-18,65053.16109113984,40414.70186836653,174.55867743552236,1016.9007161532404,41431.60258451977,21323.932297227755,17279.688162472874,2227.424517153818,1573.6141920850234,653.8103250687946,1454.2834386805682,1446.1689923267986,X_uniform75,1200.0
2025-09-19,31152.215518528195,17516.650845583525,894.4406865772531,3553.0516516411076,21069.702497224633,14752.981431672833,12171.467052749116,13363.789509515067,439.0346928483974,12924.75481666667,1446.1689923267986,1200.0,X_uniform75,1200.0
2025-09-20,32706.63496403263,18078.276405990342,162.357382482428,595.7752317978398,18674.051637788183,15876.786570199747,12464.051747379865,13810.823790361843,260.2630903618417,13550.560700000002,1200.0,1640.1615272021481,X_uniform75,1200.0
2025-09-21,68460.7960097018,42297.14125900679,0.0,0.0,42297.14125900679,20459.73274937951,16050.169522371634,5763.745299360585,3529.9122993605843,2233.8330000000005,1640.1615272021481,2220.399310119673,X_uniform75,1200.0
2025-09-22,66392.80202584714,41425.27562815277,300.5084235320288,1539.7124903034628,42964.988118456225,19690.92651817278,16729.82660535721,3118.190653230263,939.5916198969295,2178.5990333333334,2220.399310119673,1353.5369483004845,X_uniform75,1200.0
2025-09-23,69721.92524774585,43305.48443763799,248.8690806203011,1620.3098515454112,44925.7942891834,21566.454348134834,17090.111067035825,3377.8354639338177,2139.72477813466,1238.1106857991579,1353.5369483004845,1774.3335649153591,X_uniform75,1200.0
2025-09-24,69082.2636747803,43056.3096470604,0.0,0.0,43056.3096470604,21289.617786447685,16928.602714584245,3658.023502916863,1805.2370348882116,1852.7864680286514,1774.3335649153591,2125.4310009580036,X_uniform75,1200.0
2025-09-25,68780.83458080956,43078.25725356298,0.0,0.0,43078.25725356298,20010.840352045503,16467.087008748706,4901.632337512757,2409.3822083394252,2492.250129173332,2125.4310009580036,1838.4239747448432,X_uniform75,1200.0
2025-09-26,31957.163055526755,18084.563889636993,23.070411072338096,79.58138299403025,18164.145272631024,14921.541950304418,12577.534686663472,11941.982702958148,952.709436291479,10989.273266666669,1838.4239747448432,1292.7731892816296,X_uniform75,1200.0
2025-09-27,33770.24747407259,18893.055439857217,0.0,0.0,18893.055439857217,16129.179146067148,13119.152295556694,12958.918373562132,100.11305668468894,12858.805316877442,1292.7731892816296,1232.1985367901884,X_uniform75,1200.0
2025-09-28,71449.47312411215,44292.93352356882,218.7325445431977,1058.479547570242,45351.41307113906,22978.43921994445,17492.375447108112,2694.512729152341,2694.512729152341,0.0,1232.1985367901884,2476.8211157311816,X_uniform75,1200.0
2025-09-29,70534.38041922144,44111.28261101642,26.015016666666725,134.7362566666671,44246.01886768308,20439.196954057807,16967.515005914247,4328.82188774456,2911.2481795149833,1417.5737082295766,2476.8211157311816,2019.303923367385,X_uniform75,1200.0
2025-09-30,72010.03411187354,45301.271348095,27.808404766277818,187.88748680335607,45489.15883489835,21945.198284866652,17597.516479802827,2267.98594490933,1875.7969911153293,392.18895379400084,2019.303923367385,2217.186291077564,X_uniform75,1200.0
2025-10-01,72282.49154365217,45225.863005869185,0.0,0.0,45225.863005869185,18854.668398526905,13707.476511749923,17473.778123541855,10228.771395452766,7245.006728089091,2217.186291077564,3955.858392251862,X_uniform75,1200.0
2025-10-02,68283.37963180944,43032.97751781869,0.0,0.0,43032.97751781869,18428.518991995803,14918.51648943084,13042.594012577807,7562.596982513607,5479.997030064199,3955.858392251862,3965.3960523471483,X_uniform75,1200.0
2025-10-03,29800.27050078225,16845.7375132128,0.0,0.0,16845.7375132128,13483.540586432484,11436.270161882874,19935.846376232643,1460.544656867179,18475.301719365463,3965.3960523471483,3393.615733599856,X_uniform75,1200.0
2025-10-04,32476.52281701017,18352.332879904447,0.0,0.0,18352.332879904447,14358.458249185649,11280.560909237078,16302.643043728263,1333.0365771206266,14969.606466607636,3393.615733599856,3782.271592047963,X_uniform75,1200.0
2025-10-05,66293.57366437894,41614.0716186164,0.0,0.0,41614.0716186164,18879.63785532536,15238.987566412217,7916.962308799133,4600.526115267071,3316.4361935320626,3782.271592047963,3841.737254716098,X_uniform75,1200.0
2025-10-06,68711.82560810323,43751.11043651297,0.0,0.0,43751.11043651297,18542.268145711598,14966.590089331274,7403.038301722904,4913.236515449889,2489.801786273015,3841.737254716098,3900.2340421551203,X_uniform75,1200.0
2025-10-07,67696.25200414658,42998.77831742217,0.0,0.0,42998.77831742217,19508.758189509925,15654.153384338808,6070.084198975458,4417.909180110754,1652.1750188647034,3900.2340421551203,4064.6126523375983,X_uniform75,1200.0
2025-10-08,62337.07644848351,38492.00666972316,0.0,0.0,38492.00666972316,18367.30654727169,16791.110043528683,4282.384278073837,2627.6267668177393,1654.7575112560976,4064.6126523375983,1938.3996076280255,X_uniform75,1200.0
2025-10-09,65336.89492409953,39964.424990501495,0.0,0.0,39964.424990501495,20381.125855699127,16635.651596208936,5831.438981276008,2718.4489822083187,3112.9899990676895,1938.3996076280255,1797.3555486362004,X_uniform75,1200.0
2025-10-10,31013.711968583084,16290.105116886787,0.0,0.0,16290.105116886787,15286.922718937492,12648.53520560077,19031.713538579697,189.82378955726742,18841.88974902243,1797.3555486362004,1501.657989456868,X_uniform75,1200.0
2025-10-11,33007.85535928256,17255.941488989843,0.0,0.0,17255.941488989843,16170.026833657692,12604.00762734558,15335.522569637116,353.8532016834258,14981.66936795369,1501.657989456868,2050.229220475928,X_uniform75,1200.0
2025-10-12,66445.97789375683,40768.11750820053,20.929933333333338,98.03580773333336,40866.153315933865,20208.377136598847,16517.902450145197,4261.477157303182,2942.0762907651642,1319.4008665380181,2050.229220475928,1884.5436988091176,X_uniform75,1200.0
2025-10-13,67173.5785950329,41335.6143407678,0.0,0.0,41335.6143407678,20442.067515151506,16474.664884835478,6178.780664716868,3550.629588141186,2628.151076575682,1884.5436988091176,1977.2212570727231,X_uniform75,1200.0
2025-10-14,66347.31795469635,40776.63309420195,38.051298966205835,179.2596694297957,40955.892763631746,21168.360900319916,17588.627999766148,2031.8070697754476,1652.8019380292437,379.0051317462039,1977.2212570727231,1485.8260676204843,X_uniform75,1200.0
2025-10-15,67139.2039822518,41306.843712276284,0.0,0.0,41306.843712276284,21250.87668644627,17062.60608101461,1030.9097268201367,1030.9097268201367,0.0,1485.8260676204843,1653.1638842947837,X_uniform75,1200.0
2025-10-16,67914.11750262904,41931.35279428092,793.9212553832651,5523.801726557432,47455.154520838354,21613.4687725268,17489.471036407882,1617.568071893383,1176.181446309357,441.3866255840258,1653.1638842947837,1672.5401835601547,X_uniform75,1200.0
2025-10-17,32835.96655388118,17418.317200687685,0.0,0.0,17418.317200687685,15537.093006490102,12642.681172313527,13937.355403037942,852.849530637913,13084.50587240003,1672.5401835601547,1608.5003646084388,X_uniform75,1200.0
2025-10-18,33134.52461718022,17593.846498779694,0.0,0.0,17593.846498779694,15828.671552612532,12326.854971055482,13556.11476895651,322.86195880591254,13233.252810150598,1608.5003646084388,2157.79923856474,X_uniform75,1200.0
2025-10-19,69698.93319529787,42831.22027240058,583.1881192895997,4059.2291526401714,46890.44942504075,21698.457408651197,17831.975142283314,2529.916514886256,2098.362610236983,431.55390464927314,2157.79923856474,1873.1051927026922,X_uniform75,1200.0
2025-10-20,71144.45080033623,43998.72630803872,594.8606233307592,2860.163532479182,46858.8898405179,21435.2454711689,17476.385112429496,3339.6686982609135,3339.6686982609135,0.0,1873.1051927026922,1746.6204362774895,X_uniform75,1200.0
2025-10-21,72378.6801107019,44652.60248049387,51.76125291634443,257.5462924731842,44910.148772967055,22225.774195138998,17775.610587475494,1517.69640595474,1517.69640595474,0.0,1746.6204362774895,1999.138781374264,X_uniform75,1200.0
2025-10-22,72301.5063375574,44528.04357923684,1003.6945457397926,4854.009679923444,49382.05325916028,21161.504450628963,17432.81639391035,4021.6161265785745,3184.524803624363,837.0913229542115,1999.138781374264,1674.696793706602,X_uniform75,1200.0
2025-10-23,73817.85218005306,45669.77872785801,0.0,0.0,45669.77872785801,21838.714129988424,17475.289755070273,6074.930771801573,4988.591814431849,1086.3389573697243,1674.696793706602,1912.5508939514352,X_uniform75,1200.0
2025-10-24,32808.07189644763,17477.6650252522,0.0,0.0,17477.6650252522,16400.192820121574,13643.836767591869,11631.66512725126,273.70626984223065,11357.95885740903,1912.5508939514352,1512.905801403224,X_uniform75,1200.0
2025-10-25,33932.48160049727,17913.472598181605,0.0,0.0,17913.472598181605,16315.034145619136,13190.618800490001,11409.6335220348,536.7806707557723,10872.852851279027,1512.905801403224,1540.1934208048883,X_uniform75,1200.0
2025-10-26,74821.05675895615,46274.9078338067,0.0,0.0,46274.9078338067,21728.530612307743,16866.32565521088,5414.539785192626,4254.941517634428,1159.598267558198,1540.1934208048883,2355.509132758656,X_uniform75,1200.0
2025-10-27,73579.02153378572,45671.92543168784,0.0,0.0,45671.92543168784,21014.286366763256,17507.875467449143,6520.028967804938,4927.113584471604,1592.9153833333335,2355.509132758656,1815.171899013206,X_uniform75,1200.0
2025-10-28,73929.0323279345,45701.038209522805,0.0,0.0,45701.038209522805,22081.6020229932,17820.006636234193,3695.0152411754966,3366.612286442986,328.4029547325109,1815.171899013206,1888.606346113539,X_uniform75,1200.0
2025-10-29,73263.25094980103,45524.54477438082,915.673315244758,5315.4609925340565,50840.005766914874,22260.840391922906,18329.887282351363,935.7143554742522,935.7143554742522,0.0,1888.606346113539,1556.821274009307,X_uniform75,1200.0
2025-10-30,74311.06913797038,46077.87408261512,0.0,0.0,46077.87408261512,21926.614725069056,17557.539498174196,5154.176261075522,3842.9623444088556,1311.213916666667,1556.821274009307,1782.3973063779126,X_uniform75,1200.0
2025-10-31,34588.42390524072,18763.167610702287,0.0,0.0,18763.167610702287,16833.138064588216,13403.015319162292,7254.009093148132,655.7045562565496,6598.304536891582,1782.3973063779126,2039.982320993652,X_uniform75,1200.0
2025-11-01,34178.07543913709,18488.52621277503,0.0,0.0,18488.52621277503,16757.40399970986,13319.390323637514,8196.023329731412,597.5187300013288,7598.504599730083,2039.982320993652,2322.3233389130687,X_uniform75,1200.0
2025-11-02,75547.66441983433,47102.54850924171,0.0,0.0,47102.54850924171,22854.283208703688,18969.342844896524,2866.340122693833,2866.340122693833,0.0,2322.3233389130687,1814.1306213058085,X_uniform75,1200.0
2025-11-03,77022.37141076749,48229.044632499004,0.0,0.0,48229.044632499004,21834.82055157578,17305.182720481378,2987.8032963397573,2457.1008463397575,530.70245,1814.1306213058085,2237.4883171891443,X_uniform75,1200.0
2025-11-04,77227.3391717071,48409.71011526573,11.621666666666556,52.8727724999995,48462.582887765726,20785.908228139066,17250.310462262445,6123.291039163818,5059.9755058304845,1063.315533333333,2237.4883171891443,1777.7940977782478,X_uniform75,1200.0
2025-11-05,79018.65297791359,49753.44836543975,0.0,0.0,49753.44836543975,22134.9312776817,17305.233258454205,4510.934892019432,3668.7570920194307,842.1778000000005,1777.7940977782478,2471.1952938537793,X_uniform75,1200.0
2025-11-06,77231.96935483045,48670.55006963025,485.5175557818637,2376.4098581844937,51046.959927814736,22010.59114088111,18222.55281853872,2559.8640382699205,2559.8640382699205,0.0,2471.1952938537793,2033.4464111593174,X_uniform75,1200.0
2025-11-07,35348.63304413149,19280.967451477867,0.0,0.0,19280.967451477867,17765.391378994853,14168.991218121395,8433.771099924703,951.8249420487127,7481.94615787599,2033.4464111593174,2278.9750765642484,X_uniform75,1200.0
2025-11-08,35068.788415244686,18899.481845312588,0.0,0.0,18899.481845312588,16557.861645538498,13397.771585241795,8117.491254947979,630.0603694994624,7487.430885448516,2278.9750765642484,2294.6376850580136,X_uniform75,1200.0
2025-11-09,79259.07884620085,50013.69453276946,0.0,0.0,50013.69453276946,21574.004003125083,17510.266441314943,3848.5241010573814,3235.8280010573812,612.6960999999999,2294.6376850580136,2255.389686409537,X_uniform75,1200.0
2025-11-10,79495.98278054132,50129.642042628075,0.0,0.0,50129.642042628075,21968.38575219527,18166.676883426913,1835.8308117729641,1632.052561772964,203.77825000000007,2255.389686409537,1841.7403262442645,X_uniform75,1200.0
2025-11-11,80326.32522184387,50802.2159519213,0.0,0.0,50802.2159519213,21723.5510870747,17352.790977271085,4396.545445373593,3969.8293453735932,426.71609999999976,1841.7403262442645,2112.057440976952,X_uniform75,1200.0
2025-11-12,80855.89518632276,51114.7637629037,0.0,0.0,51114.7637629037,21375.43464659247,17467.77397857542,5992.246768305701,5401.962972238399,590.2837960673021,2112.057440976952,1941.3108689374817,X_uniform75,1200.0
2025-11-13,80913.38665707796,51221.45476854585,0.0,0.0,51221.45476854585,21031.804065022006,16963.383137194985,4449.094412584275,4182.207079250942,266.88733333333334,1941.3108689374817,2021.7310416850837,X_uniform75,1200.0
2025-11-14,36447.96614124102,19831.642004609337,0.0,0.0,19831.642004609337,17301.538777199963,13831.928727763578,5379.9007918046345,655.9329898181999,4723.967801986434,2021.7310416850837,2224.306243649965,X_uniform75,1200.0
2025-11-15,35955.080235235444,19522.421355749582,0.0,0.0,19522.421355749582,17592.004825581873,14364.73317715867,4515.921670145579,922.5185429071106,3593.403127238468,2224.306243649965,2096.2959453862404,X_uniform75,1200.0
2025-11-16,82267.8685268033,52203.205363525645,0.0,0.0,52203.205363525645,22546.5658449213,18305.01105121971,3591.7693497683804,3321.5686831017133,270.2006666666671,2096.2959453862404,2049.3040377935145,X_uniform75,1200.0
2025-11-17,83350.29751243253,53065.69094105286,0.0,0.0,53065.69094105286,21524.69398093839,17278.4091138867,6408.2583120475165,6139.096962047516,269.1613500000003,2049.3040377935145,2223.2962718750628,X_uniform75,1200.0
2025-11-18,82266.41413134834,52260.21170518338,0.0,0.0,52260.21170518338,21595.871444359298,17682.065023080988,3462.055876736695,3390.916693403362,71.13918333333322,2223.2962718750628,2012.841657263991,X_uniform75,1200.0
2025-11-19,82454.34430557882,52352.270919283364,1.384999999999991,6.301057499999959,52358.571976783365,22864.1076322541,18747.48930085861,2970.799374183333,2865.7198408499994,105.0795333333333,2012.841657263991,1759.9948586720054,X_uniform75,1200.0
2025-11-20,83558.37102235672,53093.96093359948,0.0,0.0,53093.96093359948,22115.317038400277,17745.540055716512,4395.518006339617,4301.080273006284,94.43773333333331,1759.9948586720054,1946.5134646583572,X_uniform75,1200.0
2025-11-21,36683.51420069833,19959.484468997824,0.0,0.0,19959.484468997824,18004.136886572298,14510.010438608488,4325.003686067851,850.9324215064536,3474.0712645613976,1946.5134646583572,2028.0028418973325,X_uniform75,1200.0
2025-11-22,37661.18512435409,20332.950415271862,0.0,0.0,20332.950415271862,18036.76496604811,14581.711395375192,3986.3020703478364,797.6923879376022,3188.609682410234,2028.0028418973325,2059.1897609237544,X_uniform75,1200.0
2025-11-23,84586.9056210995,53760.23858613589,0.0,0.0,53760.23858613589,23089.945141712447,18704.26865321472,4969.132849268447,4580.844992636601,388.28785663184624,2059.1897609237544,2057.6196626708333,X_uniform75,1200.0
2025-11-24,83565.58244861665,52968.84677827594,0.0,0.0,52968.84677827594,21231.48379444039,17813.350929526136,5985.505883702396,5674.803750369062,310.70213333333345,2057.6196626708333,1373.3429337492626,X_uniform75,1200.0
2025-11-25,85054.52341021314,53849.5108551687,0.0,0.0,53849.5108551687,23376.59024445364,18574.42824007351,4083.7009391663364,3983.6943558330026,100.00658333333354,1373.3429337492626,1774.0205536758667,X_uniform75,1200.0
2025-11-26,85198.91351192437,54055.177230688205,0.0,0.0,54055.177230688205,23780.844382066633,18891.21912446918,3551.621370993587,3548.6730376602536,2.9483333333333803,1774.0205536758667,2186.5370259034153,X_uniform75,1200.0
2025-11-27,84497.8928715258,53810.705246288184,0.0,0.0,53810.705246288184,22175.075800875307,18084.0691879939,4625.993525311056,4411.98070864439,214.0128166666666,2186.5370259034153,2050.695037809086,X_uniform75,1200.0
2025-11-28,37811.56770896605,20250.556887834573,0.0,0.0,20250.556887834573,18570.85461304456,15269.535867880037,3589.0104138015286,619.7608237922522,2969.2495900092763,2050.695037809086,1798.3132252380442,X_uniform75,1200.0
2025-11-29,38921.06517654042,20867.106444728648,0.0,0.0,20867.106444728648,18779.19026173291,15085.467597319412,297.8924121269192,297.8924121269192,0.0,1798.3132252380442,1937.953797109429,X_uniform75,1200.0
2025-11-30,85755.09443986382,54439.48394838453,0.0,0.0,54439.48394838453,24676.001890288026,20188.644093920677,1022.9085268298044,1022.9085268298044,0.0,1937.953797109429,1714.5287273456765,X_uniform75,1200.0
2025-12-01,86957.12589207636,55254.28649914813,4193.490138562119,21268.71548927354,76523.00198842167,24658.411721936423,20138.135775532544,331.412350901267,331.412350901267,0.0,1714.5287273456765,1531.3928598300774,X_uniform75,1200.0
2025-12-02,88124.25385059226,55933.75093620276,4969.381417451532,25848.708027100663,81782.45896330343,23917.75724962101,19498.065681248623,36.13374967140635,36.13374967140635,0.0,1531.3928598300774,1392.856960879417,X_uniform75,1200.0
2025-12-03,89556.45609128341,57097.51102626463,2308.534887620494,11970.796142763444,69068.30716902806,24299.34364160581,19827.705252648007,230.6040232794369,230.6040232794369,0.0,1392.856960879417,1231.4826242712975,X_uniform75,1200.0
2025-12-04,90262.99631445053,57570.67429992964,2940.3244682612763,14479.900467594221,72050.57476752387,24867.21560682868,20088.321883711003,1653.2183095941343,1653.2183095941343,0.0,1231.4826242712975,1291.6190218493143,X_uniform75,1200.0
2025-12-05,45035.74996440371,23921.27989472935,1092.4254289601292,5509.761104209479,29431.040998938828,21108.326768988183,17180.201802544812,888.4227435871304,888.4227435871304,0.0,1291.6190218493143,1200.0,X_uniform75,1200.0
2025-12-06,45759.17621520531,23968.183404124262,1972.0474652817352,11578.060224170931,35546.2436282952,20068.55068556149,16093.947359214253,91.98953747314249,91.98953747314249,0.0,1200.0,1379.5318845450597,X_uniform75,1200.0
2025-12-07,92958.62974056862,59158.15073358479,344.1461421915908,1971.8414777072849,61129.992211292076,25855.99500345254,20710.09313136159,504.19276066926886,504.19276066926886,0.0,1379.5318845450597,1638.7127972505743,X_uniform75,1200.0
2025-12-08,101395.20756140229,65512.9255071741,0.0,0.0,65512.9255071741,23000.693937305266,18267.29906430013,8814.601571730487,8814.601571730487,0.0,1638.7127972505743,2042.3383804918396,X_uniform75,1200.0
2025-12-09,101013.66755942658,65466.2684340821,0.0,0.0,65466.2684340821,23255.251083967985,18878.55565138942,9248.51786018135,9248.51786018135,0.0,2042.3383804918396,1995.8914100747834,X_uniform75,1200.0
2025-12-10,99918.45360744167,64440.460608601985,0.0,0.0,64440.460608601985,22765.70037225927,18640.74824682767,7405.8830153434,7405.8830153434,0.0,1995.8914100747834,1773.0792486329403,X_uniform75,1200.0
2025-12-11,101118.7859727761,65453.747712189695,0.0,0.0,65453.747712189695,22608.737085699173,18044.83888144814,10593.633068525052,10593.633068525052,0.0,1773.0792486329403,2071.1216463753776,X_uniform75,1200.0
2025-12-12,53325.9611176483,28709.8368393394,0.0,0.0,28709.8368393394,18503.127549602887,15298.81557924065,6407.235663952735,4435.731518734888,1971.5041452178477,2071.1216463753776,1725.2524640839213,X_uniform75,1200.0
2025-12-13,54912.73470019847,29271.93603333147,0.0,0.0,29271.93603333147,19604.3512228168,15436.84129321131,6946.691387259642,5541.101753926309,1405.5896333333335,1725.2524640839213,2217.122683273144,X_uniform75,1200.0
2025-12-14,100612.36984371339,64772.28716382341,0.0,0.0,64772.28716382341,23937.15606213904,19270.903045358787,7167.395026933134,7167.395026933134,0.0,2217.122683273144,2348.4486443551855,X_uniform75,1200.0
2025-12-15,99997.30457964427,64642.770545535124,0.0,0.0,64642.770545535124,23048.0310141603,19054.184340499436,6533.899939316748,6533.899939316748,0.0,2348.4486443551855,1920.3606232111938,X_uniform75,1200.0
2025-12-16,100916.50964935117,65373.68579259745,0.0,0.0,65373.68579259745,23264.86245838694,18874.33143786325,7107.887295494149,7107.887295494149,0.0,1920.3606232111938,1887.2574603558337,X_uniform75,1200.0
2025-12-17,100904.95635268296,65046.50059439402,0.0,0.0,65046.50059439402,23021.710071126872,18563.77839700802,8255.177611897443,8255.177611897443,0.0,1887.2574603558337,1980.3760832499981,X_uniform75,1200.0
2025-12-18,99890.8152183538,64565.05494028604,0.0,0.0,64565.05494028604,23517.829603851555,19165.465771528896,8172.184419364469,8172.184419364469,0.0,1980.3760832499981,1851.4607583509649,X_uniform75,1200.0
2025-12-19,54348.05978774663,29229.076442619156,0.0,0.0,29229.076442619156,18316.23053695241,15281.212857177528,8404.650807971746,6066.380825255696,2338.26998271605,1851.4607583509649,1356.9428447442197,X_uniform75,1200.0
2025-12-20,54710.28858380055,29191.568359659486,0.0,0.0,29191.568359659486,19722.960203056195,15541.780701149617,7672.756831893979,5277.386118097591,2395.3707137963884,1356.9428447442197,1838.9618039952202,X_uniform75,1200.0
2025-12-21,100336.97632381387,64580.38535362951,0.0,0.0,64580.38535362951,24054.428943575454,19066.20393633807,6310.969449909824,6310.969449909824,0.0,1838.9618039952202,2303.276812837495,X_uniform75,1200.0
2025-12-22,100040.4884797306,64656.44853636823,7.862578097517144,43.07120281819891,64699.519739186435,23111.88460713893,19214.018667280383,7213.058034636242,7213.058034636242,0.0,2303.276812837495,1755.0633289509972,X_uniform75,1200.0
2025-12-23,100603.71735943503,64946.44964463136,0.0,0.0,64946.44964463136,23336.663780489853,18655.788238397654,8664.749284009493,8664.749284009493,0.0,1755.0633289509972,2029.4071331722519,X_uniform75,1200.0
2025-12-24,99532.07226172535,64168.73116774207,0.0,0.0,64168.73116774207,23559.334637787895,19346.2469495175,7464.42525678828,7464.42525678828,0.0,2029.4071331722519,1736.9783632730243,X_uniform75,1200.0
2025-12-25,99661.97151043991,64192.569576649286,0.0,0.0,64192.569576649286,23414.054439237527,18828.797710765866,7264.266248634907,7264.266248634907,0.0,1736.9783632730243,1888.7410132913906,X_uniform75,1200.0
2025-12-26,53190.889599121314,28642.555529568737,0.0,0.0,28642.555529568737,19339.526358688436,15541.14739725212,6384.888204351661,4764.541624212117,1620.3465801395446,1888.7410132913906,2026.3731836086276,X_uniform75,1200.0
2025-12-27,53147.19475721543,28282.70577558104,0.0,0.0,28282.70577558104,19184.262639313518,15553.591037982455,6177.7140892177,4438.153772551034,1739.5603166666665,2026.3731836086276,2010.4417390102903,X_uniform75,1200.0
2025-12-28,99556.87965017183,64011.03458679998,45.08022883731235,263.3361567531601,64274.37074355314,23236.177335179607,18409.890550042583,7966.4183438721175,7966.4183438721175,0.0,2010.4417390102903,2467.5673961801717,X_uniform75,1200.0
2025-12-29,99069.32211679597,63988.8604552454,0.0,0.0,63988.8604552454,22290.71695495374,18487.50851380206,7742.34740897762,7742.34740897762,0.0,2467.5673961801717,1987.5365291918029,X_uniform75,1200.0
2025-12-30,97990.55665503533,63027.88493898288,44.903072238629306,262.3012964819531,63290.18623546483,23333.71075136758,18826.454451539663,7303.800827446031,7303.800827446031,0.0,1987.5365291918029,2069.5934814896636,X_uniform75,1200.0
2025-12-31,97058.24778480711,62438.931278063035,0.0,0.0,62438.931278063035,24275.356527242235,19881.424720685485,4017.8930449170343,4017.8930449170343,0.0,2069.5934814896636,1826.9424441349065,X_uniform75,1200.0
